file_name,sheet,column,dtype,non_null,unique_values,sample_values
bio.csv,default,subject,int64,45,45,1 | 2 | 3
bio.csv,default,Age,int64,45,28,27 | 49 | 59
bio.csv,default,Gender,str,45,2,M | F
bio.csv,default,BMI,float64,45,45,22.26523858 | 30.94674189 | 26.94868993
bio.csv,default,Body weight ,float64,45,44,133.8 | 169.2 | 157.0
bio.csv,default,Height ,float64,45,17,65.0 | 62.0 | 64.0
bio.csv,default,Self-identify ,str,45,4,Hispanic/Latino | White | African American
bio.csv,default,A1c PDL (Lab),float64,45,28,5.4 | 5.5 | 6.5
bio.csv,default,Fasting GLU - PDL (Lab),int64,45,38,91 | 93 | 118
bio.csv,default,Insulin ,float64,45,40,2.5 | 14.8 | 17.4
bio.csv,default,Triglycerides,int64,45,39,67 | 61 | 154
bio.csv,default,Cholesterol,int64,45,42,216 | 181 | 190
bio.csv,default,HDL,int64,45,30,74 | 91 | 46
bio.csv,default,Non HDL ,int64,45,41,142 | 90 | 116
bio.csv,default,LDL (Cal),int64,45,36,130 | 78 | 90
bio.csv,default,VLDL (Cal),int64,45,26,13 | 12 | 31
bio.csv,default,Cho/HDL Ratio,float64,45,35,2.9 | 2.0 | 2.6
bio.csv,default,Collection time PDL (Lab),str,45,33,11:06:00 AM | 7:38:00 AM | 7:25:00 AM
bio.csv,default,#1 Contour Fingerstick GLU,int64,45,39,89 | 91 | 119
bio.csv,default,Time (t),str,45,34,9:40 | 7:52 | 7:38
bio.csv,default, #2 Contour Fingerstick GLU,int64,45,42,73 | 123 | 166
bio.csv,default,Time (t).1,str,45,40,12:11 | 9:21 | 9:23
bio.csv,default,#3 Contour Fingerstick GLU,int64,45,32,81 | 80 | 98
bio.csv,default,Time (t).2,str,45,38,13:18 | 10:22 | 10:23
CGMacros-001.csv,default,Unnamed: 0,int64,14730,14730,0 | 1 | 2
CGMacros-001.csv,default,Timestamp,str,14730,14730,2020-05-01 10:30:00 | 2020-05-01 10:31:00 | 2020-05-01 10:32:00
CGMacros-001.csv,default,Libre GL,float64,14730,882,84.0 | 84.13333333333334 | 84.26666666666667
CGMacros-001.csv,default,Dexcom GL,float64,14265,512,141.0 | 144.6 | 148.2
CGMacros-001.csv,default,HR,float64,14618,126,56.0 | 57.0 | 54.0
CGMacros-001.csv,default,Calories (Activity),float64,14730,84,1.04840004444122 | 1.15323996543884 | 3.56455993652344
CGMacros-001.csv,default,METs,float64,14729,84,10.0 | 11.0 | 34.0
CGMacros-001.csv,default,Meal Type,str,43,4,Lunch | Dinner | Snacks
CGMacros-001.csv,default,Calories,float64,43,33,1170.0 | 80.0 | 110.0
CGMacros-001.csv,default,Carbs,float64,43,24,85.0 | 18.0 | 24.0
CGMacros-001.csv,default,Protein,float64,43,22,88.0 | 0.0 | 22.0
CGMacros-001.csv,default,Fat,float64,43,19,54.2 | 0.0 | 2.0
CGMacros-001.csv,default,Fiber,float64,42,6,12.0 | 0.0 | 3.0
CGMacros-001.csv,default,Amount Consumed ,float64,43,1,100.0
CGMacros-001.csv,default,Image path,str,81,81,photos/00000005-PHOTO-2020-5-1-14-23-0.jpg | photos/00000006-PHOTO-2020-5-1-14-53-0.jpg | photos/00000007-PHOTO-2020-5-1-20-48-0.jpg
CGMacros-002.csv,default,Unnamed: 0,int64,17025,17025,0 | 1 | 2
CGMacros-002.csv,default,Timestamp,str,17025,17025,2019-11-15 20:12:00 | 2019-11-15 20:13:00 | 2019-11-15 20:14:00
CGMacros-002.csv,default,Libre GL,float64,17025,1710,56.0 | 54.93333333333333 | 53.86666666666667
CGMacros-002.csv,default,Dexcom GL,float64,13677,764,146.8 | 146.4 | 146.0
CGMacros-002.csv,default,HR,float64,14286,73,82.0 | 81.0 | 79.0
CGMacros-002.csv,default,Calories (Activity),float64,14628,48,0.931200027 | 1.024320006 | 1.117439985
CGMacros-002.csv,default,METs,float64,14628,48,10.0 | 11.0 | 12.0
CGMacros-002.csv,default,Meal Type,str,37,4,Breakfast | Lunch | Snacks
CGMacros-002.csv,default,Calories,float64,37,32,448.0 | 830.0 | 192.0
CGMacros-002.csv,default,Carbs,float64,37,26,66.0 | 92.0 | 0.0
CGMacros-002.csv,default,Protein,float64,37,22,22.0 | 17.0 | 7.0
CGMacros-002.csv,default,Fat,float64,37,19,10.5 | 42.0 | 0.0
CGMacros-002.csv,default,Fiber,float64,37,9,0.0 | 10.0 | 2.0
CGMacros-002.csv,default,Amount Consumed,float64,37,3,100.0 | 50.0 | 80.0
CGMacros-002.csv,default,Image path,str,75,75,photos/00000008-PHOTO-2019-11-16-10-3-0.jpg | photos/00000009-PHOTO-2019-11-16-10-19-0.jpg | photos/00000011-PHOTO-2019-11-16-13-27-0.jpg
CGMacros-003.csv,default,Unnamed: 0,int64,14565,14565,0 | 1 | 2
CGMacros-003.csv,default,Timestamp,str,14565,14565,2020-03-11 09:03:00 | 2020-03-11 09:04:00 | 2020-03-11 09:05:00
CGMacros-003.csv,default,Libre GL,float64,14565,2116,155.0 | 153.93333333333334 | 152.86666666666667
CGMacros-003.csv,default,Dexcom GL,float64,14260,758,102.0 | 101.2 | 100.4
CGMacros-003.csv,default,HR,float64,14478,94,78.0 | 81.0 | 77.0
CGMacros-003.csv,default,Calories (Activity),float64,14565,46,1.061640024 | 1.150110006 | 2.300220013
CGMacros-003.csv,default,METs,int64,14565,46,12 | 13 | 26
CGMacros-003.csv,default,Meal Type,str,35,4,Lunch | Dinner | Breakfast
CGMacros-003.csv,default,Calories,float64,35,29,1180.0 | 360.0 | 448.0
CGMacros-003.csv,default,Carbs,float64,35,24,81.0 | 57.0 | 66.0
CGMacros-003.csv,default,Protein,float64,35,20,88.0 | 12.0 | 22.0
CGMacros-003.csv,default,Fat,float64,35,19,54.5 | 1.0 | 10.5
CGMacros-003.csv,default,Fiber,float64,35,13,18.0 | 9.0 | 0.0
CGMacros-003.csv,default,Amount Consumed,float64,35,5,50.0 | 100.0 | 90.0
CGMacros-003.csv,default,Image path,str,64,64,photos/00000005-PHOTO-2020-3-11-12-9-0.jpg | photos/00000006-PHOTO-2020-3-11-12-36-0.jpg | photos/00000007-PHOTO-2020-3-11-19-38-0.jpg
CGMacros-004.csv,default,Unnamed: 0,int64,14275,14275,0 | 1 | 2
CGMacros-004.csv,default,Timestamp,str,14275,14275,2023-09-11 09:54:00 | 2023-09-11 09:55:00 | 2023-09-11 09:56:00
CGMacros-004.csv,default,Dexcom GL,float64,14275,549,112.0 | 111.8 | 111.6
CGMacros-004.csv,default,Libre GL,float64,14055,1311,73.0 | 73.2 | 73.4
CGMacros-004.csv,default,HR,float64,14235,86,78.0 | 77.0 | 80.0
CGMacros-004.csv,default,Calories (Activity),float64,14275,54,1.597200036 | 1.73029995 | 5.590199947
CGMacros-004.csv,default,METs,int64,14275,54,12 | 13 | 42
CGMacros-004.csv,default,Meal Type,str,62,4,Lunch | Dinner | Breakfast
CGMacros-004.csv,default,Calories,float64,62,52,1180.0 | 1038.0 | 330.0
CGMacros-004.csv,default,Carbs,float64,62,44,81.0 | 108.0 | 41.0
CGMacros-004.csv,default,Protein,float64,62,32,88.0 | 46.0 | 6.0
CGMacros-004.csv,default,Fat,float64,62,34,54.5 | 45.0 | 6.0
CGMacros-004.csv,default,Fiber,float64,62,16,18.0 | 13.0 | 0.0
CGMacros-004.csv,default,Amount Consumed,float64,62,1,100.0
CGMacros-004.csv,default,Image path,str,115,115,photos/00000005-PHOTO-2023-9-11-11-30-0.jpg | photos/00000006-PHOTO-2023-9-11-11-39-0.jpg | photos/00000007-PHOTO-2023-9-11-18-57-0.jpg
CGMacros-005.csv,default,Unnamed: 0,int64,14460,14460,0 | 1 | 2
CGMacros-005.csv,default,Timestamp,str,14460,14460,2020-08-17 11:14:00 | 2020-08-17 11:15:00 | 2020-08-17 11:16:00
CGMacros-005.csv,default,Libre GL,float64,14460,2163,109.0 | 110.0 | 111.0
CGMacros-005.csv,default,Dexcom GL,float64,14275,1058,147.0 | 145.6 | 144.2
CGMacros-005.csv,default,HR,float64,14283,94,86.0 | 83.0 | 81.0
CGMacros-005.csv,default,Calories (Activity),float64,14438,66,1.03025996685028 | 2.43515992164612 | 2.24783992767334
CGMacros-005.csv,default,METs,float64,14438,66,11.0 | 26.0 | 24.0
CGMacros-005.csv,default,Meal Type,str,46,4,Lunch | dinner | Breakfast
CGMacros-005.csv,default,Calories,float64,46,41,1180.0 | 410.0 | 448.0
CGMacros-005.csv,default,Carbs,float64,46,31,81.0 | 61.0 | 66.0
CGMacros-005.csv,default,Protein,float64,46,23,88.0 | 24.0 | 22.0
CGMacros-005.csv,default,Fat,float64,46,21,54.5 | 6.0 | 10.5
CGMacros-005.csv,default,Fiber,float64,46,14,18.0 | 9.0 | 0.0
CGMacros-005.csv,default,Amount Consumed,float64,46,1,100.0
CGMacros-005.csv,default,Image path,str,92,92,photos/00000005-PHOTO-2020-8-17-13-8-0.jpg | photos/00000006-PHOTO-2020-8-17-13-33-0.jpg | photos/00000007-PHOTO-2020-8-17-19-42-0.jpg
CGMacros-006.csv,default,Unnamed: 0,int64,14460,14460,0 | 1 | 2
CGMacros-006.csv,default,Timestamp,str,14460,14460,2023-04-07 11:19:00 | 2023-04-07 11:20:00 | 2023-04-07 11:21:00
CGMacros-006.csv,default,Libre GL,float64,14460,1513,93.0 | 93.2 | 93.4
CGMacros-006.csv,default,Dexcom GL,float64,14275,687,82.0 | 85.6 | 89.2
CGMacros-006.csv,default,HR,float64,14340,88,68.0 | 71.0 | 65.0
CGMacros-006.csv,default,Calories (Activity),float64,14435,64,1.1931699514389 | 2.60328006744385 | 1.08469998836517
CGMacros-006.csv,default,METs,float64,14435,64,11.0 | 24.0 | 10.0
CGMacros-006.csv,default,Meal Type,str,38,4,lunch | dinner | breakfast
CGMacros-006.csv,default,Calories,float64,38,32,1180.0 | 260.0 | 448.0
CGMacros-006.csv,default,Carbs,float64,38,26,81.0 | 25.0 | 66.0
CGMacros-006.csv,default,Protein,float64,38,21,88.0 | 29.0 | 22.0
CGMacros-006.csv,default,Fat,float64,38,21,54.5 | 5.0 | 10.5
CGMacros-006.csv,default,Fiber,float64,38,15,18.0 | 3.0 | 0.0
CGMacros-006.csv,default,Amount Consumed,float64,38,1,100.0
CGMacros-006.csv,default,Image path,str,74,74,photos/00000005-PHOTO-2023-4-7-13-8-0.jpg | photos/00000006-PHOTO-2023-4-7-13-33-0.jpg | photos/00000007-PHOTO-2023-4-7-19-15-0.jpg
CGMacros-007.csv,default,Timestamp,str,5655,5655,2023-11-03 10:41:00 | 2023-11-03 10:42:00 | 2023-11-03 10:43:00
CGMacros-007.csv,default,Libre GL,float64,5655,1000,131.0 | 131.86666666666667 | 132.73333333333332
CGMacros-007.csv,default,Dexcom GL,float64,5640,467,128.0 | 126.4 | 124.8
CGMacros-007.csv,default,HR,float64,5640,82,63.0 | 62.0 | 66.0
CGMacros-007.csv,default,Steps,int64,5655,109,0 | 11 | 19
CGMacros-007.csv,default,METs,int64,5655,62,11 | 26 | 13
CGMacros-007.csv,default,Meal Type,str,17,4,lunch | dinner | breakfast
CGMacros-007.csv,default,RecordIndex,float64,17,15,1.0 | 2.0 | 11.0
CGMacros-007.csv,default,Calories,float64,17,16,1180.0 | 352.0 | 442.0
CGMacros-007.csv,default,Carbs,float64,17,13,81.0 | 24.0 | 49.0
CGMacros-007.csv,default,Protein,float64,17,11,88.0 | 40.0 | 66.0
CGMacros-007.csv,default,Fat,float64,17,13,54.5 | 4.0 | 10.5
CGMacros-007.csv,default,Fiber,float64,17,8,18.0 | 0.0 | 4.0
CGMacros-007.csv,default,Amount Consumed,float64,17,4,100.0 | 200.0 | 300.0
CGMacros-007.csv,default,Image path,str,27,27,photos/00000005-PHOTO-2023-11-3-12-38-0.jpg | photos/00000006-PHOTO-2023-11-3-13-1-0.jpg | photos/00000007-PHOTO-2023-11-3-19-26-0.jpg
CGMacros-008.csv,default,Timestamp,str,14760,14760,2023-01-30 10:52:00 | 2023-01-30 10:53:00 | 2023-01-30 10:54:00
CGMacros-008.csv,default,Libre GL,float64,14760,1530,109.0 | 110.0 | 111.0
CGMacros-008.csv,default,Dexcom GL,float64,14220,886,111.0 | 109.8 | 108.6
CGMacros-008.csv,default,HR,float64,14435,72,73.0 | 72.0 | 70.0
CGMacros-008.csv,default,Calories (Activity),float64,14496,46,1.392429948 | 1.17821002 | 1.071099997
CGMacros-008.csv,default,METs,float64,14496,46,13.0 | 11.0 | 10.0
CGMacros-008.csv,default,Meal Type,str,30,3,lunch | dinner | breakfast
CGMacros-008.csv,default,Calories,float64,30,25,1180.0 | 368.0 | 448.0
CGMacros-008.csv,default,Carbs,float64,30,22,81.0 | 39.0 | 66.0
CGMacros-008.csv,default,Protein,float64,30,18,88.0 | 28.0 | 22.0
CGMacros-008.csv,default,Fat,float64,30,19,54.5 | 11.0 | 10.5
CGMacros-008.csv,default,Fiber,float64,30,12,18.0 | 8.0 | 0.0
CGMacros-008.csv,default,Amount Consumed,float64,30,1,100.0
CGMacros-008.csv,default,Image path,str,60,60,photos/00000005-PHOTO-2023-1-30-12-34-0.jpg | photos/00000006-PHOTO-2023-1-30-13-0-0.jpg | photos/00000007-PHOTO-2023-1-30-19-26-0.jpg
CGMacros-009.csv,default,Timestamp,str,14370,14370,2020-09-15 09:05:00 | 2020-09-15 09:06:00 | 2020-09-15 09:07:00
CGMacros-009.csv,default,Libre GL,float64,14370,1702,108.0 | 108.6 | 109.2
CGMacros-009.csv,default,Dexcom GL,float64,14226,920,105.0 | 105.2 | 105.4
CGMacros-009.csv,default,HR,float64,14157,92,81.0 | 82.0 | 83.0
CGMacros-009.csv,default,Calories (Activity),float64,14370,72,1.198680043 | 1.298570037 | 2.796920061
CGMacros-009.csv,default,METs,int64,14370,72,12 | 13 | 28
CGMacros-009.csv,default,Meal Type,str,41,5,lunch | dinner | breakfast
CGMacros-009.csv,default,Calories,float64,41,31,1180.0 | 495.0 | 448.0
CGMacros-009.csv,default,Carbs,float64,41,26,81.0 | 39.0 | 66.0
CGMacros-009.csv,default,Protein,float64,41,22,88.0 | 48.0 | 22.0
CGMacros-009.csv,default,Fat,float64,41,21,54.5 | 17.0 | 10.5
CGMacros-009.csv,default,Fiber,float64,41,13,18.0 | 6.0 | 0.0
CGMacros-009.csv,default,Amount Consumed,float64,41,2,100.0 | 25.0
CGMacros-009.csv,default,Image path,str,79,79,photos/00000005-PHOTO-2020-9-15-12-13-0.jpg | photos/00000006-PHOTO-2020-9-15-12-48-0.jpg | photos/00000007-PHOTO-2020-9-15-19-16-0.jpg
CGMacros-010.csv,default,Timestamp,str,16155,16155,2020-06-21 09:18:00 | 2020-06-21 09:19:00 | 2020-06-21 09:20:00
CGMacros-010.csv,default,Libre GL,float64,16155,1834,153.0 | 152.2 | 151.4
CGMacros-010.csv,default,Dexcom GL,float64,14275,697,125.0 | 124.6 | 124.2
CGMacros-010.csv,default,HR,float64,15139,71,80.0 | 81.0 | 87.0
CGMacros-010.csv,default,Calories (Activity),float64,15282,49,1.097579956 | 0.997799993 | 2.394720078
CGMacros-010.csv,default,METs,float64,15282,49,11.0 | 10.0 | 24.0
CGMacros-010.csv,default,Meal Type,str,45,4,lunch | dinner | breakfast
CGMacros-010.csv,default,Calories,float64,45,35,1180.0 | 480.0 | 448.0
CGMacros-010.csv,default,Carbs,float64,45,28,81.0 | 78.0 | 66.0
CGMacros-010.csv,default,Protein,float64,45,23,88.0 | 17.0 | 22.0
CGMacros-010.csv,default,Fat,float64,45,20,54.5 | 5.0 | 10.5
CGMacros-010.csv,default,Fiber,float64,45,13,18.0 | 6.0 | 0.0
CGMacros-010.csv,default,Amount Consumed,float64,45,3,100.0 | 75.0 | 50.0
CGMacros-010.csv,default,Image path,str,78,78,photos/00000005-PHOTO-2020-6-21-11-47-0.jpg | photos/00000007-PHOTO-2020-6-21-12-16-0.jpg | photos/00000008-PHOTO-2020-6-21-18-43-0.jpg
CGMacros-011.csv,default,Timestamp,str,14805,14805,2020-10-03 09:21:00 | 2020-10-03 09:22:00 | 2020-10-03 09:23:00
CGMacros-011.csv,default,Libre GL,float64,14805,1594,128.0 | 128.26666666666668 | 128.53333333333333
CGMacros-011.csv,default,Dexcom GL,float64,14275,648,128.0 | 127.8 | 127.6
CGMacros-011.csv,default,HR,float64,14656,110,70.0 | 72.0 | 79.0
CGMacros-011.csv,default,Calories (Activity),float64,14805,79,1.453320026 | 1.574429989 | 1.211099982
CGMacros-011.csv,default,Intensity,int64,14805,4,0 | 1 | 2
CGMacros-011.csv,default,Meal Type,str,39,4,lunch | snack | dinner
CGMacros-011.csv,default,Calories,float64,39,33,1180.0 | 150.0 | 441.0
CGMacros-011.csv,default,Carbs,float64,39,29,81.0 | 3.0 | 0.0
CGMacros-011.csv,default,Protein,float64,39,23,88.0 | 30.0 | 0.0
CGMacros-011.csv,default,Fat,float64,39,20,54.5 | 3.0 | 0.0
CGMacros-011.csv,default,Fiber,float64,39,12,18.0 | 0.0 | 10.0
CGMacros-011.csv,default,Amount Consumed,float64,39,1,100.0
CGMacros-011.csv,default,Image path,str,79,79,photos/00000005-PHOTO-2020-10-3-9-36-0.jpg | photos/00000006-PHOTO-2020-10-3-10-45-0.jpg | photos/00000007-PHOTO-2020-10-3-12-17-0.jpg
CGMacros-012.csv,default,Timestamp,str,14655,14655,2023-02-26 08:43:00 | 2023-02-26 08:44:00 | 2023-02-26 08:45:00
CGMacros-012.csv,default,Libre GL,float64,14655,2959,198.0 | 199.9333333333333 | 201.86666666666667
CGMacros-012.csv,default,Dexcom GL,float64,14270,967,219.0 | 218.4 | 217.8
CGMacros-012.csv,default,HR,float64,13399,85,71.0 | 72.0 | 70.0
CGMacros-012.csv,default,Calories (Activity),float64,14655,63,1.230499983 | 1.353549957 | 1.476600051
CGMacros-012.csv,default,METs,int64,14655,63,10 | 11 | 12
CGMacros-012.csv,default,Meal Type,str,33,5,lunch | dinner | breakfast
CGMacros-012.csv,default,Calories,float64,33,27,1180.0 | 145.0 | 448.0
CGMacros-012.csv,default,Carbs,float64,33,22,81.0 | 20.0 | 66.0
CGMacros-012.csv,default,Protein,float64,33,20,88.0 | 8.0 | 22.0
CGMacros-012.csv,default,Fat,float64,33,16,54.5 | 4.0 | 10.5
CGMacros-012.csv,default,Fiber,float64,33,12,18.0 | 3.0 | 0.0
CGMacros-012.csv,default,Amount Consumed,float64,33,2,100.0 | 0.0
CGMacros-012.csv,default,Image path,str,62,62,photos/00000009-PHOTO-2023-2-26-15-4-0.jpg | photos/00000010-PHOTO-2023-2-26-15-14-0.jpg | photos/00000011-PHOTO-2023-2-26-20-48-0.jpg
CGMacros-013.csv,default,Timestamp,str,15840,15840,2024-01-25 08:42:00 | 2024-01-25 08:43:00 | 2024-01-25 08:44:00
CGMacros-013.csv,default,Libre GL,float64,15840,1825,162.0 | 163.13333333333333 | 164.26666666666668
CGMacros-013.csv,default,Dexcom GL,float64,14275,674,109.0 | 107.6 | 106.2
CGMacros-013.csv,default,HR,float64,15197,68,86.0 | 87.0 | 85.0
CGMacros-013.csv,default,Calories (Activity),float64,15318,42,0.938399971 | 2.252160072 | 1.032240033
CGMacros-013.csv,default,METs,float64,15318,42,10.0 | 24.0 | 11.0
CGMacros-013.csv,default,Meal Type,str,39,4,Lunch | dinner | Breakfast
CGMacros-013.csv,default,Calories,float64,39,34,1180.0 | 558.0 | 448.0
CGMacros-013.csv,default,Carbs,float64,39,28,81.0 | 33.0 | 66.0
CGMacros-013.csv,default,Protein,float64,39,23,88.0 | 48.0 | 22.0
CGMacros-013.csv,default,Fat,float64,39,22,54.5 | 22.0 | 10.5
CGMacros-013.csv,default,Fiber,float64,39,15,18.0 | 5.0 | 0.0
CGMacros-013.csv,default,Sugar,float64,39,14,0.0 | 12.0 | 11.0
CGMacros-013.csv,default,Amount Consumed,float64,39,1,100.0
CGMacros-013.csv,default,Image path,str,77,77,photos/00000005-PHOTO-2024-1-25-11-52-0.jpg | photos/00000006-PHOTO-2024-1-25-12-19-0.jpg | photos/00000007-PHOTO-2024-1-25-17-51-0.jpg
CGMacros-014.csv,default,Timestamp,str,17250,17250,2023-05-09 09:01:00 | 2023-05-09 09:02:00 | 2023-05-09 09:03:00
CGMacros-014.csv,default,Libre GL,float64,17250,1854,179.0 | 179.73333333333332 | 180.46666666666667
CGMacros-014.csv,default,Dexcom GL,float64,14275,804,126.0 | 126.8 | 127.6
CGMacros-014.csv,default,HR,float64,15152,104,67.0 | 70.0 | 80.0
CGMacros-014.csv,default,Calories (Activity),float64,15299,73,1.132300019 | 1.245530009 | 1.471989989
CGMacros-014.csv,default,METs,float64,15299,73,10.0 | 11.0 | 13.0
CGMacros-014.csv,default,Meal Type,str,40,4,Lunch | dinner | Breakfast
CGMacros-014.csv,default,Calories,float64,40,32,1180.0 | 420.0 | 448.0
CGMacros-014.csv,default,Carbs,float64,40,26,81.0 | 46.0 | 66.0
CGMacros-014.csv,default,Protein,float64,40,25,88.0 | 10.0 | 22.0
CGMacros-014.csv,default,Fat,float64,40,21,54.5 | 22.0 | 10.5
CGMacros-014.csv,default,Fiber,float64,40,12,18.0 | 8.0 | 0.0
CGMacros-014.csv,default,Amount Consumed,float64,40,1,100.0
CGMacros-014.csv,default,Image path,str,88,88,photos/00000005-PHOTO-2023-5-9-11-51-0.jpg | photos/00000006-PHOTO-2023-5-9-12-11-0.jpg | photos/00000007-PHOTO-2023-5-9-19-1-0.jpg
CGMacros-015.csv,default,Timestamp,str,16875,16875,2024-01-25 09:12:00 | 2024-01-25 09:13:00 | 2024-01-25 09:14:00
CGMacros-015.csv,default,Libre GL,float64,16875,1068,123.0 | 122.0 | 121.0
CGMacros-015.csv,default,Dexcom GL,float64,14210,579,111.0 | 109.6 | 108.2
CGMacros-015.csv,default,HR,float64,14890,104,81.0 | 83.0 | 79.0
CGMacros-015.csv,default,Calories (Activity),float64,15103,70,0.805700004 | 0.886269987 | 1.772539973
CGMacros-015.csv,default,METs,float64,15103,70,10.0 | 11.0 | 22.0
CGMacros-015.csv,default,Meal Type,str,52,4,Lunch | dinner | snack
CGMacros-015.csv,default,Calories,float64,52,43,1180.0 | 205.0 | 39.0
CGMacros-015.csv,default,Carbs,float64,52,34,81.0 | 11.0 | 10.0
CGMacros-015.csv,default,Protein,float64,52,24,88.0 | 18.0 | 1.0
CGMacros-015.csv,default,Fat,float64,52,24,54.5 | 10.0 | 0.0
CGMacros-015.csv,default,Fiber,float64,52,12,18.0 | 4.0 | 1.0
CGMacros-015.csv,default,Amount Consumed,float64,52,1,100.0
CGMacros-015.csv,default,Image path,str,99,99,photos/00000005-PHOTO-2024-1-25-11-51-0.jpg | photos/00000006-PHOTO-2024-1-25-12-11-0.jpg | photos/00000007-PHOTO-2024-1-25-18-27-0.jpg
CGMacros-016.csv,default,Timestamp,str,16290,16290,2023-07-14 09:12:00 | 2023-07-14 09:13:00 | 2023-07-14 09:14:00
CGMacros-016.csv,default,Libre GL,float64,16290,1291,89.0 | 88.73333333333333 | 88.46666666666667
CGMacros-016.csv,default,Dexcom GL,float64,14275,553,116.0 | 116.2 | 116.4
CGMacros-016.csv,default,HR,float64,15229,82,84.0 | 80.0 | 74.0
CGMacros-016.csv,default,Calories (Activity),float64,15288,55,1.61868 | 1.753569961 | 3.77692008
CGMacros-016.csv,default,METs,float64,15288,55,12.0 | 13.0 | 28.0
CGMacros-016.csv,default,Meal Type,str,28,4,snack | Breakfast | Lunch
CGMacros-016.csv,default,Calories,float64,28,23,280.0 | 448.0 | 460.0
CGMacros-016.csv,default,Carbs,float64,28,17,38.0 | 66.0 | 45.0
CGMacros-016.csv,default,Protein,float64,28,16,4.0 | 22.0 | 12.0
CGMacros-016.csv,default,Fat,float64,28,17,12.0 | 10.5 | 23.0
CGMacros-016.csv,default,Fiber,float64,28,16,480.0 | 0.0 | 230.0
CGMacros-016.csv,default,Amount Consumed,float64,28,4,1.0 | 3.0 | 2.0
CGMacros-016.csv,default,Image path,str,71,71,photos/00000005-PHOTO-2023-7-14-11-58-0.jpg | photos/00000006-PHOTO-2023-7-14-12-28-0.jpg | photos/00000007-PHOTO-2023-7-14-17-48-0.jpg
CGMacros-017.csv,default,Timestamp,str,16185,16185,2023-10-10 08:51:00 | 2023-10-10 08:52:00 | 2023-10-10 08:53:00
CGMacros-017.csv,default,Libre GL,float64,16185,1282,88.0 | 87.86666666666666 | 87.73333333333333
CGMacros-017.csv,default,Dexcom GL,float64,14240,617,94.0 | 93.6 | 93.2
CGMacros-017.csv,default,HR,float64,13159,103,62.0 | 59.0 | 66.0
CGMacros-017.csv,default,Calories (Activity),float64,15309,71,1.039720058 | 0.945200026 | 2.079440117
CGMacros-017.csv,default,METs,float64,15309,71,11.0 | 10.0 | 22.0
CGMacros-017.csv,default,Meal Type,str,48,4,Lunch | dinner | snack
CGMacros-017.csv,default,Calories,float64,48,39,1180.0 | 160.0 | 60.0
CGMacros-017.csv,default,Carbs,float64,48,32,81.0 | 4.0 | 0.0
CGMacros-017.csv,default,Protein,float64,48,25,88.0 | 30.0 | 12.0
CGMacros-017.csv,default,Fat,float64,48,22,54.5 | 3.0 | 1.0
CGMacros-017.csv,default,Fiber,float64,48,15,18.0 | 1.0 | 0.0
CGMacros-017.csv,default,Amount Consumed,float64,48,1,100.0
CGMacros-017.csv,default,Image path,str,108,108,photos/00000005-PHOTO-2023-10-10-13-20-0.jpg | photos/00000006-PHOTO-2023-10-10-13-27-0.jpg | photos/dinner-PHOTO-2023-10-10-20-30-0.jpg
CGMacros-018.csv,default,Timestamp,str,14085,14085,2024-01-28 08:10:00 | 2024-01-28 08:11:00 | 2024-01-28 08:12:00
CGMacros-018.csv,default,Libre GL,float64,14085,1516,87.0 | 87.2 | 87.4
CGMacros-018.csv,default,Dexcom GL,float64,13934,707,103.0 | 102.6 | 102.2
CGMacros-018.csv,default,HR,float64,13986,101,72.0 | 75.0 | 74.0
CGMacros-018.csv,default,Calories (Activity),float64,14071,79,1.444499969 | 1.877850056 | 1.733399987
CGMacros-018.csv,default,METs,float64,14071,79,10.0 | 13.0 | 12.0
CGMacros-018.csv,default,Meal Type,str,39,5,Lunch | Dinner | Breakfast
CGMacros-018.csv,default,Calories,float64,39,32,1180.0 | 972.0 | 448.0
CGMacros-018.csv,default,Carbs,float64,39,27,81.0 | 122.0 | 66.0
CGMacros-018.csv,default,Protein,float64,39,25,88.0 | 39.0 | 22.0
CGMacros-018.csv,default,Fat,float64,39,25,54.5 | 64.0 | 10.5
CGMacros-018.csv,default,Fiber,float64,39,17,18.0 | 8.0 | 0.0
CGMacros-018.csv,default,Amount Consumed,float64,39,5,1.0 | 5.0 | 4.0
CGMacros-018.csv,default,Image path,str,71,71,photos/00000005-PHOTO-2024-1-28-13-13-0.jpg | photos/00000006-PHOTO-2024-1-28-13-30-0.jpg | photos/00000007-PHOTO-2024-1-28-18-26-0.jpg
CGMacros-019.csv,default,Timestamp,str,14430,14430,2020-09-29 08:32:00 | 2020-09-29 08:33:00 | 2020-09-29 08:34:00
CGMacros-019.csv,default,Libre GL,float64,14430,1284,73.0 | 72.53333333333333 | 72.06666666666666
CGMacros-019.csv,default,Dexcom GL,float64,14260,568,158.0 | 160.2 | 162.4
CGMacros-019.csv,default,HR,float64,14137,93,70.0 | 75.0 | 73.0
CGMacros-019.csv,default,Calories (Activity),float64,14430,67,1.069900036 | 1.176890016 | 2.353780031
CGMacros-019.csv,default,METs,int64,14430,67,10 | 11 | 22
CGMacros-019.csv,default,Meal Type,str,48,4,Lunch | snack | dinner
CGMacros-019.csv,default,Calories,float64,48,39,1180.0 | 177.0 | 102.0
CGMacros-019.csv,default,Carbs,float64,48,29,81.0 | 10.0 | 3.0
CGMacros-019.csv,default,Protein,float64,48,25,88.0 | 6.0 | 7.0
CGMacros-019.csv,default,Fat,float64,48,22,54.5 | 14.0 | 7.0
CGMacros-019.csv,default,Fiber,float64,48,30,18.0 | 60.0 | 100.0
CGMacros-019.csv,default,Amount Consumed,float64,48,4,1.0 | 2.0 | 5.0
CGMacros-019.csv,default,Image path,str,74,74,photos/00000005-PHOTO-2020-9-29-12-40-0.jpg | photos/00000006-PHOTO-2020-9-29-13-12-0.jpg | photos/00000007-PHOTO-2020-9-29-16-3-0.jpg
CGMacros-020.csv,default,Timestamp,str,16260,16260,2024-03-19 07:36:00 | 2024-03-19 07:37:00 | 2024-03-19 07:38:00
CGMacros-020.csv,default,Libre GL,float64,16260,1928,118.0 | 117.93333333333334 | 117.86666666666666
CGMacros-020.csv,default,Dexcom GL,float64,14275,778,152.0 | 152.8 | 153.6
CGMacros-020.csv,default,HR,float64,14354,78,88.0 | 90.0 | 91.0
CGMacros-020.csv,default,Calories (Activity),float64,15384,68,1.029899955 | 1.338870049 | 1.235880017
CGMacros-020.csv,default,METs,float64,15384,68,10.0 | 13.0 | 12.0
CGMacros-020.csv,default,Meal Type,str,41,4,Lunch | dinner | Breakfast
CGMacros-020.csv,default,Calories,float64,41,36,1180.0 | 415.0 | 448.0
CGMacros-020.csv,default,Carbs,float64,41,29,81.0 | 59.0 | 66.0
CGMacros-020.csv,default,Protein,float64,41,27,88.0 | 16.0 | 22.0
CGMacros-020.csv,default,Fat,float64,41,25,54.5 | 13.0 | 10.5
CGMacros-020.csv,default,Fiber,float64,41,13,18.0 | 1.0 | 0.0
CGMacros-020.csv,default,Amount Consumed,float64,41,7,1.0 | 4.0 | 3.0
CGMacros-020.csv,default,Image path,str,92,92,photos/00000006-PHOTO-2024-3-19-12-35-0.jpg | photos/00000007-PHOTO-2024-3-19-12-59-0.jpg | photos/00000008-PHOTO-2024-3-19-18-11-0.jpg
CGMacros-021.csv,default,Timestamp,str,16125,16125,2020-06-08 08:12:00 | 2020-06-08 08:13:00 | 2020-06-08 08:14:00
CGMacros-021.csv,default,Libre GL,float64,16125,1640,68.0 | 68.53333333333333 | 69.06666666666666
CGMacros-021.csv,default,Dexcom GL,float64,14275,659,99.0 | 98.6 | 98.2
CGMacros-021.csv,default,HR,float64,15116,117,85.0 | 84.0 | 88.0
CGMacros-021.csv,default,Calories (Activity),float64,15348,92,0.80309999 | 0.883409977 | 1.044029951
CGMacros-021.csv,default,METs,float64,15348,92,10.0 | 11.0 | 13.0
CGMacros-021.csv,default,Meal Type,str,39,4,Lunch | dinner | Breakfast
CGMacros-021.csv,default,Calories,float64,39,34,1180.0 | 277.0 | 448.0
CGMacros-021.csv,default,Carbs,float64,39,29,81.0 | 46.0 | 66.0
CGMacros-021.csv,default,Protein,float64,39,22,88.0 | 4.0 | 22.0
CGMacros-021.csv,default,Fat,float64,39,23,54.5 | 8.0 | 10.5
CGMacros-021.csv,default,Fiber,float64,39,15,18.0 | 6.0 | 0.0
CGMacros-021.csv,default,Amount Consumed,float64,39,5,1.0 | 3.0 | 2.0
CGMacros-021.csv,default,Image path,str,75,75,photos/00000007-PHOTO-2020-6-8-13-0-0.jpg | photos/00000008-PHOTO-2020-6-8-13-29-0.jpg | photos/00000009-PHOTO-2020-6-8-19-55-0.jpg
CGMacros-022.csv,default,Timestamp,str,17625,17625,2021-03-28 08:09:00 | 2021-03-28 08:10:00 | 2021-03-28 08:11:00
CGMacros-022.csv,default,Libre GL,float64,17625,1398,81.0 | 81.66666666666667 | 82.33333333333333
CGMacros-022.csv,default,Dexcom GL,float64,14275,608,175.0 | 173.8 | 172.6
CGMacros-022.csv,default,HR,float64,14512,73,65.0 | 73.0 | 66.0
CGMacros-022.csv,default,Calories (Activity),float64,15351,41,0.708500028 | 0.779349983 | 1.700399995
CGMacros-022.csv,default,METs,float64,15351,41,10.0 | 11.0 | 24.0
CGMacros-022.csv,default,Meal Type,str,42,4,Lunch | dinner | Breakfast
CGMacros-022.csv,default,Calories,float64,42,36,1180.0 | 1375.0 | 448.0
CGMacros-022.csv,default,Carbs,float64,42,30,81.0 | 84.0 | 66.0
CGMacros-022.csv,default,Protein,float64,42,25,88.0 | 40.0 | 22.0
CGMacros-022.csv,default,Fat,float64,42,24,54.5 | 55.0 | 10.5
CGMacros-022.csv,default,Fiber,float64,42,12,18.0 | 6.0 | 0.0
CGMacros-022.csv,default,Amount Consumed,float64,42,5,1.0 | 2.0 | 4.0
CGMacros-022.csv,default,Image path,str,97,97,photos/00000005-PHOTO-2021-3-28-10-0-0.jpg | photos/00000006-PHOTO-2021-3-28-12-27-0.jpg | photos/00000007-PHOTO-2021-3-28-12-37-0.jpg
CGMacros-023.csv,default,Timestamp,str,16185,16185,2021-05-05 08:37:00 | 2021-05-05 08:38:00 | 2021-05-05 08:39:00
CGMacros-023.csv,default,Libre GL,float64,16185,2095,131.0 | 131.06666666666666 | 131.13333333333333
CGMacros-023.csv,default,Dexcom GL,float64,14265,836,221.0 | 218.4 | 215.8
CGMacros-023.csv,default,HR,float64,15132,126,58.0 | 61.0 | 56.0
CGMacros-023.csv,default,Calories (Activity),float64,15323,76,1.041200042 | 1.145320058 | 2.49887991
CGMacros-023.csv,default,METs,float64,15323,76,10.0 | 11.0 | 24.0
CGMacros-023.csv,default,Meal Type,str,42,4,Lunch | dinner | Breakfast
CGMacros-023.csv,default,Calories,float64,42,33,1180.0 | 320.0 | 930.0
CGMacros-023.csv,default,Carbs,float64,42,27,81.0 | 47.0 | 76.0
CGMacros-023.csv,default,Protein,float64,42,22,88.0 | 23.0 | 43.0
CGMacros-023.csv,default,Fat,float64,42,24,54.5 | 5.0 | 54.0
CGMacros-023.csv,default,Fiber,float64,42,16,18.0 | 5.0 | 0.0
CGMacros-023.csv,default,Amount Consumed,float64,42,7,1.0 | 2.0 | 6.0
CGMacros-023.csv,default,Image path,str,81,81,photos/00000005-PHOTO-2021-5-5-11-58-0.jpg | photos/00000006-PHOTO-2021-5-5-12-8-0.jpg | photos/00000007-PHOTO-2021-5-5-15-18-0.jpg
CGMacros-026.csv,default,Timestamp,str,16320,16320,2021-03-26 08:16:00 | 2021-03-26 08:17:00 | 2021-03-26 08:18:00
CGMacros-026.csv,default,Libre GL,float64,16320,1711,98.0 | 100.0 | 102.0
CGMacros-026.csv,default,Dexcom GL,float64,13824,822,120.0 | 120.6 | 121.2
CGMacros-026.csv,default,HR,float64,15211,74,88.0 | 87.0 | 86.0
CGMacros-026.csv,default,Calories (Activity),float64,15344,47,1.247900009 | 1.622269988 | 3.494119883
CGMacros-026.csv,default,Intensity,float64,15344,4,0.0 | 1.0 | 2.0
CGMacros-026.csv,default,Meal Type,str,36,4,Lunch | dinner | snack
CGMacros-026.csv,default,Calories,float64,36,30,1180.0 | 444.0 | 330.0
CGMacros-026.csv,default,Carbs,float64,36,21,81.0 | 73.0 | 14.0
CGMacros-026.csv,default,Protein,float64,36,25,88.0 | 15.0 | 4.0
CGMacros-026.csv,default,Fat,float64,36,19,54.5 | 9.0 | 4.0
CGMacros-026.csv,default,Fiber,float64,36,13,18.0 | 6.0 | 0.0
CGMacros-026.csv,default,Amount Consumed,float64,36,1,100.0
CGMacros-026.csv,default,Image path,str,59,59,photos/00000006-PHOTO-2021-3-26-12-14-0.jpg | photos/00000007-PHOTO-2021-3-26-12-31-0.jpg | photos/00000008-PHOTO-2021-3-26-16-48-0.jpg
CGMacros-027.csv,default,Timestamp,str,14535,14535,2024-06-10 08:12:00 | 2024-06-10 08:13:00 | 2024-06-10 08:14:00
CGMacros-027.csv,default,Libre GL,float64,14535,1374,75.0 | 74.86666666666666 | 74.73333333333333
CGMacros-027.csv,default,Dexcom GL,float64,14210,705,110.0 | 109.4 | 108.8
CGMacros-027.csv,default,HR,float64,14485,101,78.0 | 79.0 | 74.0
CGMacros-027.csv,default,Calories (Activity),float64,14535,74,1.088400006 | 1.306079984 | 1.414919972
CGMacros-027.csv,default,Intensity,int64,14535,4,0 | 1 | 2
CGMacros-027.csv,default,Meal Type,str,36,4,lunch | dinner | breakfast
CGMacros-027.csv,default,Calories,float64,36,28,1180.0 | 345.0 | 448.0
CGMacros-027.csv,default,Carbs,float64,36,22,81.0 | 70.0 | 66.0
CGMacros-027.csv,default,Protein,float64,36,19,88.0 | 10.0 | 22.0
CGMacros-027.csv,default,Fat,float64,36,21,54.5 | 5.0 | 10.5
CGMacros-027.csv,default,Fiber,float64,36,14,18.0 | 8.0 | 0.0
CGMacros-027.csv,default,Amount Consumed,float64,36,1,100.0
CGMacros-027.csv,default,Image path,str,73,73,photos/00000005-PHOTO-2024-6-10-9-59-0.jpg | photos/00000006-PHOTO-2024-6-10-10-13-0.jpg | photos/00000007-PHOTO-2024-6-10-13-30-0.jpg
CGMacros-028.csv,default,Timestamp,str,18735,18735,2023-11-28 08:04:00 | 2023-11-28 08:05:00 | 2023-11-28 08:06:00
CGMacros-028.csv,default,Libre GL,float64,18735,1718,102.0 | 101.53333333333332 | 101.06666666666666
CGMacros-028.csv,default,Dexcom GL,float64,14230,723,185.0 | 184.0 | 183.0
CGMacros-028.csv,default,HR,float64,14289,90,65.0 | 69.0 | 70.0
CGMacros-028.csv,default,Calories (Activity),float64,15356,75,0.990800023 | 1.08987999 | 2.377919912
CGMacros-028.csv,default,METs,float64,15356,75,10.0 | 11.0 | 24.0
CGMacros-028.csv,default,Meal Type,str,34,4,lunch | dinner | snack
CGMacros-028.csv,default,Calories,float64,34,28,1180.0 | 121.0 | 105.0
CGMacros-028.csv,default,Carbs,float64,34,24,81.0 | 3.0 | 27.0
CGMacros-028.csv,default,Protein,float64,34,20,88.0 | 25.0 | 1.0
CGMacros-028.csv,default,Fat,float64,34,19,54.5 | 0.0 | 10.5
CGMacros-028.csv,default,Fiber,float64,34,12,18.0 | 0.0 | 4.0
CGMacros-028.csv,default,Image path,str,53,53,photos/00000005-PHOTO-2023-11-28-12-40-0.jpg | photos/00000006-PHOTO-2023-11-28-12-58-0.jpg | photos/00000008-PHOTO-2023-11-28-18-57-0.jpg
CGMacros-029.csv,default,Timestamp,str,17730,17730,2024-01-17 08:13:00 | 2024-01-17 08:14:00 | 2024-01-17 08:15:00
CGMacros-029.csv,default,Libre GL,float64,17730,1722,128.0 | 127.93333333333334 | 127.86666666666666
CGMacros-029.csv,default,Dexcom GL,float64,14275,645,166.0 | 166.2 | 166.4
CGMacros-029.csv,default,HR,float64,15072,104,64.0 | 70.0 | 69.0
CGMacros-029.csv,default,Calories (Activity),float64,15347,53,1.02330005168915 | 1.12563002109528 | 2.45591998100281
CGMacros-029.csv,default,METs,float64,15347,53,10.0 | 11.0 | 24.0
CGMacros-029.csv,default,Meal Type,str,30,3,lunch | dinner | breakfast
CGMacros-029.csv,default,Calories,float64,30,25,1180.0 | 615.0 | 448.0
CGMacros-029.csv,default,Carbs,float64,30,20,81.0 | 84.0 | 66.0
CGMacros-029.csv,default,Protein,float64,30,15,88.0 | 22.0 | 17.0
CGMacros-029.csv,default,Fat,float64,30,18,54.5 | 19.0 | 10.5
CGMacros-029.csv,default,Fiber,float64,30,12,18.0 | 3.0 | 0.0
CGMacros-029.csv,default,Image path,str,57,57,photos/00000005-PHOTO-2024-1-17-12-6-0.jpg | photos/00000006-PHOTO-2024-1-17-12-20-0.jpg | photos/00000007-PHOTO-2024-1-17-17-22-0.jpg
CGMacros-030.csv,default,Timestamp,str,15465,15465,2021-01-23 09:27:00 | 2021-01-23 09:28:00 | 2021-01-23 09:29:00
CGMacros-030.csv,default,Libre GL,float64,15465,3312,167.0 | 167.53333333333333 | 168.06666666666666
CGMacros-030.csv,default,Dexcom GL,float64,14210,1354,313.0 | 312.4 | 311.8
CGMacros-030.csv,default,HR,float64,12372,83,83.0 | 85.0 | 90.0
CGMacros-030.csv,default,Calories (Activity),float64,13833,200,1.03982996940613 | 2.64684009552002 | 3.2140200138092
CGMacros-030.csv,default,METs,float64,13833,48,11.0 | 29.0 | 35.0
CGMacros-030.csv,default,Meal Type,str,28,3,lunch | dinner | breakfast
CGMacros-030.csv,default,Calories,float64,28,23,1180.0 | 0.0 | 830.0
CGMacros-030.csv,default,Carbs,float64,28,20,81.0 | 0.0 | 92.0
CGMacros-030.csv,default,Protein,float64,28,17,88.0 | 0.0 | 17.0
CGMacros-030.csv,default,Fat,float64,28,17,54.5 | 0.0 | 42.0
CGMacros-030.csv,default,Fiber,float64,28,11,18.0 | 0.0 | 10.0
CGMacros-030.csv,default,Amount Consumed,float64,28,7,1.0 | 0.0 | 3.0
CGMacros-030.csv,default,Image path,str,42,42,photos/00000005-PHOTO-2021-1-23-11-24-0.jpg | photos/00000006-PHOTO-2021-1-23-17-36-0.jpg | photos/00000007-PHOTO-2021-1-24-11-48-0.jpg
CGMacros-031.csv,default,Timestamp,str,13725,13725,2022-06-29 20:05:00 | 2022-06-29 20:06:00 | 2022-06-29 20:07:00
CGMacros-031.csv,default,Libre GL,float64,13725,1249,68.0 | 67.66666666666667 | 67.33333333333333
CGMacros-031.csv,default,Dexcom GL,float64,13673,603,122.2 | 121.8 | 121.4
CGMacros-031.csv,default,HR,float64,13536,78,68.0 | 67.0 | 75.0
CGMacros-031.csv,default,Calories (Activity),float64,13725,47,0.95850002765656 | 2.68379998207092 | 2.30040001869202
CGMacros-031.csv,default,Intensity,int64,13725,4,0 | 1 | 2
CGMacros-031.csv,default,Meal Type,str,54,4,breakfast | lunch | snack
CGMacros-031.csv,default,Calories,float64,54,41,448.0 | 830.0 | 262.0
CGMacros-031.csv,default,Carbs,float64,54,33,66.0 | 92.0 | 19.0
CGMacros-031.csv,default,Protein,float64,54,28,22.0 | 17.0 | 14.0
CGMacros-031.csv,default,Fat,float64,54,27,10.5 | 42.0 | 3.0
CGMacros-031.csv,default,Fiber,float64,54,18,0.0 | 10.0 | 1.0
CGMacros-031.csv,default,Amount Consumed,float64,54,6,100.0 | 300.0 | 200.0
CGMacros-031.csv,default,Image path,str,67,67,photos/00000005-PHOTO-2022-6-30-7-19-0.jpg | photos/00000006-PHOTO-2022-6-30-7-22-0.jpg | photos/00000007-PHOTO-2022-6-30-12-26-0.jpg
CGMacros-032.csv,default,Timestamp,str,13785,13785,2022-01-01 20:54:00 | 2022-01-01 20:55:00 | 2022-01-01 20:56:00
CGMacros-032.csv,default,Libre GL,float64,13785,1313,48.0 | 49.13333333333333 | 50.266666666666666
CGMacros-032.csv,default,Dexcom GL,float64,13656,631,115.6 | 117.0 | 117.4
CGMacros-032.csv,default,HR,float64,6559,81,89.0 | 85.0 | 79.0
CGMacros-032.csv,default,Calories (Activity),float64,13146,60,1.33308005332947 | 1.11090004444122 | 3.77706003189087
CGMacros-032.csv,default,Intensity,float64,13146,4,0.0 | 1.0 | 2.0
CGMacros-032.csv,default,Meal Type,str,20,3,breakfast | lunch | dinner
CGMacros-032.csv,default,Calories,float64,20,15,448.0 | 830.0 | 608.0
CGMacros-032.csv,default,Carbs,float64,20,12,66.0 | 92.0 | 16.0
CGMacros-032.csv,default,Protein,float64,20,10,22.0 | 17.0 | 66.0
CGMacros-032.csv,default,Fat,float64,20,10,10.5 | 42.0 | 14.0
CGMacros-032.csv,default,Fiber,float64,20,7,0.0 | 10.0 | 4.0
CGMacros-032.csv,default,Amount Consumed,float64,20,2,100.0 | 0.0
CGMacros-032.csv,default,Image path,str,35,35,photos/00000008-PHOTO-2022-1-2-6-59-0.jpg | photos/00000009-PHOTO-2022-1-2-7-25-0.jpg | photos/00000010-PHOTO-2022-1-2-12-12-0.jpg
CGMacros-033.csv,default,Unnamed: 0,int64,15840,15840,0 | 1 | 2
CGMacros-033.csv,default,Timestamp,str,15840,15840,2022-04-16 09:30:00 | 2022-04-16 09:31:00 | 2022-04-16 09:32:00
CGMacros-033.csv,default,Libre GL,float64,15840,2700,180.0 | 177.93333333333334 | 175.86666666666667
CGMacros-033.csv,default,Dexcom GL,float64,14215,1190,127.0 | 125.4 | 123.8
CGMacros-033.csv,default,HR,float64,10855,85,75.0 | 79.0 | 78.0
CGMacros-033.csv,default,Calories (Activity),float64,12375,50,1.125 | 1.23749995231628 | 2.70000004768372
CGMacros-033.csv,default,Intensity,float64,12375,4,0.0 | 1.0 | 3.0
CGMacros-033.csv,default,Meal Type,str,33,4,lunch | snack | dinner
CGMacros-033.csv,default,Calories,float64,33,28,1180.0 | 206.0 | 383.0
CGMacros-033.csv,default,Carbs,float64,33,24,81.0 | 50.0 | 26.0
CGMacros-033.csv,default,Protein,float64,33,21,88.0 | 5.0 | 38.0
CGMacros-033.csv,default,Fat,float64,33,20,54.5 | 1.0 | 17.0
CGMacros-033.csv,default,Fiber,float64,33,11,18.0 | 7.0 | 9.0
CGMacros-033.csv,default,Amount Consumed,float64,33,8,100.0 | 500.0 | 200.0
CGMacros-033.csv,default,Image path,str,56,56,photos/00000003-PHOTO-2022-4-16-11-45-0.jpg | photos/00000004-PHOTO-2022-4-16-11-57-0.jpg | photos/00000005-PHOTO-2022-4-16-15-12-0.jpg
CGMacros-034.csv,default,Timestamp,str,14700,14700,2022-03-02 09:12:00 | 2022-03-02 09:13:00 | 2022-03-02 09:14:00
CGMacros-034.csv,default,Libre GL,float64,14700,1314,69.0 | 68.6 | 68.2
CGMacros-034.csv,default,Dexcom GL,float64,14275,477,81.0 | 79.6 | 78.2
CGMacros-034.csv,default,HR,float64,7951,110,81.0 | 80.0 | 76.0
CGMacros-034.csv,default,Calories (Activity),float64,14700,83,1.34900999069214 | 2.90556001663208 | 2.69801998138428
CGMacros-034.csv,default,Intensity,int64,14700,4,0 | 1 | 2
CGMacros-034.csv,default,Meal Type,str,49,4,snack | lunch | dinner
CGMacros-034.csv,default,Calories,float64,49,39,170.0 | 1180.0 | 210.0
CGMacros-034.csv,default,Carbs,float64,49,33,3.0 | 81.0 | 8.0
CGMacros-034.csv,default,Protein,float64,49,28,10.0 | 88.0 | 38.0
CGMacros-034.csv,default,Fat,float64,49,21,13.0 | 54.5 | 2.0
CGMacros-034.csv,default,Fiber,float64,49,16,0.0 | 18.0 | 2.0
CGMacros-034.csv,default,Amount Consumed,float64,49,7,100.0 | 700.0 | 200.0
CGMacros-034.csv,default,Image path,str,98,98,photos/00000005-PHOTO-2022-3-2-11-19-0.jpg | photos/00000006-PHOTO-2022-3-2-11-49-0.jpg | photos/00000007-PHOTO-2022-3-2-12-10-0.jpg
CGMacros-035.csv,default,Timestamp,str,14400,14400,2024-12-12 09:07:00 | 2024-12-12 09:08:00 | 2024-12-12 09:09:00
CGMacros-035.csv,default,Libre GL,float64,14400,3012,274.0 | 272.7333333333333 | 271.46666666666664
CGMacros-035.csv,default,Dexcom GL,float64,14270,1215,246.0 | 242.2 | 238.4
CGMacros-035.csv,default,HR,float64,12053,105,62.0 | 61.0 | 60.0
CGMacros-035.csv,default,Calories (Activity),float64,14400,66,1.04120004177094 | 3.95655989646912 | 3.12360000610352
CGMacros-035.csv,default,Intensity,int64,14400,4,0 | 1 | 2
CGMacros-035.csv,default,Meal Type,str,27,3,lunch | breakfast | dinner
CGMacros-035.csv,default,Calories,float64,27,20,1180.0 | 448.0 | 830.0
CGMacros-035.csv,default,Carbs,float64,27,17,81.0 | 66.0 | 92.0
CGMacros-035.csv,default,Protein,float64,27,14,88.0 | 22.0 | 17.0
CGMacros-035.csv,default,Fat,float64,27,15,54.5 | 10.5 | 42.0
CGMacros-035.csv,default,Fiber,float64,27,9,18.0 | 0.0 | 10.0
CGMacros-035.csv,default,Amount Consumed,float64,27,5,100.0 | 0.0 | 300.0
CGMacros-035.csv,default,Image path,str,52,52,photos/00000003-PHOTO-2024-12-12-12-42-0.jpg | photos/00000008-PHOTO-2024-12-13-8-2-0.jpg | photos/00000012-PHOTO-2024-12-13-8-56-0.jpg
CGMacros-036.csv,default,Unnamed: 0,int64,17115,17115,0 | 1 | 2
CGMacros-036.csv,default,Timestamp,str,17115,17115,2022-03-29 09:58:00 | 2022-03-29 09:59:00 | 2022-03-29 10:00:00
CGMacros-036.csv,default,Libre GL,float64,17115,2744,149.0 | 149.13333333333333 | 149.26666666666668
CGMacros-036.csv,default,Dexcom GL,float64,14275,1198,143.0 | 143.8 | 144.6
CGMacros-036.csv,default,HR,float64,14403,86,61.0 | 60.0 | 62.0
CGMacros-036.csv,default,Calories (Activity),float64,15242,56,1.01139998435974 | 1.11254000663757 | 2.83191990852356
CGMacros-036.csv,default,METs,float64,15242,56,10.0 | 11.0 | 28.0
CGMacros-036.csv,default,Meal Type,str,30,3,lunch | dinner | breakfast
CGMacros-036.csv,default,Calories,float64,30,25,1180.0 | 10.0 | 448.0
CGMacros-036.csv,default,Carbs,float64,30,21,81.0 | 0.0 | 66.0
CGMacros-036.csv,default,Protein,float64,30,18,88.0 | 0.0 | 22.0
CGMacros-036.csv,default,Fat,float64,30,19,54.5 | 0.0 | 10.5
CGMacros-036.csv,default,Fiber,float64,30,13,18.0 | 1.0 | 0.0
CGMacros-036.csv,default,Amount Consumed,float64,30,4,100.0 | 300.0 | 200.0
CGMacros-036.csv,default,Image path,str,59,59,photos/00000003-PHOTO-2022-3-29-11-46-0.jpg | photos/00000004-PHOTO-2022-3-29-12-26-0.jpg | photos/00000005-PHOTO-2022-3-29-17-38-0.jpg
CGMacros-038.csv,default,Timestamp,str,14505,14505,2022-01-25 08:56:00 | 2022-01-25 08:57:00 | 2022-01-25 08:58:00
CGMacros-038.csv,default,Libre GL,float64,14505,2015,176.0 | 176.4 | 176.8
CGMacros-038.csv,default,Dexcom GL,float64,14270,895,172.0 | 170.4 | 168.8
CGMacros-038.csv,default,HR,float64,14346,77,30.0 | 70.0 | 77.0
CGMacros-038.csv,default,Calories (Activity),float64,14505,71,1.16890001296997 | 1.75335001945496 | 1.63645994663239
CGMacros-038.csv,default,Intensity,int64,14505,4,0 | 1 | 2
CGMacros-038.csv,default,Meal Type,str,40,4,lunch | dinner | breakfast
CGMacros-038.csv,default,Calories,float64,40,23,1180.0 | 362.0 | 448.0
CGMacros-038.csv,default,Carbs,float64,40,21,81.0 | 54.0 | 66.0
CGMacros-038.csv,default,Protein,float64,40,17,88.0 | 16.0 | 22.0
CGMacros-038.csv,default,Fat,float64,40,14,54.5 | 11.0 | 10.5
CGMacros-038.csv,default,Fiber,float64,40,13,18.0 | 16.0 | 0.0
CGMacros-038.csv,default,Amount Consumed,float64,40,5,100.0 | 500.0 | 0.0
CGMacros-038.csv,default,Image path,str,58,58,photos/00000006-PHOTO-2022-1-25-11-50-0.jpg | photos/00000008-PHOTO-2022-1-25-12-19-0.jpg | photos/00000009-PHOTO-2022-1-26-8-0-0.jpg
CGMacros-039.csv,default,Timestamp,str,17205,17205,2025-02-07 09:28:00 | 2025-02-07 09:29:00 | 2025-02-07 09:30:00
CGMacros-039.csv,default,Libre GL,float64,17205,2963,211.0 | 210.86666666666667 | 210.7333333333333
CGMacros-039.csv,default,Dexcom GL,float64,14275,1405,223.0 | 223.6 | 224.2
CGMacros-039.csv,default,HR,float64,14338,107,74.0 | 79.0 | 76.0
CGMacros-039.csv,default,Calories (Activity),float64,17205,58,2.11800003051758 | 0.88249999284744 | 0.97074997425079
CGMacros-039.csv,default,METs,int64,17205,58,24 | 10 | 11
CGMacros-039.csv,default,Meal Type,str,34,4,lunch | snack | dinner
CGMacros-039.csv,default,Calories,float64,34,27,1180.0 | 215.0 | 1331.0
CGMacros-039.csv,default,Carbs,float64,34,22,81.0 | 49.0 | 87.0
CGMacros-039.csv,default,Protein,float64,34,18,88.0 | 1.0 | 96.0
CGMacros-039.csv,default,Fat,float64,34,17,54.5 | 0.0 | 66.0
CGMacros-039.csv,default,Fiber,float64,34,13,18.0 | 11.0 | 12.0
CGMacros-039.csv,default,Amount Consumed,float64,34,8,100.0 | 900.0 | 600.0
CGMacros-039.csv,default,Image path,str,66,66,photos/00000008-PHOTO-2025-2-7-11-19-0.jpg | photos/00000009-PHOTO-2025-2-7-11-36-0.jpg | photos/00000010-PHOTO-2025-2-7-14-32-0.jpg
CGMacros-041.csv,default,Timestamp,str,14310,14310,2022-04-26 09:04:00 | 2022-04-26 09:05:00 | 2022-04-26 09:06:00
CGMacros-041.csv,default,Libre GL,float64,14310,2123,192.0 | 190.8 | 189.6
CGMacros-041.csv,default,Dexcom GL,float64,14241,1031,166.0 | 165.2 | 164.4
CGMacros-041.csv,default,HR,float64,9848,81,83.0 | 82.0 | 77.0
CGMacros-041.csv,default,Calories (Activity),float64,14310,53,0.82539999485016 | 2.14603996276855 | 0.99048000574112
CGMacros-041.csv,default,METs,int64,14310,53,10 | 26 | 12
CGMacros-041.csv,default,Meal Type,str,48,4,lunch | snack | dinner
CGMacros-041.csv,default,Calories,float64,48,42,1180.0 | 0.0 | 448.0
CGMacros-041.csv,default,Carbs,float64,48,36,81.0 | 0.0 | 66.0
CGMacros-041.csv,default,Protein,float64,48,29,88.0 | 0.0 | 22.0
CGMacros-041.csv,default,Fat,float64,48,26,54.5 | 0.0 | 10.5
CGMacros-041.csv,default,Fiber,float64,48,15,18.0 | 0.0 | 10.0
CGMacros-041.csv,default,Amount Consumed,float64,48,6,75.0 | 0.0 | 100.0
CGMacros-041.csv,default,Image path,str,100,100,photos/00000007-PHOTO-2022-4-26-11-14-0.jpg | photos/00000009-PHOTO-2022-4-26-11-27-0.jpg | photos/00000012-PHOTO-2022-4-26-14-17-0.jpg
CGMacros-042.csv,default,Timestamp,str,14520,14520,2025-07-25 10:10:00 | 2025-07-25 10:11:00 | 2025-07-25 10:12:00
CGMacros-042.csv,default,Libre GL,float64,14520,1650,160.0 | 158.66666666666666 | 157.33333333333334
CGMacros-042.csv,default,Dexcom GL,float64,14275,857,122.0 | 121.6 | 121.2
CGMacros-042.csv,default,HR,float64,13235,98,97.0 | 98.0 | 96.0
CGMacros-042.csv,default,Calories (Activity),float64,14520,70,1.10730004310608 | 2.87897992134094 | 4.65066003799438
CGMacros-042.csv,default,Intensity,int64,14520,4,0 | 1 | 2
CGMacros-042.csv,default,Meal Type,str,22,4,lunch | dinner | snack
CGMacros-042.csv,default,Calories,float64,22,17,1180.0 | 0.0 | 105.0
CGMacros-042.csv,default,Carbs,float64,22,14,81.0 | 0.0 | 27.0
CGMacros-042.csv,default,Protein,float64,22,12,88.0 | 0.0 | 1.0
CGMacros-042.csv,default,Fat,float64,22,11,54.5 | 0.0 | 10.5
CGMacros-042.csv,default,Fiber,float64,22,9,18.0 | 0.0 | 10.0
CGMacros-042.csv,default,Amount Consumed,float64,22,5,100.0 | 0.0 | 75.0
CGMacros-042.csv,default,Image path,str,36,36,photos/00000008-PHOTO-2025-7-25-12-53-0.jpg | photos/00000010-PHOTO-2025-7-25-15-26-0.jpg | photos/00000011-PHOTO-2025-7-25-15-28-0.jpg
CGMacros-043.csv,default,Timestamp,str,14520,14520,2025-10-14 09:09:00 | 2025-10-14 09:10:00 | 2025-10-14 09:11:00
CGMacros-043.csv,default,Libre GL,float64,14520,1592,113.0 | 111.8 | 110.6
CGMacros-043.csv,default,Dexcom GL,float64,14260,661,99.0 | 99.2 | 99.4
CGMacros-043.csv,default,HR,float64,14007,90,74.0 | 70.0 | 73.0
CGMacros-043.csv,default,Calories (Activity),float64,14520,165,1.31330001354218 | 4.72788000106812 | 1.96994996070862
CGMacros-043.csv,default,METs,int64,14520,78,11 | 39 | 16
CGMacros-043.csv,default,Meal Type,str,64,4,lunch | snack | dinner
CGMacros-043.csv,default,Calories,float64,64,52,1180.0 | 300.0 | 539.0
CGMacros-043.csv,default,Carbs,float64,64,40,81.0 | 17.0 | 60.0
CGMacros-043.csv,default,Protein,float64,64,29,88.0 | 22.0 | 32.0
CGMacros-043.csv,default,Fat,float64,64,33,54.5 | 18.0 | 21.0
CGMacros-043.csv,default,Fiber,float64,64,14,18.0 | 0.0 | 7.0
CGMacros-043.csv,default,Amount Consumed,float64,64,6,100.0 | 400.0 | 600.0
CGMacros-043.csv,default,Image path,str,121,121,photos/00000008-PHOTO-2025-10-14-13-4-0.jpg | photos/00000011-PHOTO-2025-10-14-17-9-0.jpg | photos/00000012-PHOTO-2025-10-14-17-21-0.jpg
CGMacros-044.csv,default,Timestamp,str,14535,14535,2022-10-17 08:36:00 | 2022-10-17 08:37:00 | 2022-10-17 08:38:00
CGMacros-044.csv,default,Libre GL,float64,14535,1900,154.0 | 153.06666666666666 | 152.13333333333333
CGMacros-044.csv,default,Dexcom GL,float64,14225,779,123.0 | 122.2 | 121.4
CGMacros-044.csv,default,HR,float64,12226,85,96.0 | 100.0 | 103.0
CGMacros-044.csv,default,Calories (Activity),float64,14535,289,0.99919998645782 | 1.09912002086639 | 3.49720001220703
CGMacros-044.csv,default,METs,int64,14535,91,10 | 11 | 34
CGMacros-044.csv,default,Meal Type,str,43,4,lunch | dinner | breakfast
CGMacros-044.csv,default,Calories,float64,43,37,1180.0 | 381.0 | 448.0
CGMacros-044.csv,default,Carbs,float64,43,27,81.0 | 65.0 | 66.0
CGMacros-044.csv,default,Protein,float64,43,23,88.0 | 19.0 | 22.0
CGMacros-044.csv,default,Fat,float64,43,19,54.5 | 4.0 | 10.5
CGMacros-044.csv,default,Fiber,float64,43,13,18.0 | 2.0 | 0.0
CGMacros-044.csv,default,Amount Consumed,float64,43,8,75.0 | 400.0 | 100.0
CGMacros-044.csv,default,Image path,str,86,86,photos/00000009-PHOTO-2022-10-17-12-15-0.jpg | photos/00000011-PHOTO-2022-10-17-12-41-0.jpg | photos/00000013-PHOTO-2022-10-17-19-59-0.jpg
CGMacros-045.csv,default,Timestamp,str,15570,15570,2025-03-25 19:59:00 | 2025-03-25 20:00:00 | 2025-03-25 20:01:00
CGMacros-045.csv,default,Libre GL,float64,15570,2790,69.0 | 69.2 | 69.4
CGMacros-045.csv,default,Dexcom GL,float64,13669,1198,125.4 | 124.8 | 124.2
CGMacros-045.csv,default,HR,float64,14597,62,81.0 | 82.0 | 80.0
CGMacros-045.csv,default,Calories (Activity),float64,14641,120,0.92250001430511 | 0.92229998111725 | 1.10676002502441
CGMacros-045.csv,default,METs,float64,14641,58,10.0 | 12.0 | 13.0
CGMacros-045.csv,default,Meal Type,str,32,4,snack | breakfast | lunch
CGMacros-045.csv,default,Calories,float64,32,24,120.0 | 448.0 | 830.0
CGMacros-045.csv,default,Carbs,float64,32,21,23.0 | 66.0 | 92.0
CGMacros-045.csv,default,Protein,float64,32,17,7.0 | 22.0 | 17.0
CGMacros-045.csv,default,Fat,float64,32,15,1.0 | 10.5 | 42.0
CGMacros-045.csv,default,Fiber,float64,32,12,11.0 | 0.0 | 10.0
CGMacros-045.csv,default,Amount Consumed,float64,32,7,1.0 | 100.0 | 75.0
CGMacros-045.csv,default,Image path,str,47,47,photos/00000010-PHOTO-2025-3-26-8-41-0.jpg | photos/00000011-PHOTO-2025-3-26-9-5-0.jpg | photos/00000013-PHOTO-2025-3-26-11-47-0.jpg
CGMacros-046.csv,default,Timestamp,str,14655,14655,2025-05-01 08:32:00 | 2025-05-01 08:33:00 | 2025-05-01 08:34:00
CGMacros-046.csv,default,Libre GL,float64,14655,3117,249.0 | 249.66666666666663 | 250.3333333333333
CGMacros-046.csv,default,Dexcom GL,float64,14245,1437,241.0 | 240.4 | 239.8
CGMacros-046.csv,default,HR,float64,13622,53,80.0 | 85.0 | 89.0
CGMacros-046.csv,default,Calories (Activity),float64,14655,49,1.06780004501343 | 1.1745799779892 | 1.38813996315002
CGMacros-046.csv,default,Intensity,int64,14655,4,0 | 1 | 2
CGMacros-046.csv,default,Meal Type,str,29,3,lunch | breakfast | dinner
CGMacros-046.csv,default,Calories,float64,29,24,1180.0 | 448.0 | 830.0
CGMacros-046.csv,default,Carbs,float64,29,19,81.0 | 66.0 | 92.0
CGMacros-046.csv,default,Protein,float64,29,18,88.0 | 22.0 | 17.0
CGMacros-046.csv,default,Fat,float64,29,17,54.5 | 10.5 | 42.0
CGMacros-046.csv,default,Fiber,float64,29,11,18.0 | 0.0 | 10.0
CGMacros-046.csv,default,Amount Consumed,float64,29,4,75.0 | 100.0 | 200.0
CGMacros-046.csv,default,Image path,str,50,50,photos/00000005-PHOTO-2025-5-1-11-58-0.jpg | photos/00000007-PHOTO-2025-5-1-12-10-0.jpg | photos/00000008-PHOTO-2025-5-1-21-9-0.jpg
CGMacros-047.csv,default,Timestamp,str,15690,15690,2025-10-30 08:49:00 | 2025-10-30 08:50:00 | 2025-10-30 08:51:00
CGMacros-047.csv,default,Libre GL,float64,15690,2565,159.0 | 157.86666666666667 | 156.73333333333332
CGMacros-047.csv,default,Dexcom GL,float64,14225,1137,189.0 | 188.8 | 188.6
CGMacros-047.csv,default,HR,float64,14400,86,76.0 | 80.0 | 67.0
CGMacros-047.csv,default,Calories (Activity),float64,15690,50,1.07430005073547 | 1.18173003196716 | 1.39658999443054
CGMacros-047.csv,default,METs,int64,15690,50,10 | 11 | 13
CGMacros-047.csv,default,Meal Type,str,29,3,lunch | dinner | breakfast
CGMacros-047.csv,default,Calories,float64,29,25,1180.0 | 451.0 | 448.0
CGMacros-047.csv,default,Carbs,float64,29,19,81.0 | 40.0 | 66.0
CGMacros-047.csv,default,Protein,float64,29,19,88.0 | 10.0 | 22.0
CGMacros-047.csv,default,Fat,float64,29,18,54.5 | 28.0 | 10.5
CGMacros-047.csv,default,Fiber,float64,29,12,18.0 | 1.0 | 0.0
CGMacros-047.csv,default,Amount Consumed,float64,29,4,75.0 | 300.0 | 100.0
CGMacros-047.csv,default,Image path,str,40,40,photos/00000008-PHOTO-2025-10-30-12-4-0.jpg | photos/00000011-PHOTO-2025-10-30-17-10-0.jpg | photos/00000012-PHOTO-2025-10-30-17-31-0.jpg
CGMacros-048.csv,default,Timestamp,str,17340,17340,2022-11-14 09:14:00 | 2022-11-14 09:15:00 | 2022-11-14 09:16:00
CGMacros-048.csv,default,Libre GL,float64,17340,1593,58.0 | 58.6 | 59.2
CGMacros-048.csv,default,Dexcom GL,float64,14260,732,107.0 | 105.0 | 103.0
CGMacros-048.csv,default,HR,float64,14347,99,94.0 | 98.0 | 97.0
CGMacros-048.csv,default,Calories (Activity),float64,17340,194,0.91479998826981 | 1.00627994537354 | 1.18923997879028
CGMacros-048.csv,default,METs,int64,17340,80,10 | 11 | 13
CGMacros-048.csv,default,Meal Type,str,36,4,lunch | dinner | breakfast
CGMacros-048.csv,default,Calories,float64,36,31,1180.0 | 20.0 | 723.0
CGMacros-048.csv,default,Carbs,float64,36,25,81.0 | 2.0 | 97.0
CGMacros-048.csv,default,Protein,float64,36,21,88.0 | 0.0 | 36.0
CGMacros-048.csv,default,Fat,float64,36,19,54.5 | 2.0 | 21.0
CGMacros-048.csv,default,Fiber,float64,36,13,18.0 | 2.0 | 10.0
CGMacros-048.csv,default,Amount Consumed,float64,36,6,75.0 | 0.0 | 100.0
CGMacros-048.csv,default,Image path,str,76,76,photos/00000005-PHOTO-2022-11-14-13-2-0.jpg | photos/00000006-PHOTO-2022-11-14-13-24-0.jpg | photos/00000007-PHOTO-2022-11-14-19-0-0.jpg
CGMacros-049.csv,default,Unnamed: 0,int64,15315,15315,0 | 1 | 2
CGMacros-049.csv,default,Timestamp,str,15315,15315,2025-05-11 08:53:00 | 2025-05-11 08:54:00 | 2025-05-11 08:55:00
CGMacros-049.csv,default,Libre GL,float64,15315,2940,154.0 | 157.06666666666666 | 160.13333333333333
CGMacros-049.csv,default,Dexcom GL,float64,14275,1273,234.0 | 232.6 | 231.2
CGMacros-049.csv,default,HR,float64,13974,102,74.0 | 72.0 | 71.0
CGMacros-049.csv,default,Calories (Activity),float64,15307,109,0.97699999809265 | 1.07469999790192 | 2.73559999465942
CGMacros-049.csv,default,METs,float64,15307,49,11.0 | 12.0 | 30.0
CGMacros-049.csv,default,Meal Type,str,28,3,lunch | dinner | breakfast
CGMacros-049.csv,default,Calories,float64,28,22,1180.0 | 57.0 | 448.0
CGMacros-049.csv,default,Carbs,float64,28,19,81.0 | 13.0 | 66.0
CGMacros-049.csv,default,Protein,float64,28,18,88.0 | 3.0 | 22.0
CGMacros-049.csv,default,Fat,float64,28,17,54.5 | 0.0 | 10.5
CGMacros-049.csv,default,Fiber,float64,28,14,18.0 | 4.0 | 0.0
CGMacros-049.csv,default,Amount Consumed,float64,28,8,75.0 | 300.0 | 100.0
CGMacros-049.csv,default,Image path,str,47,47,photos/00000006-PHOTO-2025-5-11-11-52-0.jpg | photos/00000008-PHOTO-2025-5-11-12-31-0.jpg | photos/00000010-PHOTO-2025-5-11-20-16-0.jpg
gut_health_test.csv,default,subject,int64,47,47,1 | 2 | 3
gut_health_test.csv,default,Gut Lining Health,float64,42,3,2.0 | 1.0 | 3.0
gut_health_test.csv,default,LPS Biosynthesis Pathways,float64,42,3,2.0 | 1.0 | 3.0
gut_health_test.csv,default,"Biofilm, Chemotaxis, and Virulence Pathways",float64,42,3,1.0 | 2.0 | 3.0
gut_health_test.csv,default,TMA Production Pathways,float64,42,3,2.0 | 1.0 | 3.0
gut_health_test.csv,default,Ammonia Production Pathways,float64,42,3,1.0 | 2.0 | 3.0
gut_health_test.csv,default,Metabolic Fitness,float64,42,3,3.0 | 2.0 | 1.0
gut_health_test.csv,default,Active Microbial Diversity,float64,42,3,2.0 | 1.0 | 3.0
gut_health_test.csv,default,Butyrate Production Pathways,float64,42,3,3.0 | 1.0 | 2.0
gut_health_test.csv,default,Flagellar Assembly Pathways,float64,42,3,2.0 | 1.0 | 3.0
gut_health_test.csv,default,Putrescine Production Pathways,float64,42,3,2.0 | 1.0 | 3.0
gut_health_test.csv,default,Uric Acid Production Pathways,float64,42,3,2.0 | 3.0 | 1.0
gut_health_test.csv,default,Bile Acid Metabolism Pathways,float64,42,3,3.0 | 1.0 | 2.0
gut_health_test.csv,default,Inflammatory Activity,float64,42,3,2.0 | 1.0 | 3.0
gut_health_test.csv,default,Gut Microbiome Health,float64,42,3,3.0 | 2.0 | 1.0
gut_health_test.csv,default,Digestive Efficiency,float64,42,3,1.0 | 2.0 | 3.0
gut_health_test.csv,default,Protein Fermentation,float64,42,3,1.0 | 2.0 | 3.0
gut_health_test.csv,default,Gas Production,float64,42,3,2.0 | 1.0 | 3.0
gut_health_test.csv,default,Methane Gas Production Pathways,float64,42,3,3.0 | 1.0 | 2.0
gut_health_test.csv,default,Sulfide Gas Production Pathways,float64,42,3,1.0 | 2.0 | 3.0
gut_health_test.csv,default,Oxalate Metabolism Pathways,float64,42,3,1.0 | 3.0 | 2.0
gut_health_test.csv,default,Salt Stress Pathways,float64,42,3,3.0 | 2.0 | 1.0
gut_health_test.csv,default,Microbiome-Induced Stress,float64,42,3,2.0 | 1.0 | 3.0
microbes.csv,default,subject,int64,45,45,1 | 2 | 3
microbes.csv,default,Abiotrophia defectiva ,float64,44,2,0.0 | 1.0
microbes.csv,default,Abiotrophia sp. HMSC24B09 ,float64,44,2,0.0 | 1.0
microbes.csv,default,Acetivibrio ethanolgignens ,float64,44,2,1.0 | 0.0
microbes.csv,default,Acetivibrio ethanolgignens strain ACET-33324 ,float64,44,2,0.0 | 1.0
microbes.csv,default,Achromobacter ,float64,44,2,0.0 | 1.0
microbes.csv,default,Acidaminococcus intestini RyC-MR95 ,float64,44,2,0.0 | 1.0
microbes.csv,default,Acidaminococcus sp. BV3L6 ,float64,44,2,0.0 | 1.0
microbes.csv,default,Acidaminococcus sp. D21 ,float64,44,2,0.0 | 1.0
microbes.csv,default,Acidaminococcus sp. HPA0509 ,float64,44,2,0.0 | 1.0
microbes.csv,default,Acidovorax sp. JS42 ,float64,44,2,0.0 | 1.0
microbes.csv,default,Acidovorax sp. NA3 ,float64,44,2,0.0 | 1.0
microbes.csv,default,Acidovorax sp. T1 ,float64,44,2,0.0 | 1.0
microbes.csv,default,Acinetobacter ,float64,44,2,1.0 | 0.0
microbes.csv,default,Acinetobacter johnsonii ,float64,44,2,0.0 | 1.0
microbes.csv,default,Acinetobacter towneri ,float64,44,2,0.0 | 1.0
microbes.csv,default,Actinobaculum sp. oral taxon 183 str. F0552 ,float64,44,2,0.0 | 1.0
microbes.csv,default,Actinomyces ,float64,44,2,0.0 | 1.0
microbes.csv,default,Actinomyces cardiffensis F0333 ,float64,44,2,0.0 | 1.0
microbes.csv,default,Actinomyces dentalis DSM 19115 ,float64,44,2,0.0 | 1.0
microbes.csv,default,Actinomyces georgiae ,float64,44,2,1.0 | 0.0
microbes.csv,default,Actinomyces gerencseriae DSM 6844 ,float64,44,2,0.0 | 1.0
microbes.csv,default,Actinomyces graevenitzii ,float64,44,2,0.0 | 1.0
microbes.csv,default,Actinomyces graevenitzii C83 ,float64,44,2,1.0 | 0.0
microbes.csv,default,Actinomyces graevenitzii F0530 ,float64,44,2,1.0 | 0.0
microbes.csv,default,Actinomyces howellii ,float64,44,2,0.0 | 1.0
microbes.csv,default,Actinomyces johnsonii ,float64,44,2,0.0 | 1.0
microbes.csv,default,Actinomyces massiliensis 4401292 ,float64,44,2,0.0 | 1.0
microbes.csv,default,Actinomyces massiliensis F0489 ,float64,44,2,1.0 | 0.0
microbes.csv,default,Actinomyces naeslundii ,float64,44,2,0.0 | 1.0
microbes.csv,default,Actinomyces odontolyticus ,float64,44,2,0.0 | 1.0
microbes.csv,default,Actinomyces oris strain T14V ,float64,44,2,0.0 | 1.0
microbes.csv,default,Actinomyces pacaensis ,float64,44,2,0.0 | 1.0
microbes.csv,default,Actinomyces slackii ,float64,44,2,0.0 | 1.0
microbes.csv,default,Actinomyces sp. Chiba101 ,float64,44,2,0.0 | 1.0
microbes.csv,default,Actinomyces sp. HMSC035G02 ,float64,44,2,1.0 | 0.0
microbes.csv,default,Actinomyces sp. HMSC08A09 ,float64,44,2,1.0 | 0.0
microbes.csv,default,Actinomyces sp. HMT 175 ,float64,44,2,0.0 | 1.0
microbes.csv,default,Actinomyces sp. HMT897 ,float64,44,2,0.0 | 1.0
microbes.csv,default,Actinomyces sp. HPA0247 ,float64,44,2,1.0 | 0.0
microbes.csv,default,Actinomyces sp. ICM39 ,float64,44,2,1.0 | 0.0
microbes.csv,default,Actinomyces sp. ICM47 ,float64,44,2,1.0 | 0.0
microbes.csv,default,Actinomyces sp. ICM54 ,float64,44,2,1.0 | 0.0
microbes.csv,default,Actinomyces sp. ICM58 ,float64,44,2,0.0 | 1.0
microbes.csv,default,Actinomyces sp. Marseille-P2825 sp. Marseille-P2825 ,float64,44,2,0.0 | 1.0
microbes.csv,default,Actinomyces sp. Marseille-P2985 strain Marseille-P2985T ,float64,44,2,1.0 | 0.0
microbes.csv,default,Actinomyces sp. S6-Spd3 ,float64,44,2,0.0 | 1.0
microbes.csv,default,Actinomyces sp. oral taxon 169 ,float64,44,2,0.0 | 1.0
microbes.csv,default,Actinomyces sp. oral taxon 170 str. F0386 ,float64,44,2,0.0 | 1.0
microbes.csv,default,Actinomyces sp. oral taxon 171 str. F0337 ,float64,44,2,1.0 | 0.0
microbes.csv,default,Actinomyces sp. oral taxon 172 str. F0311 ,float64,44,2,1.0 | 0.0
microbes.csv,default,Actinomyces sp. oral taxon 175 str. F0384 ,float64,44,2,1.0 | 0.0
microbes.csv,default,Actinomyces sp. oral taxon 178 str. F0338 ,float64,44,2,0.0 | 1.0
microbes.csv,default,Actinomyces sp. oral taxon 180 str. F0310 ,float64,44,2,0.0 | 1.0
microbes.csv,default,Actinomyces sp. oral taxon 181 str. F0379 ,float64,44,2,1.0 | 0.0
microbes.csv,default,Actinomyces sp. oral taxon 414 ,float64,44,2,0.0 | 1.0
microbes.csv,default,Actinomyces sp. oral taxon 448 str. F0400 ,float64,44,2,1.0 | 0.0
microbes.csv,default,Actinomyces sp. oral taxon 848 str. F0332 ,float64,44,2,1.0 | 0.0
microbes.csv,default,Actinomyces sp. oral taxon 849 str. F0330 ,float64,44,2,0.0 | 1.0
microbes.csv,default,Actinomyces sp. oral taxon 877 str. F0543 ,float64,44,2,0.0 | 1.0
microbes.csv,default,Actinomyces sp. oral taxon 897 ,float64,44,2,0.0 | 1.0
microbes.csv,default,Actinomyces sp. ph3 ,float64,44,2,1.0 | 0.0
microbes.csv,default,Actinomyces turicensis ,float64,44,2,0.0 | 1.0
microbes.csv,default,Actinomyces viscosus ,float64,44,2,0.0 | 1.0
microbes.csv,default,Adlercreutzia ,float64,44,2,0.0 | 1.0
microbes.csv,default,Adlercreutzia equolifaciens DSM 19450 ,float64,44,2,1.0 | 0.0
microbes.csv,default,Adlercreutzia sp. 8CFCBH1 ,float64,44,2,0.0 | 1.0
microbes.csv,default,Aerococcus christensenii ,float64,44,2,0.0 | 1.0
microbes.csv,default,Aerococcus sp. HMSC072A12 ,float64,44,2,1.0 | 0.0
microbes.csv,default,Aeromonas caviae ,float64,44,2,0.0 | 1.0
microbes.csv,default,Aeromonas sp. WP2-W18-CRE-05 ,float64,44,2,0.0 | 1.0
microbes.csv,default,Afipia birgiae 34632 ,float64,44,2,0.0 | 1.0
microbes.csv,default,Aggregatibacter ,float64,44,2,0.0 | 1.0
microbes.csv,default,Aggregatibacter aphrophilus ,float64,44,2,0.0 | 1.0
microbes.csv,default,Aggregatibacter aphrophilus ATCC 33389 ,float64,44,2,0.0 | 1.0
microbes.csv,default,Aggregatibacter segnis ATCC 33393 ,float64,44,2,0.0 | 1.0
microbes.csv,default,Aggregatibacter sp. 2125159857 ,float64,44,2,0.0 | 1.0
microbes.csv,default,Aggregatibacter sp. oral taxon 458 str. W10330 ,float64,44,2,0.0 | 1.0
microbes.csv,default,Agrobacterium fabacearum ,float64,44,2,0.0 | 1.0
microbes.csv,default,Akkermansia muciniphila ,float64,44,2,1.0 | 0.0
microbes.csv,default,Akkermansia muciniphila ATCC BAA-835 ,float64,44,2,0.0 | 1.0
microbes.csv,default,Akkermansia muciniphila strain YL44 ,float64,44,2,0.0 | 1.0
microbes.csv,default,Akkermansia sp. KLE1797 ,float64,44,2,0.0 | 1.0
microbes.csv,default,Akkermansia sp. KLE1798 ,float64,44,2,1.0 | 0.0
microbes.csv,default,Alicycliphilus denitrificans K601 ,float64,44,2,1.0 | 0.0
microbes.csv,default,Alistipes ,float64,44,2,0.0 | 1.0
microbes.csv,default,Alistipes communis ,float64,44,2,0.0 | 1.0
microbes.csv,default,Alistipes dispar ,float64,44,2,0.0 | 1.0
microbes.csv,default,Alistipes finegoldii DSM 17242 ,float64,44,2,1.0 | 0.0
microbes.csv,default,Alistipes ihumii AP11 ,float64,44,2,1.0 | 0.0
microbes.csv,default,Alistipes indistinctus ,float64,44,2,0.0 | 1.0
microbes.csv,default,Alistipes indistinctus YIT 12060 ,float64,44,2,0.0 | 1.0
microbes.csv,default,Alistipes inops strain 627 ,float64,44,2,0.0 | 1.0
microbes.csv,default,Alistipes megaguti ,float64,44,2,0.0 | 1.0
microbes.csv,default,Alistipes obesi ,float64,44,2,1.0 | 0.0
microbes.csv,default,Alistipes onderdonkii ,float64,44,2,0.0 | 1.0
microbes.csv,default,Alistipes onderdonkii WAL 8169 = DSM 19147 ,float64,44,2,1.0 | 0.0
microbes.csv,default,Alistipes putredinis DSM 17216 ,float64,44,2,1.0 | 0.0
microbes.csv,default,Alistipes senegalensis ,float64,44,2,0.0 | 1.0
microbes.csv,default,Alistipes senegalensis JC50 ,float64,44,2,1.0 | 0.0
microbes.csv,default,Alistipes shahii WAL 8301 ,float64,44,2,1.0 | 0.0
microbes.csv,default,Alistipes sp. AL-1 ,float64,44,2,1.0 | 0.0
microbes.csv,default,Alistipes sp. HGB5 ,float64,44,2,1.0 | 0.0
microbes.csv,default,Alistipes sp. Marseille-P2431 sp. Marseille-P2431 ,float64,44,2,1.0 | 0.0
microbes.csv,default,Alistipes sp. dk3624 ,float64,44,2,0.0 | 1.0
microbes.csv,default,Alistipes timonensis JC136 ,float64,44,2,0.0 | 1.0
microbes.csv,default,Alloprevotella ,float64,44,2,1.0 | 0.0
microbes.csv,default,Alloprevotella sp. E39 ,float64,44,2,0.0 | 1.0
microbes.csv,default,Alloprevotella tannerae ATCC 51259 ,float64,44,2,0.0 | 1.0
microbes.csv,default,Alphaendornavirus ,float64,44,2,0.0 | 1.0
microbes.csv,default,Alternaria alternata strain SRC1lrK2f ,float64,44,2,0.0 | 1.0
microbes.csv,default,Amedibacterium ,float64,44,2,0.0 | 1.0
microbes.csv,default,Amedibacterium intestinale ,float64,44,2,0.0 | 1.0
microbes.csv,default,Aminipila sp. JN-18 ,float64,44,2,0.0 | 1.0
microbes.csv,default,Anaerobutyricum ,float64,44,2,0.0 | 1.0
microbes.csv,default,Anaerobutyricum hallii ,float64,44,2,0.0 | 1.0
microbes.csv,default,Anaerococcus ,float64,44,2,0.0 | 1.0
microbes.csv,default,Anaerococcus lactolyticus ATCC 51172 ,float64,44,2,0.0 | 1.0
microbes.csv,default,Anaerococcus mediterraneensis ,float64,44,2,0.0 | 1.0
microbes.csv,default,Anaerococcus obesiensis ,float64,44,2,0.0 | 1.0
microbes.csv,default,Anaerococcus obesiensis ph10 ,float64,44,2,0.0 | 1.0
microbes.csv,default,Anaerococcus prevotii DSM 20548 ,float64,44,2,0.0 | 1.0
microbes.csv,default,Anaerococcus sp. HMSC065G05 ,float64,44,2,0.0 | 1.0
microbes.csv,default,Anaerococcus sp. HMSC068A02 ,float64,44,2,0.0 | 1.0
microbes.csv,default,Anaerococcus sp. HMSC075B03 ,float64,44,2,0.0 | 1.0
microbes.csv,default,"Anaerococcus sp. Marseille-P2143 strain Marseille-P2143, sp. FC4 ",float64,44,2,0.0 | 1.0
microbes.csv,default,Anaerococcus tetradius ATCC 35098 ,float64,44,2,0.0 | 1.0
microbes.csv,default,Anaerococcus tetradius strain MJR8151 ,float64,44,2,0.0 | 1.0
microbes.csv,default,Anaerococcus vaginalis ,float64,44,2,0.0 | 1.0
microbes.csv,default,Anaerococcus vaginalis ATCC 51170 ,float64,44,2,0.0 | 1.0
microbes.csv,default,Anaerococcus vaginalis strain PH9 ,float64,44,2,0.0 | 1.0
microbes.csv,default,Anaerofustis stercorihominis ,float64,44,2,1.0 | 0.0
microbes.csv,default,Anaeroglobus geminatus F0357 ,float64,44,2,0.0 | 1.0
microbes.csv,default,Anaerosphaera sp. HMSC064C01 ,float64,44,2,1.0 | 0.0
microbes.csv,default,Anaerosporobacter mobilis DSM 15930 ,float64,44,2,1.0 | 0.0
microbes.csv,default,Anaerostipes ,float64,44,2,0.0 | 1.0
microbes.csv,default,Anaerostipes caccae ,float64,44,2,1.0 | 0.0
microbes.csv,default,Anaerostipes hadrus ,float64,44,2,0.0 | 1.0
microbes.csv,default,Anaerostipes hadrus strain BPB5 ,float64,44,2,1.0 | 0.0
microbes.csv,default,Anaerostipes rhamnosivorans ,float64,44,2,1.0 | 0.0
microbes.csv,default,Anaerostipes sp. 3_2_56FAA ,float64,44,2,1.0 | 0.0
microbes.csv,default,Anaerostipes sp. 494a ,float64,44,2,0.0 | 1.0
microbes.csv,default,Anaerostipes sp. 992a ,float64,44,2,0.0 | 1.0
microbes.csv,default,Anaerotruncus colihominis ,float64,44,2,1.0 | 0.0
microbes.csv,default,Anaerotruncus rubiinfantis ,float64,44,2,1.0 | 0.0
microbes.csv,default,Anaerotruncus sp. G3(2012) ,float64,44,2,0.0 | 1.0
microbes.csv,default,Angelakisella massiliensis strain Marseille-P3217 ,float64,44,2,1.0 | 0.0
microbes.csv,default,Angomonas deanei ,float64,44,2,0.0 | 1.0
microbes.csv,default,Anoxybacillus ,float64,44,2,0.0 | 1.0
microbes.csv,default,Anoxybacillus flavithermus ,float64,44,2,0.0 | 1.0
microbes.csv,default,Apple luteovirus 1 ,float64,44,2,0.0 | 1.0
microbes.csv,default,Aquabacterium parvum strain B6 ,float64,44,2,0.0 | 1.0
microbes.csv,default,Aquabacterium sp. NJ1 ,float64,44,2,0.0 | 1.0
microbes.csv,default,Arachnia ,float64,44,2,0.0 | 1.0
microbes.csv,default,Arachnia propionica ,float64,44,2,0.0 | 1.0
microbes.csv,default,Arachnia propionica F0230a ,float64,44,2,0.0 | 1.0
microbes.csv,default,Aspergillus ,float64,44,2,0.0 | 1.0
microbes.csv,default,Aspergillus chevalieri ,float64,44,2,0.0 | 1.0
microbes.csv,default,Aspergillus flavus ,float64,44,2,0.0 | 1.0
microbes.csv,default,Aspergillus niger ,float64,44,2,0.0 | 1.0
microbes.csv,default,Atlantibacter hermannii ,float64,44,2,0.0 | 1.0
microbes.csv,default,Atopobium ,float64,44,2,0.0 | 1.0
microbes.csv,default,Atopobium parvulum DSM 20469 ,float64,44,2,0.0 | 1.0
microbes.csv,default,Atopobium rimae ,float64,44,2,0.0 | 1.0
microbes.csv,default,Atopobium rimae ATCC 49626 ,float64,44,2,1.0 | 0.0
microbes.csv,default,Atopobium rimae strain DSM ,float64,44,2,1.0 | 0.0
microbes.csv,default,Atopobium sp. BS2 ,float64,44,2,1.0 | 0.0
microbes.csv,default,Atopobium sp. ICM42b ,float64,44,2,1.0 | 0.0
microbes.csv,default,Aureobasidium melanogenum ,float64,44,2,0.0 | 1.0
microbes.csv,default,Avibacterium paragallinarum ,float64,44,2,0.0 | 1.0
microbes.csv,default,Bacillus siamensis strain SRCM100169 ,float64,44,2,0.0 | 1.0
microbes.csv,default,Bacillus subtilis ,float64,44,2,0.0 | 1.0
microbes.csv,default,Bacteroidales bacterium KA00344 ,float64,44,2,0.0 | 1.0
microbes.csv,default,Bacteroides ,float64,44,2,0.0 | 1.0
microbes.csv,default,Bacteroides acidifaciens ,float64,44,2,1.0 | 0.0
microbes.csv,default,Bacteroides acidifaciens JCM 10556 ,float64,44,2,1.0 | 0.0
microbes.csv,default,Bacteroides barnesiae DSM 18169 = JCM 13652 ,float64,44,2,1.0 | 0.0
microbes.csv,default,Bacteroides caccae ,float64,44,2,1.0 | 0.0
microbes.csv,default,Bacteroides caecimuris ,float64,44,2,0.0 | 1.0
microbes.csv,default,Bacteroides caecimuris strain I48 ,float64,44,2,1.0 | 0.0
microbes.csv,default,Bacteroides cellulosilyticus ,float64,44,2,0.0 | 1.0
microbes.csv,default,Bacteroides cellulosilyticus strain WH2 ,float64,44,2,1.0 | 0.0
microbes.csv,default,Bacteroides clarus ,float64,44,2,1.0 | 0.0
microbes.csv,default,Bacteroides coprocola ,float64,44,2,1.0 | 0.0
microbes.csv,default,Bacteroides coprophilus ,float64,44,2,0.0 | 1.0
microbes.csv,default,Bacteroides coprosuis DSM 18011 ,float64,44,2,0.0 | 1.0
microbes.csv,default,Bacteroides dorei CL03T12C01 ,float64,44,2,1.0 | 0.0
microbes.csv,default,Bacteroides eggerthii ,float64,44,2,0.0 | 1.0
microbes.csv,default,Bacteroides eggerthii 1_2_48FAA ,float64,44,2,1.0 | 0.0
microbes.csv,default,Bacteroides eggerthii DSM 20697 ,float64,44,2,1.0 | 0.0
microbes.csv,default,Bacteroides faecichinchillae strain DSM ,float64,44,2,1.0 | 0.0
microbes.csv,default,Bacteroides faecis ,float64,44,2,1.0 | 0.0
microbes.csv,default,Bacteroides finegoldii ,float64,44,2,1.0 | 0.0
microbes.csv,default,Bacteroides fluxus ,float64,44,2,1.0 | 0.0
microbes.csv,default,Bacteroides fragilis ,float64,44,2,1.0 | 0.0
microbes.csv,default,Bacteroides fragilis 638R ,float64,44,2,1.0 | 0.0
microbes.csv,default,Bacteroides fragilis NCTC 9343 ,float64,44,2,1.0 | 0.0
microbes.csv,default,Bacteroides fragilis YCH46 ,float64,44,2,1.0 | 0.0
microbes.csv,default,Bacteroides fragilis str. 3-F-2 #6 ,float64,44,2,1.0 | 0.0
microbes.csv,default,Bacteroides fragilis strain BOB25 ,float64,44,2,1.0 | 0.0
microbes.csv,default,Bacteroides fragilis strain S14 ,float64,44,2,1.0 | 0.0
microbes.csv,default,Bacteroides gallinarum DSM 18171 = JCM 13658 ,float64,44,2,1.0 | 0.0
microbes.csv,default,Bacteroides graminisolvens DSM 19988 = JCM 15093 ,float64,44,2,0.0 | 1.0
microbes.csv,default,Bacteroides helcogenes P 36-108 ,float64,44,2,0.0 | 1.0
microbes.csv,default,Bacteroides heparinolyticus ,float64,44,2,0.0 | 1.0
microbes.csv,default,Bacteroides intestinalis ,float64,44,2,1.0 | 0.0
microbes.csv,default,Bacteroides massiliensis ,float64,44,2,0.0 | 1.0
microbes.csv,default,Bacteroides massiliensis dnLKV3 ,float64,44,2,1.0 | 0.0
microbes.csv,default,Bacteroides mediterraneensis strain Marseille-P2644 ,float64,44,2,1.0 | 0.0
microbes.csv,default,Bacteroides neonati strain MS4 ,float64,44,2,1.0 | 0.0
microbes.csv,default,Bacteroides nordii ,float64,44,2,1.0 | 0.0
microbes.csv,default,Bacteroides oleiciplenus ,float64,44,2,1.0 | 0.0
microbes.csv,default,Bacteroides ovatus ,float64,44,2,0.0 | 1.0
microbes.csv,default,Bacteroides ovatus V975 ,float64,44,2,1.0 | 0.0
microbes.csv,default,Bacteroides ovatus strain ATCC ,float64,44,2,1.0 | 0.0
microbes.csv,default,Bacteroides paurosaccharolyticus JCM 15092 ,float64,44,2,1.0 | 0.0
microbes.csv,default,Bacteroides phage crAss001 ,float64,44,2,0.0 | 1.0
microbes.csv,default,Bacteroides plebeius ,float64,44,2,1.0 | 0.0
microbes.csv,default,Bacteroides pyogenes ,float64,44,2,1.0 | 0.0
microbes.csv,default,Bacteroides salanitronis DSM 18170 ,float64,44,2,1.0 | 0.0
microbes.csv,default,Bacteroides salyersiae ,float64,44,2,1.0 | 0.0
microbes.csv,default,Bacteroides sp. 14(A) ,float64,44,2,1.0 | 0.0
microbes.csv,default,Bacteroides sp. 1_1_30 ,float64,44,2,1.0 | 0.0
microbes.csv,default,Bacteroides sp. 1_1_6 ,float64,44,2,1.0 | 0.0
microbes.csv,default,Bacteroides sp. 2_1_16 ,float64,44,2,1.0 | 0.0
microbes.csv,default,Bacteroides sp. 2_1_22 ,float64,44,2,1.0 | 0.0
microbes.csv,default,Bacteroides sp. 2_1_33B ,float64,44,2,1.0 | 0.0
microbes.csv,default,Bacteroides sp. 2_1_56FAA ,float64,44,2,1.0 | 0.0
microbes.csv,default,Bacteroides sp. 2_2_4 ,float64,44,2,1.0 | 0.0
microbes.csv,default,Bacteroides sp. 3_1_13 ,float64,44,2,1.0 | 0.0
microbes.csv,default,Bacteroides sp. 3_1_19 ,float64,44,2,1.0 | 0.0
microbes.csv,default,Bacteroides sp. 3_1_23 ,float64,44,2,1.0 | 0.0
microbes.csv,default,Bacteroides sp. 3_1_33FAA ,float64,44,2,1.0 | 0.0
microbes.csv,default,Bacteroides sp. 3_1_40A ,float64,44,2,1.0 | 0.0
microbes.csv,default,Bacteroides sp. 4_1_36 ,float64,44,2,1.0 | 0.0
microbes.csv,default,Bacteroides sp. 4_3_47FAA ,float64,44,2,1.0 | 0.0
microbes.csv,default,Bacteroides sp. 9_1_42FAA ,float64,44,2,1.0 | 0.0
microbes.csv,default,Bacteroides sp. A1C1 ,float64,44,2,0.0 | 1.0
microbes.csv,default,Bacteroides sp. CACC 737 ,float64,44,2,0.0 | 1.0
microbes.csv,default,Bacteroides sp. CBA7301 ,float64,44,2,0.0 | 1.0
microbes.csv,default,Bacteroides sp. D2 ,float64,44,2,1.0 | 0.0
microbes.csv,default,Bacteroides sp. D20 ,float64,44,2,1.0 | 0.0
microbes.csv,default,Bacteroides sp. D22 ,float64,44,2,1.0 | 0.0
microbes.csv,default,Bacteroides sp. HF-162 ,float64,44,2,0.0 | 1.0
microbes.csv,default,Bacteroides sp. HF-5141 ,float64,44,2,0.0 | 1.0
microbes.csv,default,Bacteroides sp. HF-5287 ,float64,44,2,0.0 | 1.0
microbes.csv,default,Bacteroides sp. HMSC067B03 ,float64,44,2,1.0 | 0.0
microbes.csv,default,Bacteroides sp. HMSC068A09 ,float64,44,2,1.0 | 0.0
microbes.csv,default,Bacteroides sp. HMSC073E02 ,float64,44,2,1.0 | 0.0
microbes.csv,default,Bacteroides sp. HPS0048 ,float64,44,2,1.0 | 0.0
microbes.csv,default,Bacteroides sp. Marseille-P2653 ,float64,44,2,1.0 | 0.0
microbes.csv,default,Bacteroides sp. Marseille-P3108 sp. Marseille-P3108 ,float64,44,2,1.0 | 0.0
microbes.csv,default,Bacteroides sp. Marseille-P3132 sp. Marseille-P3132 ,float64,44,2,1.0 | 0.0
microbes.csv,default,Bacteroides sp. Marseille-P3166 sp. Marseille-P3166 ,float64,44,2,0.0 | 1.0
microbes.csv,default,Bacteroides sp. Marseille-P3208T strain Marseille-P3208 ,float64,44,2,1.0 | 0.0
microbes.csv,default,Bacteroides sp. PHL 2737 ,float64,44,2,0.0 | 1.0
microbes.csv,default,Bacteroides sp. ZJ-18 ,float64,44,2,0.0 | 1.0
microbes.csv,default,Bacteroides stercorirosoris ,float64,44,2,1.0 | 0.0
microbes.csv,default,Bacteroides stercoris ATCC 43183 ,float64,44,2,1.0 | 0.0
microbes.csv,default,Bacteroides stercoris CC31F ,float64,44,2,1.0 | 0.0
microbes.csv,default,Bacteroides stercoris strain CL09T03C01 ,float64,44,2,0.0 | 1.0
microbes.csv,default,Bacteroides stercoris strain DSM ,float64,44,2,1.0 | 0.0
microbes.csv,default,Bacteroides thetaiotaomicron ,float64,44,2,0.0 | 1.0
microbes.csv,default,Bacteroides thetaiotaomicron VPI-5482 ,float64,44,2,1.0 | 0.0
microbes.csv,default,Bacteroides thetaiotaomicron strain 7330 ,float64,44,2,1.0 | 0.0
microbes.csv,default,Bacteroides timonensis AP1 ,float64,44,2,1.0 | 0.0
microbes.csv,default,Bacteroides uniformis ,float64,44,2,1.0 | 0.0
microbes.csv,default,Bacteroides vulgatus ATCC 8482 ,float64,44,2,1.0 | 0.0
microbes.csv,default,Bacteroides xylanisolvens ,float64,44,2,1.0 | 0.0
microbes.csv,default,Bacteroides zoogleoformans ,float64,44,2,0.0 | 1.0
microbes.csv,default,Bariatricus massiliensis strain AT12 ,float64,44,2,1.0 | 0.0
microbes.csv,default,Barnesiella intestinihominis YIT 11860 ,float64,44,2,1.0 | 0.0
microbes.csv,default,Barnesiella viscericola DSM 18177 ,float64,44,2,0.0 | 1.0
microbes.csv,default,Beet necrotic yellow vein virus ,float64,44,2,0.0 | 1.0
microbes.csv,default,Berryella intestinalis ,float64,44,2,0.0 | 1.0
microbes.csv,default,Bifidobacterium ,float64,44,2,0.0 | 1.0
microbes.csv,default,Bifidobacterium adolescentis ,float64,44,2,0.0 | 1.0
microbes.csv,default,Bifidobacterium adolescentis ATCC 15703 ,float64,44,2,1.0 | 0.0
microbes.csv,default,Bifidobacterium adolescentis strain 22L ,float64,44,2,1.0 | 0.0
microbes.csv,default,Bifidobacterium adolescentis strain BBMN23 ,float64,44,2,1.0 | 0.0
microbes.csv,default,Bifidobacterium angulatum DSM 20098 = JCM 7096 ,float64,44,2,0.0 | 1.0
microbes.csv,default,Bifidobacterium animalis ,float64,44,2,0.0 | 1.0
microbes.csv,default,Bifidobacterium biavatii DSM 23969 ,float64,44,2,0.0 | 1.0
microbes.csv,default,Bifidobacterium bifidum ,float64,44,2,0.0 | 1.0
microbes.csv,default,Bifidobacterium bifidum ATCC 29521 = JCM 1255 = DSM 20456 ,float64,44,2,0.0 | 1.0
microbes.csv,default,Bifidobacterium bifidum ATCC 29521 = JCM 1255 = DSM 20456.1 ,float64,44,1,0.0
microbes.csv,default,Bifidobacterium bifidum BGN4 ,float64,44,2,0.0 | 1.0
microbes.csv,default,Bifidobacterium bifidum BGN4.1 ,float64,44,1,0.0
microbes.csv,default,Bifidobacterium bifidum LMG 13195 ,float64,44,2,0.0 | 1.0
microbes.csv,default,Bifidobacterium bifidum NCIMB 41171 ,float64,44,2,0.0 | 1.0
microbes.csv,default,Bifidobacterium bifidum PRL2010 ,float64,44,2,0.0 | 1.0
microbes.csv,default,Bifidobacterium bifidum PRL2010.1 ,float64,44,1,0.0
microbes.csv,default,Bifidobacterium bifidum S17 ,float64,44,2,0.0 | 1.0
microbes.csv,default,Bifidobacterium bifidum S17.1 ,float64,44,1,0.0
microbes.csv,default,Bifidobacterium bifidum strain 156B ,float64,44,2,0.0 | 1.0
microbes.csv,default,Bifidobacterium bifidum strain 2789STDY5608877 ,float64,44,2,0.0 | 1.0
microbes.csv,default,Bifidobacterium bifidum strain 791 ,float64,44,2,1.0 | 0.0
microbes.csv,default,Bifidobacterium bifidum strain 85B ,float64,44,2,0.0 | 1.0
microbes.csv,default,Bifidobacterium bifidum strain BF3 ,float64,44,2,0.0 | 1.0
microbes.csv,default,Bifidobacterium bifidum strain LMG ,float64,44,2,1.0 | 0.0
microbes.csv,default,Bifidobacterium bifidum strain MJR8628B ,float64,44,2,0.0 | 1.0
microbes.csv,default,Bifidobacterium breve ,float64,44,2,1.0 | 0.0
microbes.csv,default,Bifidobacterium breve 689b ,float64,44,2,0.0 | 1.0
microbes.csv,default,Bifidobacterium breve 689b.1 ,float64,44,1,0.0
microbes.csv,default,Bifidobacterium breve ACS-071-V-Sch8b ,float64,44,2,0.0 | 1.0
microbes.csv,default,Bifidobacterium breve CECT 7263 ,float64,44,2,0.0 | 1.0
microbes.csv,default,Bifidobacterium breve JCM 7017 ,float64,44,2,0.0 | 1.0
microbes.csv,default,Bifidobacterium breve JCM 7019 ,float64,44,2,0.0 | 1.0
microbes.csv,default,Bifidobacterium breve MCC 0121 ,float64,44,2,0.0 | 1.0
microbes.csv,default,Bifidobacterium catenulatum ,float64,44,2,0.0 | 1.0
microbes.csv,default,Bifidobacterium catenulatum DSM 16992 = JCM 1194 = LMG 11043 ,float64,44,2,1.0 | 0.0
microbes.csv,default,Bifidobacterium catenulatum subsp. kashiwanohense ,float64,44,2,0.0 | 1.0
microbes.csv,default,Bifidobacterium catenulatum subsp. kashiwanohense JCM 15439 = DSM 21854 ,float64,44,2,0.0 | 1.0
microbes.csv,default,Bifidobacterium dentium ,float64,44,2,0.0 | 1.0
microbes.csv,default,Bifidobacterium dentium Bd1 ,float64,44,2,1.0 | 0.0
microbes.csv,default,Bifidobacterium dentium JCM 1195 = DSM 20436 ,float64,44,2,1.0 | 0.0
microbes.csv,default,Bifidobacterium gallinarum ,float64,44,2,0.0 | 1.0
microbes.csv,default,Bifidobacterium longum AGR2137 ,float64,44,2,1.0 | 0.0
microbes.csv,default,Bifidobacterium longum DJO10A ,float64,44,2,0.0 | 1.0
microbes.csv,default,Bifidobacterium longum DJO10A.1 ,float64,44,1,0.0
microbes.csv,default,Bifidobacterium longum E18 ,float64,44,2,0.0 | 1.0
microbes.csv,default,Bifidobacterium longum NCC2705 ,float64,44,2,0.0 | 1.0
microbes.csv,default,Bifidobacterium longum NCC2705.1 ,float64,44,1,0.0
microbes.csv,default,Bifidobacterium longum isolate Bifido_01 ,float64,44,2,0.0 | 1.0
microbes.csv,default,Bifidobacterium longum isolate Bifido_05 ,float64,44,2,1.0 | 0.0
microbes.csv,default,Bifidobacterium longum isolate Bifido_06 ,float64,44,2,0.0 | 1.0
microbes.csv,default,Bifidobacterium longum isolate Bifido_09 ,float64,44,2,0.0 | 1.0
microbes.csv,default,Bifidobacterium longum strain 379 ,float64,44,2,1.0 | 0.0
microbes.csv,default,Bifidobacterium longum strain BG7 ,float64,44,2,0.0 | 1.0
microbes.csv,default,Bifidobacterium longum subsp. infantis ,float64,44,2,0.0 | 1.0
microbes.csv,default,Bifidobacterium longum subsp. infantis 157F ,float64,44,2,0.0 | 1.0
microbes.csv,default,Bifidobacterium longum subsp. infantis 157F.1 ,float64,44,1,0.0
microbes.csv,default,Bifidobacterium longum subsp. infantis CCUG 52486 ,float64,44,2,1.0 | 0.0
microbes.csv,default,Bifidobacterium longum subsp. infantis strain CECT ,float64,44,2,1.0 | 0.0
microbes.csv,default,Bifidobacterium longum subsp. infantis strain IN-07 ,float64,44,2,1.0 | 0.0
microbes.csv,default,Bifidobacterium longum subsp. longum ,float64,44,2,1.0 | 0.0
microbes.csv,default,Bifidobacterium longum subsp. longum 1-6B ,float64,44,2,1.0 | 0.0
microbes.csv,default,Bifidobacterium longum subsp. longum 17-1B ,float64,44,2,0.0 | 1.0
microbes.csv,default,Bifidobacterium longum subsp. longum 2-2B ,float64,44,2,0.0 | 1.0
microbes.csv,default,Bifidobacterium longum subsp. longum 7-1B ,float64,44,2,1.0 | 0.0
microbes.csv,default,Bifidobacterium longum subsp. longum ATCC 55813 ,float64,44,2,0.0 | 1.0
microbes.csv,default,Bifidobacterium longum subsp. longum BBMN68 ,float64,44,2,1.0 | 0.0
microbes.csv,default,Bifidobacterium longum subsp. longum BBMN68.1 ,float64,44,1,0.0
microbes.csv,default,Bifidobacterium longum subsp. longum EK13 ,float64,44,2,0.0 | 1.0
microbes.csv,default,Bifidobacterium longum subsp. longum F8 ,float64,44,2,0.0 | 1.0
microbes.csv,default,Bifidobacterium longum subsp. longum GT15 ,float64,44,2,0.0 | 1.0
microbes.csv,default,Bifidobacterium longum subsp. longum GT15.1 ,float64,44,1,0.0
microbes.csv,default,Bifidobacterium longum subsp. longum JCM 1217 ,float64,44,2,0.0 | 1.0
microbes.csv,default,Bifidobacterium longum subsp. longum JCM 1217.1 ,float64,44,1,0.0
microbes.csv,default,Bifidobacterium longum subsp. longum JDM301 ,float64,44,2,0.0 | 1.0
microbes.csv,default,Bifidobacterium longum subsp. longum KACC 91563 ,float64,44,2,0.0 | 1.0
microbes.csv,default,Bifidobacterium longum subsp. longum KACC 91563.1 ,float64,44,1,0.0
microbes.csv,default,Bifidobacterium longum subsp. longum strain AH1206 ,float64,44,2,1.0 | 0.0
microbes.csv,default,Bifidobacterium longum subsp. longum strain LO-10 ,float64,44,2,0.0 | 1.0
microbes.csv,default,Bifidobacterium longum subsp. longum strain LO-K29a ,float64,44,2,1.0 | 0.0
microbes.csv,default,Bifidobacterium longum subsp. longum strain MC-42 ,float64,44,2,1.0 | 0.0
microbes.csv,default,Bifidobacterium longum subsp. longum strain NCIMB8809 ,float64,44,2,0.0 | 1.0
microbes.csv,default,Bifidobacterium longum subsp. longum strain VMKB44 ,float64,44,2,1.0 | 0.0
microbes.csv,default,Bifidobacterium longum subsp. longum strain W11 ,float64,44,2,0.0 | 1.0
microbes.csv,default,Bifidobacterium longum subsp. longum.1 ,float64,44,1,0.0
microbes.csv,default,Bifidobacterium longum subsp. suillum ,float64,44,2,0.0 | 1.0
microbes.csv,default,Bifidobacterium longum subsp. suis strain BSM11-5 ,float64,44,2,1.0 | 0.0
microbes.csv,default,Bifidobacterium merycicum DSM 6492 ,float64,44,2,0.0 | 1.0
microbes.csv,default,Bifidobacterium merycicum strain LMG ,float64,44,2,0.0 | 1.0
microbes.csv,default,Bifidobacterium mongoliense ,float64,44,2,0.0 | 1.0
microbes.csv,default,Bifidobacterium moukalabense ,float64,44,2,0.0 | 1.0
microbes.csv,default,Bifidobacterium pseudocatenulatum ,float64,44,2,0.0 | 1.0
microbes.csv,default,Bifidobacterium pseudocatenulatum DSM 20438 = JCM 1200 = LMG 10505 ,float64,44,2,0.0 | 1.0
microbes.csv,default,Bifidobacterium pseudocatenulatum IPLA36007 ,float64,44,2,1.0 | 0.0
microbes.csv,default,Bifidobacterium pseudocatenulatum strain 2789STDY5834840 ,float64,44,2,1.0 | 0.0
microbes.csv,default,Bifidobacterium pseudocatenulatum strain CA-05 ,float64,44,2,1.0 | 0.0
microbes.csv,default,Bifidobacterium pseudocatenulatum strain CA-B29 ,float64,44,2,1.0 | 0.0
microbes.csv,default,Bifidobacterium pseudocatenulatum strain CA-C29 ,float64,44,2,0.0 | 1.0
microbes.csv,default,Bifidobacterium pseudocatenulatum strain CA-D29 ,float64,44,2,1.0 | 0.0
microbes.csv,default,Bifidobacterium pseudocatenulatum strain CA-K29a ,float64,44,2,1.0 | 0.0
microbes.csv,default,Bifidobacterium pseudocatenulatum strain CA-K29b ,float64,44,2,1.0 | 0.0
microbes.csv,default,Bifidobacterium pseudocatenulatum strain CECT ,float64,44,2,0.0 | 1.0
microbes.csv,default,Bifidobacterium pullorum DSM 20433 ,float64,44,2,0.0 | 1.0
microbes.csv,default,Bifidobacterium saeculare DSM 6531 = LMG 14934 ,float64,44,2,1.0 | 0.0
microbes.csv,default,Bifidobacterium sp. 12_1_47BFAA ,float64,44,2,0.0 | 1.0
microbes.csv,default,Bifidobacterium sp. MSTE12 ,float64,44,2,0.0 | 1.0
microbes.csv,default,Bilophila sp. 4_1_30 ,float64,44,2,1.0 | 0.0
microbes.csv,default,Bilophila wadsworthia 3_1_6 ,float64,44,2,1.0 | 0.0
microbes.csv,default,Bilophila wadsworthia ATCC 49260 ,float64,44,2,1.0 | 0.0
microbes.csv,default,Bittarella massiliensis strain GD6 ,float64,44,2,0.0 | 1.0
microbes.csv,default,Blastocystis hominis isolate B ,float64,44,2,0.0 | 1.0
microbes.csv,default,Blastocystis sp. ATCC 50177/Nand II ,float64,44,2,0.0 | 1.0
microbes.csv,default,Blastocystis sp. subtype 3 ,float64,44,2,0.0 | 1.0
microbes.csv,default,Blastocystis sp. subtype 4 strain WR1 ,float64,44,2,0.0 | 1.0
microbes.csv,default,Blautia ,float64,44,2,0.0 | 1.0
microbes.csv,default,Blautia argi ,float64,44,2,0.0 | 1.0
microbes.csv,default,Blautia hansenii DSM 20583 ,float64,44,2,1.0 | 0.0
microbes.csv,default,Blautia hydrogenotrophica DSM 10507 ,float64,44,2,1.0 | 0.0
microbes.csv,default,Blautia hydrogenotrophica strain 2789STDY5608857 ,float64,44,2,1.0 | 0.0
microbes.csv,default,Blautia massiliensis sp. GD8 ,float64,44,2,1.0 | 0.0
microbes.csv,default,Blautia obeum ATCC 29174 ,float64,44,2,1.0 | 0.0
microbes.csv,default,Blautia obeum strain 2789STDY5608837 ,float64,44,2,1.0 | 0.0
microbes.csv,default,Blautia obeum strain 2789STDY5608838 ,float64,44,2,1.0 | 0.0
microbes.csv,default,Blautia obeum strain 2789STDY5834861 ,float64,44,2,1.0 | 0.0
microbes.csv,default,Blautia obeum strain 2789STDY5834921 ,float64,44,2,1.0 | 0.0
microbes.csv,default,Blautia obeum strain 2789STDY5834957 ,float64,44,2,1.0 | 0.0
microbes.csv,default,Blautia producta ,float64,44,2,1.0 | 0.0
microbes.csv,default,Blautia producta ATCC 27340 = DSM 2950 ,float64,44,2,0.0 | 1.0
microbes.csv,default,Blautia schinkii DSM 10518 ,float64,44,2,1.0 | 0.0
microbes.csv,default,Blautia sp. KLE 1732 ,float64,44,2,1.0 | 0.0
microbes.csv,default,Blautia sp. LZLJ-3 ,float64,44,2,0.0 | 1.0
microbes.csv,default,Blautia sp. Marseille-P2398 ,float64,44,2,1.0 | 0.0
microbes.csv,default,Blautia sp. Marseille-P3087 sp. Marseille-P3087 ,float64,44,2,1.0 | 0.0
microbes.csv,default,Blautia sp. Marseille-P3201T strain Marseille-P3201 ,float64,44,2,1.0 | 0.0
microbes.csv,default,Blautia sp. N6H1-15 ,float64,44,2,1.0 | 0.0
microbes.csv,default,Blautia sp. SC05B48 ,float64,44,2,0.0 | 1.0
microbes.csv,default,Blautia sp. YL58 ,float64,44,2,0.0 | 1.0
microbes.csv,default,Blautia sp. YL58 sp. YL58 ,float64,44,2,0.0 | 1.0
microbes.csv,default,Blautia wexlerae ,float64,44,2,1.0 | 0.0
microbes.csv,default,Blumeria ,float64,44,2,0.0 | 1.0
microbes.csv,default,Bordetella trematum ,float64,44,2,0.0 | 1.0
microbes.csv,default,Borreliella bissettii DN127 ,float64,44,2,0.0 | 1.0
microbes.csv,default,Botrytis cinerea B05.10 ,float64,44,2,0.0 | 1.0
microbes.csv,default,Bradyrhizobium ,float64,44,2,0.0 | 1.0
microbes.csv,default,Brochothrix thermosphacta ,float64,44,2,0.0 | 1.0
microbes.csv,default,Brome mosaic virus ,float64,44,2,0.0 | 1.0
microbes.csv,default,Bubaline alphaherpesvirus 1 ,float64,44,2,0.0 | 1.0
microbes.csv,default,Bulleidia sp. zg-1006 ,float64,44,2,0.0 | 1.0
microbes.csv,default,Burkholderiales bacterium 1_1_47 ,float64,44,2,1.0 | 0.0
microbes.csv,default,Burkholderiales bacterium YL45 ,float64,44,2,1.0 | 0.0
microbes.csv,default,Butyricicoccus desmolans ATCC 43058 ,float64,44,2,0.0 | 1.0
microbes.csv,default,Butyricicoccus pullicaecorum ,float64,44,2,0.0 | 1.0
microbes.csv,default,Butyricimonas ,float64,44,2,0.0 | 1.0
microbes.csv,default,Butyricimonas faecalis ,float64,44,2,0.0 | 1.0
microbes.csv,default,Butyricimonas sp. Marseille-P2440 sp. Marseille-P2440 ,float64,44,2,1.0 | 0.0
microbes.csv,default,Butyricimonas synergistica ,float64,44,2,1.0 | 0.0
microbes.csv,default,Butyricimonas virosa ,float64,44,2,1.0 | 0.0
microbes.csv,default,Butyrivibrio crossotus DSM 2876 ,float64,44,2,0.0 | 1.0
microbes.csv,default,Butyrivibrio fibrisolvens ,float64,44,2,0.0 | 1.0
microbes.csv,default,Butyrivibrio fibrisolvens AB2020 ,float64,44,2,1.0 | 0.0
microbes.csv,default,Butyrivibrio sp. AD3002 ,float64,44,2,0.0 | 1.0
microbes.csv,default,Cactus virus X ,float64,44,2,0.0 | 1.0
microbes.csv,default,Caenorhabditis briggsae ,float64,44,2,0.0 | 1.0
microbes.csv,default,Candida albicans SC5314 ,float64,44,2,1.0 | 0.0
microbes.csv,default,Candidatus Methanomassiliicoccus intestinalis Issoire-Mx1 ,float64,44,2,0.0 | 1.0
microbes.csv,default,Candidatus Nanosynbacter ,float64,44,2,0.0 | 1.0
microbes.csv,default,Candidatus Nanosynbacter lyticus ,float64,44,2,0.0 | 1.0
microbes.csv,default,Candidatus Stoquefichus sp. KLE1796 ,float64,44,2,1.0 | 0.0
microbes.csv,default,Candidatus Stoquefichus sp. SB1 ,float64,44,2,0.0 | 1.0
microbes.csv,default,Capnocytophaga sp. oral taxon 329 str. F0087 ,float64,44,2,0.0 | 1.0
microbes.csv,default,Capnocytophaga sputigena ,float64,44,2,0.0 | 1.0
microbes.csv,default,Cardiobacterium hominis ,float64,44,2,0.0 | 1.0
microbes.csv,default,Carnobacterium divergens ,float64,44,2,0.0 | 1.0
microbes.csv,default,Carnobacterium maltaromaticum ,float64,44,2,0.0 | 1.0
microbes.csv,default,Carnobacterium maltaromaticum LMA28 ,float64,44,2,0.0 | 1.0
microbes.csv,default,Carrot cryptic virus ,float64,44,2,0.0 | 1.0
microbes.csv,default,Catabacter hongkongensis strain ABBA15k ,float64,44,2,1.0 | 0.0
microbes.csv,default,Catabacter hongkongensis strain HKU16 ,float64,44,2,1.0 | 0.0
microbes.csv,default,Catenibacterium mitsuokai ,float64,44,2,0.0 | 1.0
microbes.csv,default,Catonella morbi ATCC 51271 ,float64,44,2,1.0 | 0.0
microbes.csv,default,Caulobacter sp. K31 ,float64,44,2,0.0 | 1.0
microbes.csv,default,Cellulomonas carbonis T26 ,float64,44,2,0.0 | 1.0
microbes.csv,default,Christensenella ,float64,44,2,0.0 | 1.0
microbes.csv,default,Christensenella minuta ,float64,44,2,1.0 | 0.0
microbes.csv,default,Christensenella sp. AF73-05CM02 ,float64,44,2,1.0 | 0.0
microbes.csv,default,Christensenella sp. Marseille-P3954 ,float64,44,2,0.0 | 1.0
microbes.csv,default,Christensenella timonensis ,float64,44,2,0.0 | 1.0
microbes.csv,default,Chryseobacterium arthrosphaerae ,float64,44,2,0.0 | 1.0
microbes.csv,default,Chryseobacterium camelliae ,float64,44,2,0.0 | 1.0
microbes.csv,default,Chryseobacterium gallinarum strain DSM ,float64,44,2,0.0 | 1.0
microbes.csv,default,Chryseobacterium indologenes ,float64,44,2,0.0 | 1.0
microbes.csv,default,Chryseobacterium sp. ,float64,44,2,0.0 | 1.0
microbes.csv,default,Chryseobacterium sp. SNU WT5 ,float64,44,2,0.0 | 1.0
microbes.csv,default,Citrobacter amalonaticus ,float64,44,2,0.0 | 1.0
microbes.csv,default,Citrobacter amalonaticus strain FDAARGOS_122 ,float64,44,2,0.0 | 1.0
microbes.csv,default,Citrobacter braakii ,float64,44,2,0.0 | 1.0
microbes.csv,default,Citrobacter koseri ATCC BAA-895 ,float64,44,2,0.0 | 1.0
microbes.csv,default,Citrobacter pasteurii ,float64,44,2,0.0 | 1.0
microbes.csv,default,Citrobacter portucalensis ,float64,44,2,0.0 | 1.0
microbes.csv,default,Citrobacter sp. ABFQG ,float64,44,2,0.0 | 1.0
microbes.csv,default,Citrobacter sp. CF971 ,float64,44,2,0.0 | 1.0
microbes.csv,default,Citrobacter sp. FDAARGOS_156 ,float64,44,2,0.0 | 1.0
microbes.csv,default,Citrobacter sp. LUTT5 ,float64,44,2,0.0 | 1.0
microbes.csv,default,Citrobacter sp. LY-1 ,float64,44,2,0.0 | 1.0
microbes.csv,default,Citrobacter sp. RHB20-C15 ,float64,44,2,0.0 | 1.0
microbes.csv,default,Citrobacter sp. RHB20-C16 ,float64,44,2,0.0 | 1.0
microbes.csv,default,Citrobacter sp. RHBSTW-00053 ,float64,44,2,0.0 | 1.0
microbes.csv,default,Citrobacter sp. RHBSTW-00107 ,float64,44,2,0.0 | 1.0
microbes.csv,default,Citrobacter sp. RHBSTW-00127 ,float64,44,2,0.0 | 1.0
microbes.csv,default,Citrobacter sp. RHBSTW-00229 ,float64,44,2,0.0 | 1.0
microbes.csv,default,Citrobacter sp. RHBSTW-00446 ,float64,44,2,0.0 | 1.0
microbes.csv,default,Citrobacter sp. RHBSTW-00535 ,float64,44,2,0.0 | 1.0
microbes.csv,default,Citrobacter sp. RHBSTW-00696 ,float64,44,2,0.0 | 1.0
microbes.csv,default,Citrobacter sp. RHBSTW-00821 ,float64,44,2,0.0 | 1.0
microbes.csv,default,Citrobacter sp. RHBSTW-00859 ,float64,44,2,0.0 | 1.0
microbes.csv,default,Citrobacter sp. RHBSTW-00881 ,float64,44,2,0.0 | 1.0
microbes.csv,default,Citrobacter sp. RHBSTW-00903 ,float64,44,2,0.0 | 1.0
microbes.csv,default,Citrobacter sp. RHBSTW-00944 ,float64,44,2,0.0 | 1.0
microbes.csv,default,Citrobacter sp. RHBSTW-00986 ,float64,44,2,0.0 | 1.0
microbes.csv,default,Citrobacter sp. RHBSTW-01013 ,float64,44,2,0.0 | 1.0
microbes.csv,default,Citrobacter sp. Y3 ,float64,44,2,0.0 | 1.0
microbes.csv,default,Citrobacter youngae ,float64,44,2,0.0 | 1.0
microbes.csv,default,Clavispora lusitaniae ATCC 42720 ,float64,44,2,0.0 | 1.0
microbes.csv,default,Cloacibacillus evryensis DSM 19522 ,float64,44,2,0.0 | 1.0
microbes.csv,default,Cloacibacillus porcorum ,float64,44,2,0.0 | 1.0
microbes.csv,default,Clostridia bacterium UC5.1-1C12 ,float64,44,2,0.0 | 1.0
microbes.csv,default,Clostridia bacterium UC5.1-1D1 ,float64,44,2,1.0 | 0.0
microbes.csv,default,Clostridia bacterium UC5.1-1D10 ,float64,44,2,0.0 | 1.0
microbes.csv,default,Clostridia bacterium UC5.1-1E11 ,float64,44,2,1.0 | 0.0
microbes.csv,default,Clostridia bacterium UC5.1-2F7 ,float64,44,2,0.0 | 1.0
microbes.csv,default,Clostridia bacterium UC5.1-2H11 ,float64,44,2,1.0 | 0.0
microbes.csv,default,Clostridia bacterium UC5.1-2H6 ,float64,44,2,0.0 | 1.0
microbes.csv,default,Clostridiaceae bacterium MS3 ,float64,44,2,1.0 | 0.0
microbes.csv,default,Clostridiales bacterium ,float64,44,2,1.0 | 0.0
microbes.csv,default,Clostridiales bacterium 1_7_47FAA ,float64,44,2,1.0 | 0.0
microbes.csv,default,Clostridiales bacterium KLE1615 ,float64,44,2,1.0 | 0.0
microbes.csv,default,Clostridiales bacterium S5-A14a ,float64,44,2,0.0 | 1.0
microbes.csv,default,Clostridiales bacterium VE202-01 ,float64,44,2,0.0 | 1.0
microbes.csv,default,Clostridiales bacterium VE202-03 ,float64,44,2,1.0 | 0.0
microbes.csv,default,Clostridiales bacterium VE202-06 ,float64,44,2,1.0 | 0.0
microbes.csv,default,Clostridiales bacterium VE202-07 ,float64,44,2,1.0 | 0.0
microbes.csv,default,Clostridiales bacterium VE202-08 ,float64,44,2,0.0 | 1.0
microbes.csv,default,Clostridiales bacterium VE202-09 ,float64,44,2,1.0 | 0.0
microbes.csv,default,Clostridiales bacterium VE202-13 ,float64,44,2,1.0 | 0.0
microbes.csv,default,Clostridiales bacterium VE202-14 ,float64,44,2,0.0 | 1.0
microbes.csv,default,Clostridiales bacterium VE202-15 ,float64,44,2,1.0 | 0.0
microbes.csv,default,Clostridiales bacterium VE202-16 ,float64,44,2,1.0 | 0.0
microbes.csv,default,Clostridiales bacterium VE202-18 ,float64,44,2,0.0 | 1.0
microbes.csv,default,Clostridiales bacterium VE202-21 ,float64,44,2,1.0 | 0.0
microbes.csv,default,Clostridiales bacterium VE202-26 ,float64,44,2,1.0 | 0.0
microbes.csv,default,Clostridiales bacterium VE202-27 ,float64,44,2,1.0 | 0.0
microbes.csv,default,Clostridiales bacterium VE202-28 ,float64,44,2,1.0 | 0.0
microbes.csv,default,Clostridioides ,float64,44,2,0.0 | 1.0
microbes.csv,default,Clostridioides difficile ,float64,44,2,0.0 | 1.0
microbes.csv,default,Clostridioides difficile 2007855 ,float64,44,2,0.0 | 1.0
microbes.csv,default,Clostridioides difficile 630 ,float64,44,2,0.0 | 1.0
microbes.csv,default,Clostridioides difficile ATCC 9689 = DSM 1296 ,float64,44,2,0.0 | 1.0
microbes.csv,default,Clostridioides difficile P28 ,float64,44,2,1.0 | 0.0
microbes.csv,default,Clostridioides difficile R20291 ,float64,44,2,0.0 | 1.0
microbes.csv,default,Clostridioides difficile strain BR81 ,float64,44,2,0.0 | 1.0
microbes.csv,default,Clostridium ,float64,44,2,0.0 | 1.0
microbes.csv,default,Clostridium bornimense ,float64,44,2,0.0 | 1.0
microbes.csv,default,Clostridium butyricum ,float64,44,2,0.0 | 1.0
microbes.csv,default,Clostridium celatum ,float64,44,2,0.0 | 1.0
microbes.csv,default,Clostridium celatum DSM 1785 ,float64,44,2,0.0 | 1.0
microbes.csv,default,Clostridium cochlearium ,float64,44,2,0.0 | 1.0
microbes.csv,default,Clostridium disporicum ,float64,44,2,0.0 | 1.0
microbes.csv,default,Clostridium disporicum strain 2789STDY5608827 ,float64,44,2,0.0 | 1.0
microbes.csv,default,Clostridium disporicum strain 2789STDY5834855 ,float64,44,2,0.0 | 1.0
microbes.csv,default,Clostridium disporicum strain 2789STDY5834856 ,float64,44,2,0.0 | 1.0
microbes.csv,default,Clostridium paraputrificum ,float64,44,2,1.0 | 0.0
microbes.csv,default,Clostridium perfringens ,float64,44,2,0.0 | 1.0
microbes.csv,default,Clostridium perfringens ATCC 13124 ,float64,44,2,0.0 | 1.0
microbes.csv,default,Clostridium perfringens str. 13 ,float64,44,2,0.0 | 1.0
microbes.csv,default,Clostridium perfringens strain FORC_003 ,float64,44,2,0.0 | 1.0
microbes.csv,default,Clostridium perfringens strain JP55 ,float64,44,2,0.0 | 1.0
microbes.csv,default,Clostridium phoceensis ,float64,44,2,0.0 | 1.0
microbes.csv,default,Clostridium phoceensis strain GD3 ,float64,44,2,1.0 | 0.0
microbes.csv,default,Clostridium sartagoforme ,float64,44,2,0.0 | 1.0
microbes.csv,default,Clostridium saudiense strain JCC ,float64,44,2,0.0 | 1.0
microbes.csv,default,Clostridium sp. 1_1_41A1FAA ,float64,44,2,1.0 | 0.0
microbes.csv,default,Clostridium sp. 7_2_43FAA ,float64,44,2,0.0 | 1.0
microbes.csv,default,Clostridium sp. 7_3_54FAA ,float64,44,2,1.0 | 0.0
microbes.csv,default,Clostridium sp. ASF502 ,float64,44,2,1.0 | 0.0
microbes.csv,default,Clostridium sp. AT4 ,float64,44,2,1.0 | 0.0
microbes.csv,default,Clostridium sp. ATCC BAA-442 ,float64,44,2,1.0 | 0.0
microbes.csv,default,Clostridium sp. BNL1100 ,float64,44,2,0.0 | 1.0
microbes.csv,default,Clostridium sp. BR31 ,float64,44,2,1.0 | 0.0
microbes.csv,default,Clostridium sp. CL-2 ,float64,44,2,0.0 | 1.0
microbes.csv,default,Clostridium sp. D5 ,float64,44,2,1.0 | 0.0
microbes.csv,default,Clostridium sp. DSM 4029 ,float64,44,2,1.0 | 0.0
microbes.csv,default,Clostridium sp. FS41 ,float64,44,2,1.0 | 0.0
microbes.csv,default,Clostridium sp. HGF2 ,float64,44,2,1.0 | 0.0
microbes.csv,default,Clostridium sp. KLE 1755 ,float64,44,2,1.0 | 0.0
microbes.csv,default,Clostridium sp. KNHs214 ,float64,44,2,1.0 | 0.0
microbes.csv,default,Clostridium sp. L2-50 ,float64,44,2,1.0 | 0.0
microbes.csv,default,Clostridium sp. M62/1 ,float64,44,2,1.0 | 0.0
microbes.csv,default,Clostridium sp. Marseille-P2414 sp. Marseille-P2414 ,float64,44,2,0.0 | 1.0
microbes.csv,default,Clostridium sp. Marseille-P3244 sp. Marseille-P3244 ,float64,44,2,0.0 | 1.0
microbes.csv,default,Clostridium thermarum ,float64,44,2,0.0 | 1.0
microbes.csv,default,Clostridium tyrobutyricum strain KCTC ,float64,44,2,0.0 | 1.0
microbes.csv,default,Clostridium ventriculi ,float64,44,2,0.0 | 1.0
microbes.csv,default,Clostridium ventriculi strain 2789STDY5834858 ,float64,44,2,0.0 | 1.0
microbes.csv,default,Collinsella ,float64,44,2,0.0 | 1.0
microbes.csv,default,Collinsella aerofaciens ,float64,44,2,0.0 | 1.0
microbes.csv,default,Collinsella aerofaciens ATCC 25986 ,float64,44,2,0.0 | 1.0
microbes.csv,default,Collinsella intestinalis DSM 13280 ,float64,44,2,1.0 | 0.0
microbes.csv,default,Collinsella sp. 4_8_47FAA ,float64,44,2,0.0 | 1.0
microbes.csv,default,Collinsella sp. MS5 ,float64,44,2,0.0 | 1.0
microbes.csv,default,Collinsella sp. Marseille-P3245 sp. Marseille-P3245 ,float64,44,2,1.0 | 0.0
microbes.csv,default,Collinsella stercoris DSM 13279 ,float64,44,2,1.0 | 0.0
microbes.csv,default,Collinsella tanakaei ,float64,44,2,0.0 | 1.0
microbes.csv,default,Collinsella tanakaei YIT 12063 ,float64,44,2,0.0 | 1.0
microbes.csv,default,Comamonas kerstersii ,float64,44,2,0.0 | 1.0
microbes.csv,default,Coprobacillus cateniformis ,float64,44,2,1.0 | 0.0
microbes.csv,default,Coprobacillus sp. 3_3_56FAA ,float64,44,2,1.0 | 0.0
microbes.csv,default,Coprobacillus sp. 8_1_38FAA ,float64,44,2,1.0 | 0.0
microbes.csv,default,Coprobacillus sp. 8_2_54BFAA ,float64,44,2,0.0 | 1.0
microbes.csv,default,Coprobacillus sp. D6 ,float64,44,2,1.0 | 0.0
microbes.csv,default,Coprobacillus sp. D7 ,float64,44,2,1.0 | 0.0
microbes.csv,default,Coprobacter ,float64,44,2,0.0 | 1.0
microbes.csv,default,Coprobacter fastidiosus ,float64,44,2,0.0 | 1.0
microbes.csv,default,Coprobacter fastidiosus NSB1 ,float64,44,2,1.0 | 0.0
microbes.csv,default,Coprobacter secundus strain 177 ,float64,44,2,0.0 | 1.0
microbes.csv,default,Coprobacter sp. 2CBH44 ,float64,44,2,0.0 | 1.0
microbes.csv,default,Coprococcus ,float64,44,2,0.0 | 1.0
microbes.csv,default,Coprococcus comes ,float64,44,2,1.0 | 0.0
microbes.csv,default,Coprococcus eutactus ATCC 27759 ,float64,44,2,0.0 | 1.0
microbes.csv,default,Coprococcus eutactus strain 2789STDY5608829 ,float64,44,2,1.0 | 0.0
microbes.csv,default,Coprococcus eutactus strain 2789STDY5608843 ,float64,44,2,1.0 | 0.0
microbes.csv,default,Coprococcus eutactus strain 2789STDY5608888 ,float64,44,2,0.0 | 1.0
microbes.csv,default,Coprococcus eutactus strain 2789STDY5834963 ,float64,44,2,1.0 | 0.0
microbes.csv,default,Coprococcus sp. HPP0048 ,float64,44,2,1.0 | 0.0
microbes.csv,default,Coprococcus sp. HPP0074 ,float64,44,2,1.0 | 0.0
microbes.csv,default,Corynebacterium ,float64,44,2,0.0 | 1.0
microbes.csv,default,Corynebacterium genitalium ,float64,44,2,0.0 | 1.0
microbes.csv,default,Corynebacterium kefirresidentii ,float64,44,2,0.0 | 1.0
microbes.csv,default,Corynebacterium matruchotii ,float64,44,2,0.0 | 1.0
microbes.csv,default,Corynebacterium propinquum ,float64,44,2,0.0 | 1.0
microbes.csv,default,Corynebacterium pseudodiphtheriticum ,float64,44,2,0.0 | 1.0
microbes.csv,default,Corynebacterium segmentosum ,float64,44,2,0.0 | 1.0
microbes.csv,default,Corynebacterium sp. HMSC073H12 ,float64,44,2,0.0 | 1.0
microbes.csv,default,Corynebacterium striatum ,float64,44,2,0.0 | 1.0
microbes.csv,default,Corynebacterium tuberculostearicum SK141 ,float64,44,2,1.0 | 0.0
microbes.csv,default,Corynebacterium tuscaniense ,float64,44,2,0.0 | 1.0
microbes.csv,default,Criibacterium bergeronii ,float64,44,2,1.0 | 0.0
microbes.csv,default,Cronobacter sakazakii ,float64,44,2,0.0 | 1.0
microbes.csv,default,Cryptobacterium ,float64,44,2,0.0 | 1.0
microbes.csv,default,Cryptobacterium curtum DSM 15641 ,float64,44,2,1.0 | 0.0
microbes.csv,default,Cucumber green mottle mosaic virus ,float64,44,2,0.0 | 1.0
microbes.csv,default,Cucurbit aphid borne yellows virus associated RNA (pseudo genus) ,float64,44,2,0.0 | 1.0
microbes.csv,default,Cucurbit chlorotic yellows virus ,float64,44,2,0.0 | 1.0
microbes.csv,default,Cucurbit yellow stunting disorder virus ,float64,44,2,0.0 | 1.0
microbes.csv,default,Culturomica massiliensis ,float64,44,2,0.0 | 1.0
microbes.csv,default,Culturomica massiliensis strain Marseille-P2698 ,float64,44,2,1.0 | 0.0
microbes.csv,default,Cupriavidus ,float64,44,2,0.0 | 1.0
microbes.csv,default,Cupriavidus metallidurans ,float64,44,2,0.0 | 1.0
microbes.csv,default,Cutibacterium acnes ,float64,44,2,0.0 | 1.0
microbes.csv,default,Cutibacterium acnes TypeIA2 P.acn17 ,float64,44,2,0.0 | 1.0
microbes.csv,default,Cutibacterium acnes TypeIA2 P.acn31 ,float64,44,2,0.0 | 1.0
microbes.csv,default,Cutibacterium acnes TypeIA2 P.acn33 ,float64,44,2,0.0 | 1.0
microbes.csv,default,Cutibacterium acnes strain KCOM ,float64,44,2,0.0 | 1.0
microbes.csv,default,Cutibacterium acnes strain PA_12_1_L1 ,float64,44,2,0.0 | 1.0
microbes.csv,default,Cutibacterium avidum strain DPC ,float64,44,2,0.0 | 1.0
microbes.csv,default,Debaryomyces hansenii ,float64,44,2,0.0 | 1.0
microbes.csv,default,Delftia ,float64,44,2,0.0 | 1.0
microbes.csv,default,Delftia acidovorans ,float64,44,2,0.0 | 1.0
microbes.csv,default,Delftia acidovorans SPH-1 ,float64,44,2,0.0 | 1.0
microbes.csv,default,Desulfobulbus ,float64,44,2,0.0 | 1.0
microbes.csv,default,Desulfobulbus oralis ,float64,44,2,0.0 | 1.0
microbes.csv,default,Desulfovibrio carbinolicus ,float64,44,2,0.0 | 1.0
microbes.csv,default,Desulfovibrio desulfuricans ,float64,44,2,0.0 | 1.0
microbes.csv,default,Desulfovibrio fairfieldensis ,float64,44,2,0.0 | 1.0
microbes.csv,default,Desulfovibrio fairfieldensis strain CCUG ,float64,44,2,0.0 | 1.0
microbes.csv,default,Desulfovibrio piger ,float64,44,2,0.0 | 1.0
microbes.csv,default,Desulfovibrio piger isolate DESPIGER1 ,float64,44,2,1.0 | 0.0
microbes.csv,default,Desulfovibrio sp. 3_1_syn3 ,float64,44,2,0.0 | 1.0
microbes.csv,default,Desulfovibrio sp. 6_1_46AFAA ,float64,44,2,0.0 | 1.0
microbes.csv,default,Desulfovibrio sp. G11 ,float64,44,2,0.0 | 1.0
microbes.csv,default,Desulfovibrio sp. Marseille-P3199 sp. Marseille-P3199 ,float64,44,2,1.0 | 0.0
microbes.csv,default,Dialister ,float64,44,2,0.0 | 1.0
microbes.csv,default,Dialister hominis ,float64,44,2,0.0 | 1.0
microbes.csv,default,Dialister invisus DSM 15470 ,float64,44,2,0.0 | 1.0
microbes.csv,default,Dialister massiliensis ,float64,44,2,0.0 | 1.0
microbes.csv,default,Dialister pneumosintes ,float64,44,2,0.0 | 1.0
microbes.csv,default,Dialister pneumosintes strain F0677 ,float64,44,2,0.0 | 1.0
microbes.csv,default,Dialister succinatiphilus ,float64,44,2,0.0 | 1.0
microbes.csv,default,Dielma fastidiosa ,float64,44,2,1.0 | 0.0
microbes.csv,default,Dietzia alimentaria strain BP ,float64,44,2,0.0 | 1.0
microbes.csv,default,Dorea formicigenerans 4_6_53AFAA ,float64,44,2,1.0 | 0.0
microbes.csv,default,Dorea formicigenerans ATCC 27755 ,float64,44,2,1.0 | 0.0
microbes.csv,default,Dorea longicatena AGR2136 ,float64,44,2,1.0 | 0.0
microbes.csv,default,Dorea longicatena DSM 13814 ,float64,44,2,1.0 | 0.0
microbes.csv,default,Dorea longicatena strain 2789STDY5608851 ,float64,44,2,1.0 | 0.0
microbes.csv,default,Dorea longicatena strain 2789STDY5608866 ,float64,44,2,1.0 | 0.0
microbes.csv,default,Dorea longicatena strain 2789STDY5834914 ,float64,44,2,1.0 | 0.0
microbes.csv,default,Dorea longicatena strain 2789STDY5834961 ,float64,44,2,1.0 | 0.0
microbes.csv,default,Dorea sp. 5-2 ,float64,44,2,1.0 | 0.0
microbes.csv,default,Dorea sp. AGR2135 ,float64,44,2,1.0 | 0.0
microbes.csv,default,Dorea sp. D27 ,float64,44,2,0.0 | 1.0
microbes.csv,default,Drancourtella massiliensis strain GD1 ,float64,44,2,0.0 | 1.0
microbes.csv,default,Duncaniella sp. B8 ,float64,44,2,0.0 | 1.0
microbes.csv,default,Dysosmobacter ,float64,44,2,0.0 | 1.0
microbes.csv,default,Dysosmobacter welbionis ,float64,44,2,0.0 | 1.0
microbes.csv,default,Eggerthella ,float64,44,2,0.0 | 1.0
microbes.csv,default,Eggerthella lenta ,float64,44,2,0.0 | 1.0
microbes.csv,default,Eggerthella lenta 1_1_60AFAA ,float64,44,2,1.0 | 0.0
microbes.csv,default,Eggerthella lenta DSM 2243 ,float64,44,2,1.0 | 0.0
microbes.csv,default,Eggerthella sp. 1_3_56FAA ,float64,44,2,1.0 | 0.0
microbes.csv,default,Eggerthella sp. HF-1101 ,float64,44,2,0.0 | 1.0
microbes.csv,default,Eggerthella sp. HGA1 ,float64,44,2,1.0 | 0.0
microbes.csv,default,Eggerthella sp. YY7918 ,float64,44,2,0.0 | 1.0
microbes.csv,default,Eisenbergiella tayi ,float64,44,2,1.0 | 0.0
microbes.csv,default,Elizabethkingia anophelis ,float64,44,2,0.0 | 1.0
microbes.csv,default,Emergencia timonensis strain SN18 ,float64,44,2,1.0 | 0.0
microbes.csv,default,Entamoeba ,float64,44,2,0.0 | 1.0
microbes.csv,default,Enterobacter asburiae ,float64,44,2,0.0 | 1.0
microbes.csv,default,Enterobacter bugandensis ,float64,44,2,0.0 | 1.0
microbes.csv,default,Enterobacter cloacae ,float64,44,2,0.0 | 1.0
microbes.csv,default,Enterobacter cloacae EcWSU1 ,float64,44,2,0.0 | 1.0
microbes.csv,default,Enterobacter cloacae P101 ,float64,44,2,0.0 | 1.0
microbes.csv,default,Enterobacter cloacae complex 'Hoffmann cluster IV' ,float64,44,2,0.0 | 1.0
microbes.csv,default,Enterobacter cloacae complex sp. ,float64,44,2,0.0 | 1.0
microbes.csv,default,Enterobacter cloacae complex sp. ECNIH7 ,float64,44,2,0.0 | 1.0
microbes.csv,default,Enterobacter cloacae complex sp. FDA-CDC-AR_0132 ,float64,44,2,0.0 | 1.0
microbes.csv,default,Enterobacter cloacae complex sp. FDA-CDC-AR_0164 ,float64,44,2,0.0 | 1.0
microbes.csv,default,Enterobacter cloacae strain UW5 ,float64,44,2,0.0 | 1.0
microbes.csv,default,Enterobacter hormaechei ,float64,44,2,0.0 | 1.0
microbes.csv,default,Enterobacter hormaechei subsp. hormaechei ,float64,44,2,0.0 | 1.0
microbes.csv,default,Enterobacter hormaechei subsp. oharae ,float64,44,2,0.0 | 1.0
microbes.csv,default,Enterobacter hormaechei subsp. steigerwaltii ,float64,44,2,0.0 | 1.0
microbes.csv,default,Enterobacter hormaechei subsp. xiangfangensis ,float64,44,2,0.0 | 1.0
microbes.csv,default,Enterobacter kobei ,float64,44,2,0.0 | 1.0
microbes.csv,default,Enterobacter ludwigii ,float64,44,2,0.0 | 1.0
microbes.csv,default,Enterobacter ludwigii strain EN-119 ,float64,44,2,0.0 | 1.0
microbes.csv,default,Enterobacter phage phiT5282H ,float64,44,2,0.0 | 1.0
microbes.csv,default,Enterobacter roggenkampii ,float64,44,2,0.0 | 1.0
microbes.csv,default,Enterobacter sp. CRENT-193 ,float64,44,2,0.0 | 1.0
microbes.csv,default,Enterobacter sp. Crenshaw ,float64,44,2,0.0 | 1.0
microbes.csv,default,Enterobacter sp. DSM 30060 ,float64,44,2,0.0 | 1.0
microbes.csv,default,Enterobacter sp. LU1 ,float64,44,2,0.0 | 1.0
microbes.csv,default,Enterobacter sp. ODB01 ,float64,44,2,0.0 | 1.0
microbes.csv,default,Enterobacter sp. RHBSTW-00422 ,float64,44,2,0.0 | 1.0
microbes.csv,default,Enterobacter sp. RHBSTW-00975 ,float64,44,2,0.0 | 1.0
microbes.csv,default,Enterocloster ,float64,44,2,0.0 | 1.0
microbes.csv,default,Enterocloster bolteae ,float64,44,2,0.0 | 1.0
microbes.csv,default,Enterococcus ,float64,44,2,0.0 | 1.0
microbes.csv,default,Enterococcus avium ,float64,44,2,0.0 | 1.0
microbes.csv,default,Enterococcus casseliflavus ,float64,44,2,0.0 | 1.0
microbes.csv,default,Enterococcus casseliflavus EC20 ,float64,44,2,0.0 | 1.0
microbes.csv,default,Enterococcus durans ,float64,44,2,0.0 | 1.0
microbes.csv,default,Enterococcus durans strain KLDS ,float64,44,2,0.0 | 1.0
microbes.csv,default,Enterococcus durans strain KLDS6.0933 ,float64,44,2,0.0 | 1.0
microbes.csv,default,Enterococcus faecalis ,float64,44,2,0.0 | 1.0
microbes.csv,default,Enterococcus faecalis ARO1/DG ,float64,44,2,0.0 | 1.0
microbes.csv,default,Enterococcus faecalis ATCC 29212 ,float64,44,2,0.0 | 1.0
microbes.csv,default,Enterococcus faecalis D32 ,float64,44,2,0.0 | 1.0
microbes.csv,default,Enterococcus faecalis OG1RF ,float64,44,2,0.0 | 1.0
microbes.csv,default,Enterococcus faecalis R712 ,float64,44,2,0.0 | 1.0
microbes.csv,default,Enterococcus faecalis V583 ,float64,44,2,0.0 | 1.0
microbes.csv,default,Enterococcus faecalis str. Symbioflor 1 ,float64,44,2,0.0 | 1.0
microbes.csv,default,Enterococcus faecalis strain KB1 ,float64,44,2,0.0 | 1.0
microbes.csv,default,Enterococcus faecium ,float64,44,2,0.0 | 1.0
microbes.csv,default,Enterococcus faecium 10/96A ,float64,44,2,1.0 | 0.0
microbes.csv,default,Enterococcus faecium ATCC 8459 = NRRL B-2354 ,float64,44,2,0.0 | 1.0
microbes.csv,default,Enterococcus faecium DO ,float64,44,2,0.0 | 1.0
microbes.csv,default,Enterococcus faecium EnGen0004 ,float64,44,2,0.0 | 1.0
microbes.csv,default,Enterococcus faecium EnGen0191 ,float64,44,2,0.0 | 1.0
microbes.csv,default,Enterococcus faecium FB129-CNAB4 ,float64,44,2,0.0 | 1.0
microbes.csv,default,Enterococcus faecium NEF1 ,float64,44,2,0.0 | 1.0
microbes.csv,default,Enterococcus faecium T110 ,float64,44,2,0.0 | 1.0
microbes.csv,default,Enterococcus faecium isolate Hp_21-11 ,float64,44,2,0.0 | 1.0
microbes.csv,default,Enterococcus faecium isolate Hp_23-14 ,float64,44,2,0.0 | 1.0
microbes.csv,default,Enterococcus faecium isolate Hp_6-10 ,float64,44,2,0.0 | 1.0
microbes.csv,default,Enterococcus faecium isolate Hp_6-9 ,float64,44,2,0.0 | 1.0
microbes.csv,default,Enterococcus faecium isolate Hp_74-d6 ,float64,44,2,0.0 | 1.0
microbes.csv,default,Enterococcus faecium strain D344RRF isolate H ,float64,44,2,1.0 | 0.0
microbes.csv,default,Enterococcus gallinarum ,float64,44,2,0.0 | 1.0
microbes.csv,default,Enterococcus gilvus ,float64,44,2,0.0 | 1.0
microbes.csv,default,Enterococcus lactis ,float64,44,2,0.0 | 1.0
microbes.csv,default,Enterococcus raffinosus ,float64,44,2,0.0 | 1.0
microbes.csv,default,Enterococcus saccharolyticus strain DSM ,float64,44,2,0.0 | 1.0
microbes.csv,default,Enterococcus saccharolyticus subsp. saccharolyticus ATCC 43076 ,float64,44,2,0.0 | 1.0
microbes.csv,default,Enterococcus saigonensis ,float64,44,2,0.0 | 1.0
microbes.csv,default,Enterococcus sp. DA9 ,float64,44,2,0.0 | 1.0
microbes.csv,default,Enterococcus sp. FDAARGOS_375 ,float64,44,2,0.0 | 1.0
microbes.csv,default,Enterococcus sp. FDAARGOS_553 ,float64,44,2,0.0 | 1.0
microbes.csv,default,Enterococcus sp. M190262 ,float64,44,2,0.0 | 1.0
microbes.csv,default,Enterorhabdus caecimuris B7 ,float64,44,2,1.0 | 0.0
microbes.csv,default,Eptesicus fuscus gammaherpesvirus ,float64,44,2,0.0 | 1.0
microbes.csv,default,Erysipelatoclostridium ,float64,44,2,0.0 | 1.0
microbes.csv,default,Erysipelatoclostridium ramosum ,float64,44,2,1.0 | 0.0
microbes.csv,default,Erysipelatoclostridium ramosum DSM 1402 ,float64,44,2,0.0 | 1.0
microbes.csv,default,Erysipelothrix rhusiopathiae ,float64,44,2,0.0 | 1.0
microbes.csv,default,Erysipelotrichaceae bacterium 21_3 ,float64,44,2,0.0 | 1.0
microbes.csv,default,Erysipelotrichaceae bacterium 2_2_44A ,float64,44,2,1.0 | 0.0
microbes.csv,default,Erysipelotrichaceae bacterium 3_1_53 ,float64,44,2,1.0 | 0.0
microbes.csv,default,Erysipelotrichaceae bacterium 5_2_54FAA ,float64,44,2,1.0 | 0.0
microbes.csv,default,Erysipelotrichaceae bacterium 6_1_45 ,float64,44,2,1.0 | 0.0
microbes.csv,default,Erysipelotrichaceae bacterium I46 ,float64,44,2,0.0 | 1.0
microbes.csv,default,Erysipelotrichaceae bacterium MTC7 ,float64,44,2,1.0 | 0.0
microbes.csv,default,Escherichia albertii ,float64,44,2,0.0 | 1.0
microbes.csv,default,Escherichia coli ,float64,44,2,1.0 | 0.0
microbes.csv,default,Escherichia coli 536 ,float64,44,2,0.0 | 1.0
microbes.csv,default,Escherichia coli DEC6E ,float64,44,2,0.0 | 1.0
microbes.csv,default,Escherichia coli ETEC H10407 ,float64,44,2,0.0 | 1.0
microbes.csv,default,Escherichia coli K-12 ,float64,44,2,0.0 | 1.0
microbes.csv,default,Escherichia coli LF82 ,float64,44,2,0.0 | 1.0
microbes.csv,default,Escherichia coli M17 ,float64,44,2,0.0 | 1.0
microbes.csv,default,Escherichia coli NCCP15648 ,float64,44,2,0.0 | 1.0
microbes.csv,default,Escherichia coli O103 str. RM10042 ,float64,44,2,0.0 | 1.0
microbes.csv,default,Escherichia coli O103 str. RM8385 ,float64,44,2,0.0 | 1.0
microbes.csv,default,Escherichia coli O111 str. RM9322 ,float64,44,2,0.0 | 1.0
microbes.csv,default,Escherichia coli O111:H- ,float64,44,2,0.0 | 1.0
microbes.csv,default,Escherichia coli O111:H- str. 11128 ,float64,44,2,0.0 | 1.0
microbes.csv,default,Escherichia coli O113:H21 ,float64,44,2,0.0 | 1.0
microbes.csv,default,Escherichia coli O121 str. RM8352 ,float64,44,2,0.0 | 1.0
microbes.csv,default,Escherichia coli O121:H19 ,float64,44,2,0.0 | 1.0
microbes.csv,default,Escherichia coli O145:H28 str. RM12581 ,float64,44,2,0.0 | 1.0
microbes.csv,default,Escherichia coli O145:H28 str. RM13514 ,float64,44,2,0.0 | 1.0
microbes.csv,default,Escherichia coli O169:H41 ,float64,44,2,0.0 | 1.0
microbes.csv,default,Escherichia coli O25:NM ,float64,44,2,0.0 | 1.0
microbes.csv,default,Escherichia coli O25b:H4 ,float64,44,2,0.0 | 1.0
microbes.csv,default,Escherichia coli O25b:H4-ST131 ,float64,44,2,0.0 | 1.0
microbes.csv,default,Escherichia coli O2:H6 ,float64,44,2,0.0 | 1.0
microbes.csv,default,Escherichia coli O6:H16 ,float64,44,2,0.0 | 1.0
microbes.csv,default,Escherichia coli O91 str. RM7190 ,float64,44,2,0.0 | 1.0
microbes.csv,default,Escherichia coli PCN061 ,float64,44,2,0.0 | 1.0
microbes.csv,default,Escherichia coli UMNK88 ,float64,44,2,0.0 | 1.0
microbes.csv,default,Escherichia coli VR50 ,float64,44,2,0.0 | 1.0
microbes.csv,default,Escherichia coli W ,float64,44,2,0.0 | 1.0
microbes.csv,default,Escherichia coli isolate NCTC86EC ,float64,44,2,0.0 | 1.0
microbes.csv,default,Escherichia coli str. K-12 substr. MG1655 ,float64,44,2,0.0 | 1.0
microbes.csv,default,Escherichia coli str. Sanji ,float64,44,2,0.0 | 1.0
microbes.csv,default,Escherichia coli strain 09-00049 ,float64,44,2,0.0 | 1.0
microbes.csv,default,Escherichia coli strain 2009C-3133 ,float64,44,2,0.0 | 1.0
microbes.csv,default,Escherichia coli strain 2011C-3911 ,float64,44,2,0.0 | 1.0
microbes.csv,default,Escherichia coli strain 2012C-4227 ,float64,44,2,0.0 | 1.0
microbes.csv,default,Escherichia coli strain 789 ,float64,44,2,0.0 | 1.0
microbes.csv,default,Escherichia coli strain C4 ,float64,44,2,0.0 | 1.0
microbes.csv,default,Escherichia coli strain D1 ,float64,44,2,0.0 | 1.0
microbes.csv,default,Escherichia coli strain D3 ,float64,44,2,0.0 | 1.0
microbes.csv,default,Escherichia coli strain D5 ,float64,44,2,0.0 | 1.0
microbes.csv,default,Escherichia coli strain D7 ,float64,44,2,0.0 | 1.0
microbes.csv,default,Escherichia coli strain ECONIH1 ,float64,44,2,0.0 | 1.0
microbes.csv,default,Escherichia coli strain ECONIH2 ,float64,44,2,0.0 | 1.0
microbes.csv,default,Escherichia coli strain Eco889 ,float64,44,2,0.0 | 1.0
microbes.csv,default,Escherichia coli strain Ecol_224 ,float64,44,2,0.0 | 1.0
microbes.csv,default,Escherichia coli strain Ecol_244 ,float64,44,2,0.0 | 1.0
microbes.csv,default,Escherichia coli strain Ecol_316 ,float64,44,2,0.0 | 1.0
microbes.csv,default,Escherichia coli strain Ecol_448 ,float64,44,2,0.0 | 1.0
microbes.csv,default,Escherichia coli strain Ecol_542 ,float64,44,2,0.0 | 1.0
microbes.csv,default,Escherichia coli strain Ecol_656 ,float64,44,2,0.0 | 1.0
microbes.csv,default,Escherichia coli strain Ecol_745 ,float64,44,2,0.0 | 1.0
microbes.csv,default,Escherichia coli strain Ecol_881 ,float64,44,2,0.0 | 1.0
microbes.csv,default,Escherichia coli strain Ecol_AZ159 ,float64,44,2,0.0 | 1.0
microbes.csv,default,Escherichia coli strain Ecol_AZ161 ,float64,44,2,0.0 | 1.0
microbes.csv,default,Escherichia coli strain Ecol_AZ162 ,float64,44,2,0.0 | 1.0
microbes.csv,default,Escherichia coli strain GB089 ,float64,44,2,0.0 | 1.0
microbes.csv,default,Escherichia coli strain H10 ,float64,44,2,0.0 | 1.0
microbes.csv,default,Escherichia coli strain H15 ,float64,44,2,0.0 | 1.0
microbes.csv,default,Escherichia coli strain H2 ,float64,44,2,0.0 | 1.0
microbes.csv,default,Escherichia coli strain H3 ,float64,44,2,0.0 | 1.0
microbes.csv,default,Escherichia coli strain JJ2434 ,float64,44,2,0.0 | 1.0
microbes.csv,default,Escherichia coli strain K-15KW01 ,float64,44,2,0.0 | 1.0
microbes.csv,default,Escherichia coli strain M1 ,float64,44,2,0.0 | 1.0
microbes.csv,default,Escherichia coli strain M6 ,float64,44,2,0.0 | 1.0
microbes.csv,default,Escherichia coli strain M9 ,float64,44,2,0.0 | 1.0
microbes.csv,default,Escherichia coli strain MRE600 ,float64,44,2,0.0 | 1.0
microbes.csv,default,Escherichia coli strain MS6198 ,float64,44,2,0.0 | 1.0
microbes.csv,default,Escherichia coli strain NCTC86 ,float64,44,2,0.0 | 1.0
microbes.csv,default,Escherichia coli strain NGF1 ,float64,44,2,0.0 | 1.0
microbes.csv,default,Escherichia coli strain O177:H21 ,float64,44,2,0.0 | 1.0
microbes.csv,default,Escherichia coli strain RM9387 ,float64,44,2,0.0 | 1.0
microbes.csv,default,Escherichia coli strain S21 ,float64,44,2,0.0 | 1.0
microbes.csv,default,Escherichia coli strain S40 ,float64,44,2,0.0 | 1.0
microbes.csv,default,Escherichia coli strain SEC470 ,float64,44,2,0.0 | 1.0
microbes.csv,default,Escherichia coli strain SF-166 ,float64,44,2,0.0 | 1.0
microbes.csv,default,Escherichia coli strain ST2747 ,float64,44,2,0.0 | 1.0
microbes.csv,default,Escherichia coli strain ST648 ,float64,44,2,0.0 | 1.0
microbes.csv,default,Escherichia coli strain SaT040 ,float64,44,2,0.0 | 1.0
microbes.csv,default,Escherichia coli strain Y5 ,float64,44,2,0.0 | 1.0
microbes.csv,default,Escherichia coli strain ZH063 ,float64,44,2,0.0 | 1.0
microbes.csv,default,Escherichia fergusonii ,float64,44,2,0.0 | 1.0
microbes.csv,default,Escherichia marmotae ,float64,44,2,0.0 | 1.0
microbes.csv,default,Escherichia sp. E4742 ,float64,44,2,0.0 | 1.0
microbes.csv,default,Escherichia sp. KTE114 ,float64,44,2,0.0 | 1.0
microbes.csv,default,Escherichia sp. SCLE84 ,float64,44,2,0.0 | 1.0
microbes.csv,default,Escherichia virus P1 ,float64,44,2,0.0 | 1.0
microbes.csv,default,Eubacterium ,float64,44,2,0.0 | 1.0
microbes.csv,default,Eubacterium brachy ATCC 33089 ,float64,44,2,1.0 | 0.0
microbes.csv,default,Eubacterium callanderi ,float64,44,2,0.0 | 1.0
microbes.csv,default,Eubacterium infirmum F0142 ,float64,44,2,0.0 | 1.0
microbes.csv,default,Eubacterium limosum ,float64,44,2,0.0 | 1.0
microbes.csv,default,Eubacterium limosum strain SA11 ,float64,44,2,0.0 | 1.0
microbes.csv,default,Eubacterium maltosivorans ,float64,44,2,0.0 | 1.0
microbes.csv,default,Eubacterium nodatum ATCC 33099 ,float64,44,2,0.0 | 1.0
microbes.csv,default,Eubacterium plexicaudatum ASF492 ,float64,44,2,1.0 | 0.0
microbes.csv,default,Eubacterium ramulus ATCC 29099 ,float64,44,2,1.0 | 0.0
microbes.csv,default,Eubacterium ramulus strain 2789STDY5608891 ,float64,44,2,1.0 | 0.0
microbes.csv,default,Eubacterium saphenum ATCC 49989 ,float64,44,2,0.0 | 1.0
microbes.csv,default,Eubacterium sp. 3_1_31 ,float64,44,2,1.0 | 0.0
microbes.csv,default,Eubacterium sp. 68-3-10 ,float64,44,2,0.0 | 1.0
microbes.csv,default,Eubacterium sp. ER2 ,float64,44,2,0.0 | 1.0
microbes.csv,default,Eubacterium sp. NSJ-61 ,float64,44,2,0.0 | 1.0
microbes.csv,default,Eubacterium sp. SB2 ,float64,44,2,1.0 | 0.0
microbes.csv,default,Eubacterium sulci ATCC 35585 ,float64,44,2,0.0 | 1.0
microbes.csv,default,Eubacterium ventriosum ,float64,44,2,0.0 | 1.0
microbes.csv,default,Eubacterium ventriosum ATCC 27560 ,float64,44,2,1.0 | 0.0
microbes.csv,default,Exiguobacterium profundum strain PHM ,float64,44,2,0.0 | 1.0
microbes.csv,default,Exophiala phaeomuriformis ,float64,44,2,0.0 | 1.0
microbes.csv,default,Exophiala spinifera ,float64,44,2,0.0 | 1.0
microbes.csv,default,Ezakiella massiliensis ,float64,44,2,0.0 | 1.0
microbes.csv,default,Ezakiella massiliensis strain Marseille-P2951T sp. Marseille-P2951 ,float64,44,2,0.0 | 1.0
microbes.csv,default,Facklamia hominis ,float64,44,2,0.0 | 1.0
microbes.csv,default,Facklamia sp. HMSC062C11 ,float64,44,2,0.0 | 1.0
microbes.csv,default,Faecalibacillus ,float64,44,2,0.0 | 1.0
microbes.csv,default,Faecalibacillus intestinalis ,float64,44,2,0.0 | 1.0
microbes.csv,default,Faecalibacterium ,float64,44,2,0.0 | 1.0
microbes.csv,default,Faecalibacterium prausnitzii ,float64,44,2,1.0 | 0.0
microbes.csv,default,Faecalibacterium prausnitzii A2-165 ,float64,44,2,0.0 | 1.0
microbes.csv,default,Faecalicoccus pleomorphus ,float64,44,2,0.0 | 1.0
microbes.csv,default,Faecalitalea cylindroides ,float64,44,2,0.0 | 1.0
microbes.csv,default,Faecalitalea cylindroides ATCC 27803 ,float64,44,2,1.0 | 0.0
microbes.csv,default,Faecalitalea cylindroides T2-87 ,float64,44,2,1.0 | 0.0
microbes.csv,default,Fannyhessea vaginae ,float64,44,2,0.0 | 1.0
microbes.csv,default,Fastidiosipila sanguinis ,float64,44,2,0.0 | 1.0
microbes.csv,default,Fenollaria massiliensis ,float64,44,2,0.0 | 1.0
microbes.csv,default,Fenollaria timonensis ,float64,44,2,0.0 | 1.0
microbes.csv,default,Fibrobacter sp. UWB12 sp. UWB12 ,float64,44,2,0.0 | 1.0
microbes.csv,default,Filifactor alocis ATCC 35896 ,float64,44,2,0.0 | 1.0
microbes.csv,default,Finegoldia ,float64,44,2,0.0 | 1.0
microbes.csv,default,Finegoldia magna ,float64,44,2,0.0 | 1.0
microbes.csv,default,Finegoldia magna ATCC 29328 ,float64,44,2,0.0 | 1.0
microbes.csv,default,Firmicutes bacterium ASF500 ,float64,44,2,0.0 | 1.0
microbes.csv,default,Flavobacterium sp. I3-2 ,float64,44,2,0.0 | 1.0
microbes.csv,default,Flavonifractor ,float64,44,2,0.0 | 1.0
microbes.csv,default,Flavonifractor plautii ,float64,44,2,0.0 | 1.0
microbes.csv,default,Flavonifractor plautii strain YL31 ,float64,44,2,1.0 | 0.0
microbes.csv,default,Flintibacter ,float64,44,2,0.0 | 1.0
microbes.csv,default,Flintibacter sp. KGMB00164 ,float64,44,2,0.0 | 1.0
microbes.csv,default,Fournierella massiliensis ,float64,44,2,0.0 | 1.0
microbes.csv,default,Furfurilactobacillus rossiae ,float64,44,2,0.0 | 1.0
microbes.csv,default,Fusicatenibacter saccharivorans ,float64,44,2,1.0 | 0.0
microbes.csv,default,Fusobacterium ,float64,44,2,0.0 | 1.0
microbes.csv,default,Fusobacterium nucleatum subsp. animalis strain KCOM ,float64,44,2,0.0 | 1.0
microbes.csv,default,Fusobacterium periodonticum ,float64,44,2,0.0 | 1.0
microbes.csv,default,Fusobacterium pseudoperiodonticum ,float64,44,2,0.0 | 1.0
microbes.csv,default,Fusobacterium sp. CM21 ,float64,44,2,0.0 | 1.0
microbes.csv,default,Fusobacterium ulcerans ATCC 49185 ,float64,44,2,1.0 | 0.0
microbes.csv,default,Fusobacterium varium ATCC 27725 ,float64,44,2,1.0 | 0.0
microbes.csv,default,Gabonia massiliensis strain GM3 ,float64,44,2,0.0 | 1.0
microbes.csv,default,Gardnerella vaginalis 409-05 ,float64,44,2,0.0 | 1.0
microbes.csv,default,Garlic common latent virus ,float64,44,2,0.0 | 1.0
microbes.csv,default,Gemella ,float64,44,2,0.0 | 1.0
microbes.csv,default,Gemella bergeriae ATCC 700627 ,float64,44,2,0.0 | 1.0
microbes.csv,default,Gemella haemolysans ,float64,44,2,0.0 | 1.0
microbes.csv,default,Gemella morbillorum ,float64,44,2,0.0 | 1.0
microbes.csv,default,Gemella sanguinis ,float64,44,2,0.0 | 1.0
microbes.csv,default,Gemella sanguinis ATCC 700632 ,float64,44,2,1.0 | 0.0
microbes.csv,default,Gemella sanguinis M325 ,float64,44,2,0.0 | 1.0
microbes.csv,default,Gemella sanguinis strain 1094_BTHU ,float64,44,2,0.0 | 1.0
microbes.csv,default,Gemella sp. ND 6198 ,float64,44,2,0.0 | 1.0
microbes.csv,default,Gemella sp. oral taxon 928 ,float64,44,2,0.0 | 1.0
microbes.csv,default,Geobacillus ,float64,44,2,0.0 | 1.0
microbes.csv,default,Geobacillus thermocatenulatus ,float64,44,2,0.0 | 1.0
microbes.csv,default,Geobacter sp. M18 ,float64,44,2,0.0 | 1.0
microbes.csv,default,Glaesserella parasuis ,float64,44,2,0.0 | 1.0
microbes.csv,default,Gordonibacter pamelaeae ,float64,44,2,0.0 | 1.0
microbes.csv,default,Gordonibacter pamelaeae 7-10-1-b ,float64,44,2,1.0 | 0.0
microbes.csv,default,Gordonibacter urolithinfaciens ,float64,44,2,1.0 | 0.0
microbes.csv,default,Gorganvirus ,float64,44,2,0.0 | 1.0
microbes.csv,default,Granulicatella elegans ATCC 700633 ,float64,44,2,0.0 | 1.0
microbes.csv,default,Granulicatella sp. HMSC30F09 ,float64,44,2,0.0 | 1.0
microbes.csv,default,Granulicatella sp. HMSC31F03 ,float64,44,2,0.0 | 1.0
microbes.csv,default,Grapevine yellow speckle viroid 1 ,float64,44,2,0.0 | 1.0
microbes.csv,default,Haemophilus ,float64,44,2,0.0 | 1.0
microbes.csv,default,Haemophilus haemolyticus ,float64,44,2,0.0 | 1.0
microbes.csv,default,Haemophilus parahaemolyticus ,float64,44,2,0.0 | 1.0
microbes.csv,default,Haemophilus parainfluenzae ,float64,44,2,0.0 | 1.0
microbes.csv,default,Haemophilus parainfluenzae T3T1 ,float64,44,2,1.0 | 0.0
microbes.csv,default,Haemophilus pittmaniae ,float64,44,2,0.0 | 1.0
microbes.csv,default,Haemophilus sp. C1 ,float64,44,2,0.0 | 1.0
microbes.csv,default,Haemophilus sp. CCUG 60358 ,float64,44,2,0.0 | 1.0
microbes.csv,default,Haemophilus sp. HMSC061E01 ,float64,44,2,1.0 | 0.0
microbes.csv,default,Haemophilus sp. HMSC068C11 ,float64,44,2,0.0 | 1.0
microbes.csv,default,Haemophilus sp. HMSC073C03 ,float64,44,2,0.0 | 1.0
microbes.csv,default,Haemophilus sp. HMSC61B11 ,float64,44,2,0.0 | 1.0
microbes.csv,default,Haemophilus sp. HMSC71H05 ,float64,44,2,1.0 | 0.0
microbes.csv,default,Haemophilus sp. oral taxon 036 ,float64,44,2,0.0 | 1.0
microbes.csv,default,Hafnia alvei ,float64,44,2,0.0 | 1.0
microbes.csv,default,Hafnia paralvei ,float64,44,2,0.0 | 1.0
microbes.csv,default,Hallella seregens ATCC 51272 ,float64,44,2,0.0 | 1.0
microbes.csv,default,Helianthus annuus alphaendornavirus ,float64,44,2,0.0 | 1.0
microbes.csv,default,Helicobacter bizzozeronii ,float64,44,2,0.0 | 1.0
microbes.csv,default,Hericium erinaceus ,float64,44,2,0.0 | 1.0
microbes.csv,default,Hespellia stercorisuis DSM 15480 ,float64,44,2,1.0 | 0.0
microbes.csv,default,Holdemanella biformis ,float64,44,2,1.0 | 0.0
microbes.csv,default,Holdemanella biformis DSM 3989 ,float64,44,2,0.0 | 1.0
microbes.csv,default,Holdemania filiformis DSM 12042 ,float64,44,2,1.0 | 0.0
microbes.csv,default,Holdemania massiliensis ,float64,44,2,1.0 | 0.0
microbes.csv,default,Holdemania massiliensis AP2 ,float64,44,2,0.0 | 1.0
microbes.csv,default,Holdemania sp. Marseille-P2844 sp. Marseille-P2844 ,float64,44,2,1.0 | 0.0
microbes.csv,default,Human feces pecovirus ,float64,44,2,0.0 | 1.0
microbes.csv,default,Hungatella hathewayi WAL-18680 ,float64,44,2,0.0 | 1.0
microbes.csv,default,Hyphopichia pseudoburtonii ,float64,44,2,0.0 | 1.0
microbes.csv,default,Idiomarina zobellii strain KMM ,float64,44,2,0.0 | 1.0
microbes.csv,default,Intestinibacter bartlettii ,float64,44,2,0.0 | 1.0
microbes.csv,default,Intestinibacter bartlettii DSM 16795 ,float64,44,2,1.0 | 0.0
microbes.csv,default,Intestinibacter bartlettii strain 2789STDY5834879 ,float64,44,2,1.0 | 0.0
microbes.csv,default,Intestinibaculum porci ,float64,44,2,0.0 | 1.0
microbes.csv,default,Intestinimonas butyriciproducens ,float64,44,2,0.0 | 1.0
microbes.csv,default,Intestinimonas butyriciproducens strain AF211 ,float64,44,2,1.0 | 0.0
microbes.csv,default,Intestinimonas massiliensis ,float64,44,2,0.0 | 1.0
microbes.csv,default,Intestinimonas massiliensis sp. GD2 ,float64,44,2,1.0 | 0.0
microbes.csv,default,Johnsonella ignava ATCC 51276 ,float64,44,2,0.0 | 1.0
microbes.csv,default,Kallipyga massiliensis ph2 ,float64,44,2,0.0 | 1.0
microbes.csv,default,Kandleria vitulina MC3001 ,float64,44,2,0.0 | 1.0
microbes.csv,default,Kingella ,float64,44,2,0.0 | 1.0
microbes.csv,default,Klebsiella aerogenes ,float64,44,2,0.0 | 1.0
microbes.csv,default,Klebsiella aerogenes EA1509E ,float64,44,2,0.0 | 1.0
microbes.csv,default,Klebsiella aerogenes strain FDAARGOS_139 ,float64,44,2,0.0 | 1.0
microbes.csv,default,Klebsiella aerogenes strain FDAARGOS_152 ,float64,44,2,0.0 | 1.0
microbes.csv,default,Klebsiella aerogenes strain G7 ,float64,44,2,0.0 | 1.0
microbes.csv,default,Klebsiella africana ,float64,44,2,0.0 | 1.0
microbes.csv,default,Klebsiella grimontii ,float64,44,2,0.0 | 1.0
microbes.csv,default,Klebsiella huaxiensis ,float64,44,2,0.0 | 1.0
microbes.csv,default,Klebsiella michiganensis ,float64,44,2,0.0 | 1.0
microbes.csv,default,Klebsiella michiganensis E718 ,float64,44,2,0.0 | 1.0
microbes.csv,default,Klebsiella michiganensis KCTC 1686 ,float64,44,2,0.0 | 1.0
microbes.csv,default,Klebsiella michiganensis strain M1 ,float64,44,2,0.0 | 1.0
microbes.csv,default,Klebsiella oxytoca ,float64,44,2,0.0 | 1.0
microbes.csv,default,Klebsiella phage 13 ,float64,44,2,0.0 | 1.0
microbes.csv,default,Klebsiella phage PhiKpNIH-2 ,float64,44,2,0.0 | 1.0
microbes.csv,default,Klebsiella phage Shelby ,float64,44,2,0.0 | 1.0
microbes.csv,default,Klebsiella phage vB_KpnS_15-38_KLPPOU149 ,float64,44,2,0.0 | 1.0
microbes.csv,default,Klebsiella quasipneumoniae ,float64,44,2,0.0 | 1.0
microbes.csv,default,Klebsiella quasipneumoniae subsp. quasipneumoniae ,float64,44,2,0.0 | 1.0
microbes.csv,default,Klebsiella quasipneumoniae subsp. similipneumoniae ,float64,44,2,0.0 | 1.0
microbes.csv,default,Klebsiella sp. BDA134-6 ,float64,44,2,0.0 | 1.0
microbes.csv,default,Klebsiella sp. FDAARGOS_511 ,float64,44,2,0.0 | 1.0
microbes.csv,default,Klebsiella sp. M5al ,float64,44,2,0.0 | 1.0
microbes.csv,default,Klebsiella sp. P1CD1 ,float64,44,2,0.0 | 1.0
microbes.csv,default,Klebsiella sp. RHBSTW-00464 ,float64,44,2,0.0 | 1.0
microbes.csv,default,Klebsiella sp. WP3-S18-ESBL-05 ,float64,44,2,0.0 | 1.0
microbes.csv,default,Klebsiella sp. WP3-W18-ESBL-02 ,float64,44,2,0.0 | 1.0
microbes.csv,default,Klebsiella sp. WP4-W18-ESBL-05 ,float64,44,2,0.0 | 1.0
microbes.csv,default,Klebsiella sp. WP8-S18-ESBL-06 ,float64,44,2,0.0 | 1.0
microbes.csv,default,Kluyvera ascorbata ,float64,44,2,0.0 | 1.0
microbes.csv,default,Kluyvera intermedia ,float64,44,2,0.0 | 1.0
microbes.csv,default,Kocuria indica ,float64,44,2,0.0 | 1.0
microbes.csv,default,Kocuria kristinae ,float64,44,2,0.0 | 1.0
microbes.csv,default,Kocuria kristinae strain SA12 ,float64,44,2,0.0 | 1.0
microbes.csv,default,Kocuria rhizophila DC2201 ,float64,44,2,0.0 | 1.0
microbes.csv,default,Kocuria sp. KD4 ,float64,44,2,0.0 | 1.0
microbes.csv,default,Lachancea ,float64,44,2,0.0 | 1.0
microbes.csv,default,Lachnoanaerobaculum saburreum DSM 3986 ,float64,44,2,0.0 | 1.0
microbes.csv,default,Lachnoanaerobaculum sp. MSX33 ,float64,44,2,0.0 | 1.0
microbes.csv,default,Lachnoanaerobaculum sp. OBRC5-5 ,float64,44,2,0.0 | 1.0
microbes.csv,default,Lachnoanaerobaculum umeaense ,float64,44,2,0.0 | 1.0
microbes.csv,default,Lachnoclostridium ,float64,44,2,0.0 | 1.0
microbes.csv,default,Lachnoclostridium phocaeense ,float64,44,2,0.0 | 1.0
microbes.csv,default,Lachnoclostridium phocaeense strain Marseille-P3177T sp. Marseille-P3177 ,float64,44,2,0.0 | 1.0
microbes.csv,default,Lachnoclostridium sp. YL32 ,float64,44,2,0.0 | 1.0
microbes.csv,default,Lachnoclostridium sp. YL32 sp. YL32 ,float64,44,2,1.0 | 0.0
microbes.csv,default,Lachnospira ,float64,44,2,0.0 | 1.0
microbes.csv,default,Lachnospira pectinoschiza strain 2789STDY5834836 ,float64,44,2,1.0 | 0.0
microbes.csv,default,Lachnospira pectinoschiza strain 2789STDY5834886 ,float64,44,2,1.0 | 0.0
microbes.csv,default,Lachnospiraceae bacterium ,float64,44,2,1.0 | 0.0
microbes.csv,default,Lachnospiraceae bacterium 10-1 ,float64,44,2,0.0 | 1.0
microbes.csv,default,Lachnospiraceae bacterium 1_1_57FAA ,float64,44,2,1.0 | 0.0
microbes.csv,default,Lachnospiraceae bacterium 1_4_56FAA ,float64,44,2,1.0 | 0.0
microbes.csv,default,Lachnospiraceae bacterium 2_1_46FAA ,float64,44,2,1.0 | 0.0
microbes.csv,default,Lachnospiraceae bacterium 2_1_58FAA ,float64,44,2,1.0 | 0.0
microbes.csv,default,Lachnospiraceae bacterium 3-1 ,float64,44,2,0.0 | 1.0
microbes.csv,default,Lachnospiraceae bacterium 3_1_46FAA ,float64,44,2,1.0 | 0.0
microbes.csv,default,Lachnospiraceae bacterium 3_1_57FAA_CT1 ,float64,44,2,1.0 | 0.0
microbes.csv,default,Lachnospiraceae bacterium 5_1_57FAA ,float64,44,2,1.0 | 0.0
microbes.csv,default,Lachnospiraceae bacterium 5_1_63FAA ,float64,44,2,1.0 | 0.0
microbes.csv,default,Lachnospiraceae bacterium 6_1_37FAA ,float64,44,2,1.0 | 0.0
microbes.csv,default,Lachnospiraceae bacterium 6_1_63FAA ,float64,44,2,1.0 | 0.0
microbes.csv,default,Lachnospiraceae bacterium 7_1_58FAA ,float64,44,2,1.0 | 0.0
microbes.csv,default,Lachnospiraceae bacterium 9_1_43BFAA ,float64,44,2,1.0 | 0.0
microbes.csv,default,Lachnospiraceae bacterium A2 ,float64,44,2,0.0 | 1.0
microbes.csv,default,Lachnospiraceae bacterium COE1 ,float64,44,2,0.0 | 1.0
microbes.csv,default,Lachnospiraceae bacterium M18-1 ,float64,44,2,0.0 | 1.0
microbes.csv,default,Lachnospiraceae bacterium TF01-11 ,float64,44,2,0.0 | 1.0
microbes.csv,default,Lachnospiraceae bacterium V9D3004 ,float64,44,2,0.0 | 1.0
microbes.csv,default,Lachnospiraceae bacterium oral taxon 082 str. F0431 ,float64,44,2,0.0 | 1.0
microbes.csv,default,Lacrimispora ,float64,44,2,0.0 | 1.0
microbes.csv,default,Lacticaseibacillus paracasei ,float64,44,2,0.0 | 1.0
microbes.csv,default,Lacticaseibacillus paracasei subsp. tolerans ,float64,44,2,0.0 | 1.0
microbes.csv,default,Lacticaseibacillus rhamnosus ,float64,44,2,0.0 | 1.0
microbes.csv,default,Lactiplantibacillus ,float64,44,2,0.0 | 1.0
microbes.csv,default,Lactiplantibacillus plantarum ,float64,44,2,0.0 | 1.0
microbes.csv,default,Lactiplantibacillus plantarum subsp. plantarum ,float64,44,2,0.0 | 1.0
microbes.csv,default,Lactobacillus ,float64,44,2,0.0 | 1.0
microbes.csv,default,Lactobacillus animalis strain 381-IL-28 ,float64,44,2,0.0 | 1.0
microbes.csv,default,Lactobacillus casei ,float64,44,2,0.0 | 1.0
microbes.csv,default,Lactobacillus casei UW1 ,float64,44,2,1.0 | 0.0
microbes.csv,default,Lactobacillus casei strain DPC6800 ,float64,44,2,1.0 | 0.0
microbes.csv,default,Lactobacillus casei strain Z11 ,float64,44,2,0.0 | 1.0
microbes.csv,default,Lactobacillus casei subsp. casei ATCC 393 ,float64,44,2,0.0 | 1.0
microbes.csv,default,Lactobacillus coryniformis subsp. torquens DSM 20004 = KCTC 3535 ,float64,44,2,0.0 | 1.0
microbes.csv,default,Lactobacillus crispatus strain C25 ,float64,44,2,1.0 | 0.0
microbes.csv,default,Lactobacillus crispatus strain PSS7772C ,float64,44,2,0.0 | 1.0
microbes.csv,default,Lactobacillus crispatus strain VMC7 ,float64,44,2,0.0 | 1.0
microbes.csv,default,Lactobacillus curvatus ,float64,44,2,0.0 | 1.0
microbes.csv,default,Lactobacillus curvatus JCM 1096 = DSM 20019 ,float64,44,2,0.0 | 1.0
microbes.csv,default,Lactobacillus curvatus strain NRIC0822 ,float64,44,2,0.0 | 1.0
microbes.csv,default,Lactobacillus curvatus strain RI-406 ,float64,44,2,0.0 | 1.0
microbes.csv,default,Lactobacillus fermentum ,float64,44,2,1.0 | 0.0
microbes.csv,default,Lactobacillus frumenti ,float64,44,2,0.0 | 1.0
microbes.csv,default,Lactobacillus gasseri ,float64,44,2,0.0 | 1.0
microbes.csv,default,Lactobacillus gasseri ATCC 33323 = JCM 1131 ,float64,44,2,0.0 | 1.0
microbes.csv,default,Lactobacillus helveticus ,float64,44,2,0.0 | 1.0
microbes.csv,default,Lactobacillus jensenii ,float64,44,2,0.0 | 1.0
microbes.csv,default,Lactobacillus jensenii strain SNUV360 ,float64,44,2,0.0 | 1.0
microbes.csv,default,Lactobacillus johnsonii ,float64,44,2,0.0 | 1.0
microbes.csv,default,Lactobacillus kefiri ,float64,44,2,0.0 | 1.0
microbes.csv,default,Lactobacillus manihotivorans DSM 13343 = JCM 12514 ,float64,44,2,0.0 | 1.0
microbes.csv,default,Lactobacillus mucosae LM1 ,float64,44,2,0.0 | 1.0
microbes.csv,default,Lactobacillus nenjiangensis ,float64,44,2,0.0 | 1.0
microbes.csv,default,Lactobacillus oligofermentans DSM 15707 = LMG 22743 ,float64,44,2,0.0 | 1.0
microbes.csv,default,Lactobacillus paracasei ,float64,44,2,0.0 | 1.0
microbes.csv,default,Lactobacillus paracasei ATCC 334 ,float64,44,2,1.0 | 0.0
microbes.csv,default,Lactobacillus paracasei N1115 ,float64,44,2,1.0 | 0.0
microbes.csv,default,Lactobacillus paracasei strain 275_LPAR ,float64,44,2,1.0 | 0.0
microbes.csv,default,Lactobacillus paracasei strain CAUH35 ,float64,44,2,1.0 | 0.0
microbes.csv,default,Lactobacillus paracasei strain DSM ,float64,44,2,1.0 | 0.0
microbes.csv,default,Lactobacillus paracasei strain KL1 ,float64,44,2,0.0 | 1.0
microbes.csv,default,Lactobacillus paracasei subsp. paracasei JCM 8130 ,float64,44,2,0.0 | 1.0
microbes.csv,default,Lactobacillus paracasei subsp. paracasei Lpp14 ,float64,44,2,1.0 | 0.0
microbes.csv,default,Lactobacillus paracasei subsp. paracasei Lpp17 ,float64,44,2,1.0 | 0.0
microbes.csv,default,Lactobacillus paracasei subsp. paracasei Lpp22 ,float64,44,2,0.0 | 1.0
microbes.csv,default,Lactobacillus paracasei subsp. paracasei Lpp225 ,float64,44,2,1.0 | 0.0
microbes.csv,default,Lactobacillus paragasseri ,float64,44,2,0.0 | 1.0
microbes.csv,default,Lactobacillus paralimentarius DSM 19674 ,float64,44,2,0.0 | 1.0
microbes.csv,default,Lactobacillus plantarum ,float64,44,2,1.0 | 0.0
microbes.csv,default,Lactobacillus plantarum 16 ,float64,44,2,0.0 | 1.0
microbes.csv,default,Lactobacillus plantarum strain CAUH2 ,float64,44,2,0.0 | 1.0
microbes.csv,default,Lactobacillus plantarum subsp. plantarum ,float64,44,2,0.0 | 1.0
microbes.csv,default,Lactobacillus plantarum subsp. plantarum ST-III ,float64,44,2,0.0 | 1.0
microbes.csv,default,Lactobacillus reuteri ,float64,44,2,0.0 | 1.0
microbes.csv,default,Lactobacillus reuteri strain 484_39 ,float64,44,2,0.0 | 1.0
microbes.csv,default,Lactobacillus rhamnosus ATCC 8530 ,float64,44,2,0.0 | 1.0
microbes.csv,default,Lactobacillus rhamnosus LOCK908 ,float64,44,2,0.0 | 1.0
microbes.csv,default,Lactobacillus rhamnosus Lc 705 ,float64,44,2,0.0 | 1.0
microbes.csv,default,Lactobacillus rhamnosus strain 40f ,float64,44,2,0.0 | 1.0
microbes.csv,default,Lactobacillus rhamnosus strain BPL5 ,float64,44,2,0.0 | 1.0
microbes.csv,default,Lactobacillus ruminis ATCC 25644 ,float64,44,2,0.0 | 1.0
microbes.csv,default,Lactobacillus ruminis S23 ,float64,44,2,0.0 | 1.0
microbes.csv,default,Lactobacillus ruminis strain WC1T17 ,float64,44,2,1.0 | 0.0
microbes.csv,default,Lactobacillus sakei ,float64,44,2,0.0 | 1.0
microbes.csv,default,Lactobacillus sakei subsp. sakei 23K ,float64,44,2,0.0 | 1.0
microbes.csv,default,Lactobacillus sanfranciscensis DSM 20451 ,float64,44,2,1.0 | 0.0
microbes.csv,default,Lactobacillus sanfranciscensis TMW 1.1304 ,float64,44,2,0.0 | 1.0
microbes.csv,default,Lactobacillus sp. HMSC056D05 ,float64,44,2,0.0 | 1.0
microbes.csv,default,Lactococcus ,float64,44,2,0.0 | 1.0
microbes.csv,default,Lactococcus chungangensis CAU 28 = DSM 22330 ,float64,44,2,0.0 | 1.0
microbes.csv,default,Lactococcus cremoris ,float64,44,2,0.0 | 1.0
microbes.csv,default,Lactococcus garvieae ,float64,44,2,0.0 | 1.0
microbes.csv,default,Lactococcus phage 79201 ,float64,44,2,0.0 | 1.0
microbes.csv,default,Lactococcus phage 88605 ,float64,44,2,0.0 | 1.0
microbes.csv,default,Lactococcus phage CHPC362 ,float64,44,2,0.0 | 1.0
microbes.csv,default,Lactococcus phage CHPC965 ,float64,44,2,0.0 | 1.0
microbes.csv,default,Lactococcus phage M6165 ,float64,44,2,0.0 | 1.0
microbes.csv,default,Lactococcus phage ul36 ,float64,44,2,0.0 | 1.0
microbes.csv,default,Lactococcus plantarum ,float64,44,2,0.0 | 1.0
microbes.csv,default,Lactococcus raffinolactis ,float64,44,2,0.0 | 1.0
microbes.csv,default,Lactococcus sp. 159469 ,float64,44,2,0.0 | 1.0
microbes.csv,default,Lactococcus sp. DD01 ,float64,44,2,0.0 | 1.0
microbes.csv,default,Lactococcus sp. LG1074 ,float64,44,2,0.0 | 1.0
microbes.csv,default,Lactococcus sp. LG1267 ,float64,44,2,0.0 | 1.0
microbes.csv,default,Lactococcus sp. LG592 ,float64,44,2,0.0 | 1.0
microbes.csv,default,Lactococcus sp. LG606 ,float64,44,2,0.0 | 1.0
microbes.csv,default,Lactococcus virus bIL67 ,float64,44,2,0.0 | 1.0
microbes.csv,default,Lactococcus virus c2 ,float64,44,2,0.0 | 1.0
microbes.csv,default,Lactonifactor longoviformis ,float64,44,2,1.0 | 0.0
microbes.csv,default,Lactonifactor longoviformis DSM 17459 ,float64,44,2,0.0 | 1.0
microbes.csv,default,Lancefieldella ,float64,44,2,0.0 | 1.0
microbes.csv,default,Latilactobacillus curvatus ,float64,44,2,0.0 | 1.0
microbes.csv,default,Latilactobacillus sakei ,float64,44,2,0.0 | 1.0
microbes.csv,default,Lautropia ,float64,44,2,0.0 | 1.0
microbes.csv,default,Lautropia mirabilis ,float64,44,2,0.0 | 1.0
microbes.csv,default,Leclercia adecarboxylata ,float64,44,2,0.0 | 1.0
microbes.csv,default,Leclercia sp. J807 ,float64,44,2,0.0 | 1.0
microbes.csv,default,Leclercia sp. LSNIH3 ,float64,44,2,0.0 | 1.0
microbes.csv,default,Lelliottia amnigena ,float64,44,2,0.0 | 1.0
microbes.csv,default,Leptotrichia ,float64,44,2,0.0 | 1.0
microbes.csv,default,Leptotrichia hongkongensis ,float64,44,2,0.0 | 1.0
microbes.csv,default,Leptotrichia shahii ,float64,44,2,0.0 | 1.0
microbes.csv,default,Leptotrichia sp. oral taxon 212 ,float64,44,2,0.0 | 1.0
microbes.csv,default,Leptotrichia sp. oral taxon 498 ,float64,44,2,0.0 | 1.0
microbes.csv,default,Leptotrichia trevisanii ,float64,44,2,0.0 | 1.0
microbes.csv,default,Leptotrichia wadei ,float64,44,2,0.0 | 1.0
microbes.csv,default,Leuconostoc carnosum ,float64,44,2,0.0 | 1.0
microbes.csv,default,Leuconostoc carnosum JB16 ,float64,44,2,0.0 | 1.0
microbes.csv,default,Leuconostoc citreum ,float64,44,2,0.0 | 1.0
microbes.csv,default,Leuconostoc citreum KM20 ,float64,44,2,0.0 | 1.0
microbes.csv,default,Leuconostoc falkenbergense ,float64,44,2,0.0 | 1.0
microbes.csv,default,Leuconostoc gelidum JB7 ,float64,44,2,0.0 | 1.0
microbes.csv,default,Leuconostoc gelidum subsp. gasicomitatum ,float64,44,2,0.0 | 1.0
microbes.csv,default,Leuconostoc gelidum subsp. gasicomitatum KG16-1 ,float64,44,2,0.0 | 1.0
microbes.csv,default,Leuconostoc inhae KCTC 3774 ,float64,44,2,0.0 | 1.0
microbes.csv,default,Leuconostoc kimchii IMSNU 11154 ,float64,44,2,0.0 | 1.0
microbes.csv,default,Leuconostoc lactis ,float64,44,2,0.0 | 1.0
microbes.csv,default,Leuconostoc mesenteroides ,float64,44,2,0.0 | 1.0
microbes.csv,default,Leuconostoc mesenteroides subsp. cremoris ATCC 19254 ,float64,44,2,0.0 | 1.0
microbes.csv,default,Leuconostoc mesenteroides subsp. cremoris TIFN8 ,float64,44,2,0.0 | 1.0
microbes.csv,default,Leuconostoc mesenteroides subsp. dextranicum strain LbE15 ,float64,44,2,0.0 | 1.0
microbes.csv,default,Leuconostoc mesenteroides subsp. mesenteroides ,float64,44,2,0.0 | 1.0
microbes.csv,default,Leuconostoc mesenteroides subsp. mesenteroides ATCC 8293 ,float64,44,2,0.0 | 1.0
microbes.csv,default,Leuconostoc mesenteroides subsp. mesenteroides J18 ,float64,44,2,0.0 | 1.0
microbes.csv,default,Leuconostoc mesenteroides subsp. mesenteroides strain DRC0211 ,float64,44,2,0.0 | 1.0
microbes.csv,default,Leuconostoc mesenteroides.1 ,float64,44,1,0.0
microbes.csv,default,Leuconostoc pseudomesenteroides ,float64,44,2,0.0 | 1.0
microbes.csv,default,Leuconostoc sp. LN180020 ,float64,44,2,0.0 | 1.0
microbes.csv,default,Leuconostoc suionicum ,float64,44,2,0.0 | 1.0
microbes.csv,default,Levilactobacillus brevis ,float64,44,2,0.0 | 1.0
microbes.csv,default,Levyella massiliensis ,float64,44,2,1.0 | 0.0
microbes.csv,default,Ligilactobacillus ,float64,44,2,0.0 | 1.0
microbes.csv,default,Ligilactobacillus animalis ,float64,44,2,0.0 | 1.0
microbes.csv,default,Ligilactobacillus salivarius ,float64,44,2,0.0 | 1.0
microbes.csv,default,Limosilactobacillus fermentum ,float64,44,2,0.0 | 1.0
microbes.csv,default,Limosilactobacillus frumenti ,float64,44,2,0.0 | 1.0
microbes.csv,default,Limosilactobacillus mucosae ,float64,44,2,0.0 | 1.0
microbes.csv,default,Limosilactobacillus vaginalis ,float64,44,2,0.0 | 1.0
microbes.csv,default,Loigolactobacillus backii ,float64,44,2,0.0 | 1.0
microbes.csv,default,Longibaculum ,float64,44,2,1.0 | 0.0
microbes.csv,default,Longibaculum sp. KGMB06250 ,float64,44,2,0.0 | 1.0
microbes.csv,default,Lysobacter gummosus strain 3.2.11 ,float64,44,2,0.0 | 1.0
microbes.csv,default,Macrococcus caseolyticus JCSC5402 ,float64,44,2,0.0 | 1.0
microbes.csv,default,Mageeibacillus ,float64,44,2,0.0 | 1.0
microbes.csv,default,Malassezia restricta ,float64,44,2,0.0 | 1.0
microbes.csv,default,Mannheimia ,float64,44,2,0.0 | 1.0
microbes.csv,default,Marvinbryantia formatexigens DSM 14469 ,float64,44,2,0.0 | 1.0
microbes.csv,default,Marvinbryantia formatexigens strain I-52 ,float64,44,2,0.0 | 1.0
microbes.csv,default,Massilioclostridium coli strain Marseille-P2976 ,float64,44,2,1.0 | 0.0
microbes.csv,default,Massiliomicrobiota timonensis ,float64,44,2,0.0 | 1.0
microbes.csv,default,Massilistercora timonensis ,float64,44,2,0.0 | 1.0
microbes.csv,default,Mediterranea massiliensis strain Marseille-P2645 ,float64,44,2,1.0 | 0.0
microbes.csv,default,Mediterraneibacter ,float64,44,2,0.0 | 1.0
microbes.csv,default,Megamonas funiformis ,float64,44,2,0.0 | 1.0
microbes.csv,default,Megamonas rupellensis ,float64,44,2,0.0 | 1.0
microbes.csv,default,Megasphaera elsdenii ,float64,44,2,0.0 | 1.0
microbes.csv,default,Megasphaera elsdenii 14-14 ,float64,44,2,0.0 | 1.0
microbes.csv,default,Megasphaera elsdenii DSM 20460 ,float64,44,2,0.0 | 1.0
microbes.csv,default,Megasphaera micronuciformis F0359 ,float64,44,2,1.0 | 0.0
microbes.csv,default,Megasphaera sp. DISK 18 ,float64,44,2,0.0 | 1.0
microbes.csv,default,Megasphaera sp. MJR8396C ,float64,44,2,0.0 | 1.0
microbes.csv,default,Megasphaera stantonii ,float64,44,2,0.0 | 1.0
microbes.csv,default,Merdibacter massiliensis strain Marseille-P3254 ,float64,44,2,0.0 | 1.0
microbes.csv,default,Mesorhizobium ,float64,44,2,0.0 | 1.0
microbes.csv,default,Mesorhizobium soli ,float64,44,2,0.0 | 1.0
microbes.csv,default,Methanobrevibacter smithii ATCC 35061 ,float64,44,2,0.0 | 1.0
microbes.csv,default,Methanobrevibacter smithii TS145A ,float64,44,2,0.0 | 1.0
microbes.csv,default,Methanosphaera stadtmanae DSM 3091 ,float64,44,2,0.0 | 1.0
microbes.csv,default,Microbacterium paludicola ,float64,44,2,0.0 | 1.0
microbes.csv,default,Mitsuokella jalaludinii ,float64,44,2,0.0 | 1.0
microbes.csv,default,Mobiluncus curtisii ATCC 43063 ,float64,44,2,0.0 | 1.0
microbes.csv,default,Mogibacterium ,float64,44,2,0.0 | 1.0
microbes.csv,default,Mogibacterium diversum ,float64,44,2,1.0 | 0.0
microbes.csv,default,Mogibacterium sp. CM50 ,float64,44,2,1.0 | 0.0
microbes.csv,default,Mogibacterium sp. Marseille-P3115 sp. Marseille-P3115 ,float64,44,2,0.0 | 1.0
microbes.csv,default,Mogibacterium timidum ATCC 33093 ,float64,44,2,0.0 | 1.0
microbes.csv,default,Moraxella nonliquefaciens ,float64,44,2,0.0 | 1.0
microbes.csv,default,Morganella morganii subsp. morganii ,float64,44,2,0.0 | 1.0
microbes.csv,default,Mucispirillum schaedleri ASF457 ,float64,44,2,0.0 | 1.0
microbes.csv,default,Murdochiella vaginalis ,float64,44,2,0.0 | 1.0
microbes.csv,default,Muribaculum ,float64,44,2,0.0 | 1.0
microbes.csv,default,Muribaculum intestinale ,float64,44,2,0.0 | 1.0
microbes.csv,default,Mycoplasma arginini ,float64,44,2,0.0 | 1.0
microbes.csv,default,Myroides odoratimimus ,float64,44,2,0.0 | 1.0
microbes.csv,default,Myroides odoratimimus strain PR63039 ,float64,44,2,0.0 | 1.0
microbes.csv,default,Myroides phaeus ,float64,44,2,0.0 | 1.0
microbes.csv,default,Nannochloropsis gaditana CCMP526 ,float64,44,2,0.0 | 1.0
microbes.csv,default,Ndongobacter massiliensis strain Marseille-P3170T sp. Marseille-P3170 ,float64,44,2,0.0 | 1.0
microbes.csv,default,Nectarine marafivirus M ,float64,44,2,0.0 | 1.0
microbes.csv,default,Nectria haematococca mpVI 77-13-4 ,float64,44,2,0.0 | 1.0
microbes.csv,default,Negativicoccus massiliensis strain AT7 ,float64,44,2,0.0 | 1.0
microbes.csv,default,Neglecta timonensis ,float64,44,2,0.0 | 1.0
microbes.csv,default,Neisseria ,float64,44,2,0.0 | 1.0
microbes.csv,default,Neisseria bacilliformis ,float64,44,2,0.0 | 1.0
microbes.csv,default,Neisseria elongata ,float64,44,2,0.0 | 1.0
microbes.csv,default,Neisseria mucosa ,float64,44,2,0.0 | 1.0
microbes.csv,default,Neisseria sp. HMSC055H02 ,float64,44,2,0.0 | 1.0
microbes.csv,default,Neisseria subflava ,float64,44,2,0.0 | 1.0
microbes.csv,default,Obesumbacterium proteus ,float64,44,2,0.0 | 1.0
microbes.csv,default,Ochrobactrum anthropi ,float64,44,2,0.0 | 1.0
microbes.csv,default,Ochrobactrum intermedium M86 ,float64,44,2,0.0 | 1.0
microbes.csv,default,Odoribacter ,float64,44,2,0.0 | 1.0
microbes.csv,default,Odoribacter laneus YIT 12061 ,float64,44,2,0.0 | 1.0
microbes.csv,default,Odoribacter splanchnicus ,float64,44,2,0.0 | 1.0
microbes.csv,default,Odoribacter splanchnicus DSM 20712 ,float64,44,2,1.0 | 0.0
microbes.csv,default,Olsenella ,float64,44,2,0.0 | 1.0
microbes.csv,default,Olsenella profusa F0195 ,float64,44,2,0.0 | 1.0
microbes.csv,default,Olsenella sp. DNF00959 ,float64,44,2,0.0 | 1.0
microbes.csv,default,Olsenella sp. GAM18 ,float64,44,2,0.0 | 1.0
microbes.csv,default,Olsenella sp. oral taxon 807 ,float64,44,2,0.0 | 1.0
microbes.csv,default,Olsenella sp. oral taxon 807 strain F0089 ,float64,44,2,0.0 | 1.0
microbes.csv,default,Olsenella uli DSM 7084 ,float64,44,2,0.0 | 1.0
microbes.csv,default,Oribacterium asaccharolyticum ACB7 ,float64,44,2,0.0 | 1.0
microbes.csv,default,Oribacterium parvum ,float64,44,2,0.0 | 1.0
microbes.csv,default,Oribacterium parvum ACB1 ,float64,44,2,0.0 | 1.0
microbes.csv,default,Oribacterium sinus F0268 ,float64,44,2,0.0 | 1.0
microbes.csv,default,Ornithobacterium ,float64,44,2,0.0 | 1.0
microbes.csv,default,Ornithobacterium rhinotracheale ,float64,44,2,0.0 | 1.0
microbes.csv,default,Oscillibacter ,float64,44,2,0.0 | 1.0
microbes.csv,default,Oscillibacter sp. 1-3 ,float64,44,2,0.0 | 1.0
microbes.csv,default,Oscillibacter sp. ER4 ,float64,44,2,1.0 | 0.0
microbes.csv,default,Oscillibacter sp. KLE 1745 ,float64,44,2,1.0 | 0.0
microbes.csv,default,Oscillibacter sp. PEA192 ,float64,44,2,0.0 | 1.0
microbes.csv,default,Oscillospiraceae bacterium VE202-24 ,float64,44,2,1.0 | 0.0
microbes.csv,default,Oxalobacter formigenes ,float64,44,2,0.0 | 1.0
microbes.csv,default,Oxalobacter formigenes OXCC13 ,float64,44,2,1.0 | 0.0
microbes.csv,default,Paenarthrobacter sp. YJN-D ,float64,44,2,0.0 | 1.0
microbes.csv,default,Paenibacillus xylanexedens strain PAMC ,float64,44,2,0.0 | 1.0
microbes.csv,default,Paeniclostridium sordellii ,float64,44,2,0.0 | 1.0
microbes.csv,default,Pannonibacter phragmitetus strain 31801 ,float64,44,2,0.0 | 1.0
microbes.csv,default,Pantoea agglomerans ,float64,44,2,0.0 | 1.0
microbes.csv,default,Paprika mild mottle virus ,float64,44,2,0.0 | 1.0
microbes.csv,default,Parabacteroides ,float64,44,2,0.0 | 1.0
microbes.csv,default,Parabacteroides distasonis ATCC 8503 ,float64,44,2,1.0 | 0.0
microbes.csv,default,Parabacteroides goldsteinii ,float64,44,2,0.0 | 1.0
microbes.csv,default,Parabacteroides goldsteinii CL02T12C30 ,float64,44,2,1.0 | 0.0
microbes.csv,default,Parabacteroides goldsteinii DSM 19448 = WAL 12034 ,float64,44,2,1.0 | 0.0
microbes.csv,default,Parabacteroides goldsteinii dnLKV18 ,float64,44,2,1.0 | 0.0
microbes.csv,default,Parabacteroides goldsteinii strain 910340 ,float64,44,2,1.0 | 0.0
microbes.csv,default,Parabacteroides gordonii ,float64,44,2,1.0 | 0.0
microbes.csv,default,Parabacteroides gordonii DSM 23371 ,float64,44,2,0.0 | 1.0
microbes.csv,default,Parabacteroides gordonii MS-1 ,float64,44,2,0.0 | 1.0
microbes.csv,default,Parabacteroides johnsonii ,float64,44,2,0.0 | 1.0
microbes.csv,default,Parabacteroides johnsonii CL02T12C29 ,float64,44,2,1.0 | 0.0
microbes.csv,default,Parabacteroides johnsonii DSM 18315 ,float64,44,2,1.0 | 0.0
microbes.csv,default,Parabacteroides merdae ATCC 43184 ,float64,44,2,1.0 | 0.0
microbes.csv,default,Parabacteroides merdae CL03T12C32 ,float64,44,2,1.0 | 0.0
microbes.csv,default,Parabacteroides merdae CL09T00C40 ,float64,44,2,1.0 | 0.0
microbes.csv,default,Parabacteroides merdae strain 2789STDY5834848 ,float64,44,2,1.0 | 0.0
microbes.csv,default,Parabacteroides phage YZ-2015a ,float64,44,2,0.0 | 1.0
microbes.csv,default,Parabacteroides phage YZ-2015b ,float64,44,2,0.0 | 1.0
microbes.csv,default,Parabacteroides sp. 20_3 ,float64,44,2,1.0 | 0.0
microbes.csv,default,Parabacteroides sp. 2_1_7 ,float64,44,2,1.0 | 0.0
microbes.csv,default,Parabacteroides sp. CT06 ,float64,44,2,0.0 | 1.0
microbes.csv,default,Parabacteroides sp. D13 ,float64,44,2,1.0 | 0.0
microbes.csv,default,Parabacteroides sp. D26 ,float64,44,2,1.0 | 0.0
microbes.csv,default,Parabacteroides sp. HGS0025 ,float64,44,2,0.0 | 1.0
microbes.csv,default,"Parabacteroides sp. Marseille-P3236 strain Marseille-P3236, sp. Marseille-P3136 ",float64,44,1,0.0
microbes.csv,default,"Parabacteroides sp. SN4 strain SN4, sp. SB4 ",float64,44,2,0.0 | 1.0
microbes.csv,default,Paracoccus yeei ,float64,44,2,0.0 | 1.0
microbes.csv,default,Paraprevotella ,float64,44,2,0.0 | 1.0
microbes.csv,default,Paraprevotella clara YIT 11840 ,float64,44,2,1.0 | 0.0
microbes.csv,default,Paraprevotella xylaniphila YIT 11841 ,float64,44,2,1.0 | 0.0
microbes.csv,default,Parasutterella excrementihominis YIT 11859 ,float64,44,2,1.0 | 0.0
microbes.csv,default,Parolsenella catena ,float64,44,2,0.0 | 1.0
microbes.csv,default,Parvimonas ,float64,44,2,0.0 | 1.0
microbes.csv,default,Parvimonas micra ,float64,44,2,0.0 | 1.0
microbes.csv,default,Parvimonas sp. KA00067 ,float64,44,2,0.0 | 1.0
microbes.csv,default,Parvimonas sp. oral taxon 393 str. F0440 ,float64,44,2,0.0 | 1.0
microbes.csv,default,Peanut mottle virus ,float64,44,2,1.0 | 0.0
microbes.csv,default,Pediococcus acidilactici D3 ,float64,44,2,0.0 | 1.0
microbes.csv,default,Pediococcus argentinicus strain DSM ,float64,44,2,0.0 | 1.0
microbes.csv,default,Pediococcus claussenii ,float64,44,2,0.0 | 1.0
microbes.csv,default,Pediococcus pentosaceus ,float64,44,2,0.0 | 1.0
microbes.csv,default,Penicillium chrysogenum ,float64,44,2,0.0 | 1.0
microbes.csv,default,Penicillium polonicum ,float64,44,2,0.0 | 1.0
microbes.csv,default,Penicillium rubens Wisconsin 54-1255 ,float64,44,2,0.0 | 1.0
microbes.csv,default,Pepper mild mottle virus ,float64,44,2,0.0 | 1.0
microbes.csv,default,Peptacetobacter ,float64,44,2,0.0 | 1.0
microbes.csv,default,Peptacetobacter hiranonis ,float64,44,2,0.0 | 1.0
microbes.csv,default,Peptoniphilus grossensis ,float64,44,2,0.0 | 1.0
microbes.csv,default,Peptoniphilus grossensis ph5 ,float64,44,2,1.0 | 0.0
microbes.csv,default,Peptoniphilus harei ,float64,44,2,0.0 | 1.0
microbes.csv,default,Peptoniphilus lacrimalis 315-B ,float64,44,2,0.0 | 1.0
microbes.csv,default,Peptoniphilus lacrimalis DSM 7455 ,float64,44,2,1.0 | 0.0
microbes.csv,default,Peptoniphilus senegalensis JC140 ,float64,44,2,0.0 | 1.0
microbes.csv,default,Peptoniphilus sp. BV3C26 ,float64,44,2,0.0 | 1.0
microbes.csv,default,Peptoniphilus sp. ChDC B134 ,float64,44,2,0.0 | 1.0
microbes.csv,default,Peptoniphilus sp. HMSC062D09 ,float64,44,2,0.0 | 1.0
microbes.csv,default,Peptoniphilus sp. HMSC075B08 ,float64,44,2,0.0 | 1.0
microbes.csv,default,Peptoniphilus sp. KHD5 sp. KHD5 ,float64,44,2,1.0 | 0.0
microbes.csv,default,Peptoniphilus sp. oral taxon 375 str. F0436 ,float64,44,2,0.0 | 1.0
microbes.csv,default,Peptoniphilus sp. oral taxon 836 str. F0141 ,float64,44,2,0.0 | 1.0
microbes.csv,default,Peptoniphilus timonensis JC401 ,float64,44,2,0.0 | 1.0
microbes.csv,default,Peptostreptococcus anaerobius VPI 4330 = DSM 2949 ,float64,44,2,1.0 | 0.0
microbes.csv,default,Peptostreptococcus anaerobius strain C ,float64,44,2,0.0 | 1.0
microbes.csv,default,Peptostreptococcus anaerobius strain MJR8628A ,float64,44,2,0.0 | 1.0
microbes.csv,default,Peptostreptococcus sp. MV1 ,float64,44,2,0.0 | 1.0
microbes.csv,default,Peptostreptococcus stomatis DSM 17678 ,float64,44,2,1.0 | 0.0
microbes.csv,default,Persea americana chrysovirus ,float64,44,2,0.0 | 1.0
microbes.csv,default,Petrimonas mucosa ,float64,44,2,0.0 | 1.0
microbes.csv,default,Phascolarctobacterium faecium ,float64,44,2,1.0 | 0.0
microbes.csv,default,Phascolarctobacterium succinatutens YIT 12067 ,float64,44,2,1.0 | 0.0
microbes.csv,default,Phaseolus vulgaris alphaendornavirus 1 ,float64,44,2,0.0 | 1.0
microbes.csv,default,Phaseolus vulgaris alphaendornavirus 2 ,float64,44,2,0.0 | 1.0
microbes.csv,default,Phaseolus vulgaris endornavirus 1 ,float64,44,2,1.0 | 0.0
microbes.csv,default,Phaseolus vulgaris endornavirus 2 ,float64,44,2,0.0 | 1.0
microbes.csv,default,Phocaeicola ,float64,44,2,0.0 | 1.0
microbes.csv,default,Phocaeicola coprophilus ,float64,44,2,0.0 | 1.0
microbes.csv,default,Phocea massiliensis strain Marseille-P2769 ,float64,44,2,1.0 | 0.0
microbes.csv,default,Plantactinospora ,float64,44,2,0.0 | 1.0
microbes.csv,default,Polerovirus ,float64,44,2,0.0 | 1.0
microbes.csv,default,Pontibacillus litoralis JSM 072002 ,float64,44,2,0.0 | 1.0
microbes.csv,default,Porphyromonas asaccharolytica DSM 20707 ,float64,44,2,1.0 | 0.0
microbes.csv,default,Porphyromonas bennonis DSM 23058 = JCM 16335 ,float64,44,2,0.0 | 1.0
microbes.csv,default,Porphyromonas endodontalis ATCC 35406 ,float64,44,2,0.0 | 1.0
microbes.csv,default,Porphyromonas gingivalis ,float64,44,2,0.0 | 1.0
microbes.csv,default,Porphyromonas gulae strain COT-052_OH2199 ,float64,44,2,0.0 | 1.0
microbes.csv,default,Porphyromonas levii ,float64,44,2,0.0 | 1.0
microbes.csv,default,Porphyromonas macacae strain COT-192 ,float64,44,2,0.0 | 1.0
microbes.csv,default,Porphyromonas somerae ,float64,44,2,0.0 | 1.0
microbes.csv,default,Porphyromonas somerae DSM 23386 ,float64,44,2,0.0 | 1.0
microbes.csv,default,Porphyromonas sp. HMSC065F10 ,float64,44,2,1.0 | 0.0
microbes.csv,default,Porphyromonas sp. HMSC077F02 ,float64,44,2,0.0 | 1.0
microbes.csv,default,Porphyromonas uenonis 60-3 ,float64,44,2,0.0 | 1.0
microbes.csv,default,Porphyromonas uenonis DSM 23387 = JCM 13868 ,float64,44,2,0.0 | 1.0
microbes.csv,default,Prevotella ,float64,44,2,0.0 | 1.0
microbes.csv,default,Prevotella albensis DSM 11370 = JCM 12258 ,float64,44,2,0.0 | 1.0
microbes.csv,default,Prevotella baroniae DSM 16972 = JCM 13447 ,float64,44,2,0.0 | 1.0
microbes.csv,default,Prevotella bergensis DSM 17361 ,float64,44,2,0.0 | 1.0
microbes.csv,default,Prevotella bivia DNF00188 ,float64,44,2,0.0 | 1.0
microbes.csv,default,Prevotella bivia DNF00320 ,float64,44,2,1.0 | 0.0
microbes.csv,default,Prevotella bivia DNF00650 ,float64,44,2,0.0 | 1.0
microbes.csv,default,Prevotella bivia DSM 20514 ,float64,44,2,0.0 | 1.0
microbes.csv,default,Prevotella bivia JCVIHMP010 ,float64,44,2,0.0 | 1.0
microbes.csv,default,Prevotella bivia strain 700_PDEN ,float64,44,2,0.0 | 1.0
microbes.csv,default,Prevotella bivia strain GED7760C ,float64,44,2,0.0 | 1.0
microbes.csv,default,Prevotella bivia strain GED7880 ,float64,44,2,0.0 | 1.0
microbes.csv,default,Prevotella bryantii B14 ,float64,44,2,0.0 | 1.0
microbes.csv,default,Prevotella bryantii C21a ,float64,44,2,0.0 | 1.0
microbes.csv,default,Prevotella bryantii strain FB3001 ,float64,44,2,0.0 | 1.0
microbes.csv,default,Prevotella bryantii strain KHPX14 ,float64,44,2,0.0 | 1.0
microbes.csv,default,Prevotella buccae D17 ,float64,44,2,0.0 | 1.0
microbes.csv,default,Prevotella buccalis ATCC 35310 ,float64,44,2,0.0 | 1.0
microbes.csv,default,Prevotella buccalis DNF00853 ,float64,44,2,0.0 | 1.0
microbes.csv,default,Prevotella buccalis DNF00985 ,float64,44,2,0.0 | 1.0
microbes.csv,default,Prevotella conceptionensis 9403948 ,float64,44,2,0.0 | 1.0
microbes.csv,default,Prevotella copri DSM 18205 ,float64,44,2,0.0 | 1.0
microbes.csv,default,Prevotella corporis DSM 18810 = JCM 8529 ,float64,44,2,0.0 | 1.0
microbes.csv,default,Prevotella corporis strain MJR7716 ,float64,44,2,0.0 | 1.0
microbes.csv,default,Prevotella dentalis DSM 3688 ,float64,44,2,0.0 | 1.0
microbes.csv,default,Prevotella denticola F0289 ,float64,44,2,0.0 | 1.0
microbes.csv,default,Prevotella disiens ,float64,44,2,0.0 | 1.0
microbes.csv,default,Prevotella disiens DNF00882 ,float64,44,2,0.0 | 1.0
microbes.csv,default,Prevotella disiens FB035-09AN ,float64,44,2,0.0 | 1.0
microbes.csv,default,Prevotella enoeca ,float64,44,2,0.0 | 1.0
microbes.csv,default,Prevotella histicola F0411 ,float64,44,2,0.0 | 1.0
microbes.csv,default,Prevotella ihumii sp. Marseille-P3385 ,float64,44,2,0.0 | 1.0
microbes.csv,default,Prevotella intermedia ,float64,44,2,0.0 | 1.0
microbes.csv,default,Prevotella jejuni ,float64,44,2,0.0 | 1.0
microbes.csv,default,Prevotella marshii DSM 16973 = JCM 13450 ,float64,44,2,0.0 | 1.0
microbes.csv,default,Prevotella melaninogenica ,float64,44,2,0.0 | 1.0
microbes.csv,default,Prevotella melaninogenica ATCC 25845 ,float64,44,2,0.0 | 1.0
microbes.csv,default,Prevotella multiformis DSM 16608 ,float64,44,2,0.0 | 1.0
microbes.csv,default,Prevotella multisaccharivorax DSM 17128 ,float64,44,2,0.0 | 1.0
microbes.csv,default,Prevotella nanceiensis DSM 19126 = JCM 15639 ,float64,44,2,1.0 | 0.0
microbes.csv,default,Prevotella nigrescens F0103 ,float64,44,2,0.0 | 1.0
microbes.csv,default,Prevotella oulorum JCM 14966 ,float64,44,2,0.0 | 1.0
microbes.csv,default,Prevotella pallens ATCC 700821 ,float64,44,2,0.0 | 1.0
microbes.csv,default,Prevotella pleuritidis JCM 14110 ,float64,44,2,0.0 | 1.0
microbes.csv,default,Prevotella scopos JCM 17725 ,float64,44,2,0.0 | 1.0
microbes.csv,default,Prevotella sp. 109 ,float64,44,2,1.0 | 0.0
microbes.csv,default,Prevotella sp. C561 ,float64,44,2,0.0 | 1.0
microbes.csv,default,Prevotella sp. DNF00663 ,float64,44,2,0.0 | 1.0
microbes.csv,default,Prevotella sp. HMSC069G02 ,float64,44,2,0.0 | 1.0
microbes.csv,default,Prevotella sp. HMSC073D09 ,float64,44,2,0.0 | 1.0
microbes.csv,default,Prevotella sp. KHD1 sp. KHD1 ,float64,44,2,1.0 | 0.0
microbes.csv,default,Prevotella sp. P4-65 ,float64,44,2,0.0 | 1.0
microbes.csv,default,Prevotella sp. P4-76 ,float64,44,2,0.0 | 1.0
microbes.csv,default,Prevotella sp. P5-119 ,float64,44,2,0.0 | 1.0
microbes.csv,default,Prevotella sp. P5-125 ,float64,44,2,0.0 | 1.0
microbes.csv,default,Prevotella sp. P5-60 ,float64,44,2,0.0 | 1.0
microbes.csv,default,Prevotella sp. S7-1-8 ,float64,44,2,1.0 | 0.0
microbes.csv,default,Prevotella sp. oral taxon 306 str. F0472 ,float64,44,2,0.0 | 1.0
microbes.csv,default,Prevotella sp. oral taxon 472 str. F0295 ,float64,44,2,0.0 | 1.0
microbes.csv,default,Prevotella stercorea ,float64,44,2,1.0 | 0.0
microbes.csv,default,Prevotella stercorea DSM 18206 ,float64,44,2,0.0 | 1.0
microbes.csv,default,Prevotella timonensis ,float64,44,2,0.0 | 1.0
microbes.csv,default,Prevotella timonensis 4401737 = DSM 22865 = JCM 15640 ,float64,44,2,0.0 | 1.0
microbes.csv,default,Prevotella timonensis CRIS 5C-B1 ,float64,44,2,0.0 | 1.0
microbes.csv,default,Prevotella timonensis S9-PR14 ,float64,44,2,0.0 | 1.0
microbes.csv,default,Prevotella veroralis DSM 19559 = JCM 6290 ,float64,44,2,0.0 | 1.0
microbes.csv,default,Prevotella veroralis F0319 ,float64,44,2,0.0 | 1.0
microbes.csv,default,Prevotellaceae bacterium Marseille-P2826 ,float64,44,2,0.0 | 1.0
microbes.csv,default,Prevotellamassilia timonensis strain Marseille-P2831 ,float64,44,2,1.0 | 0.0
microbes.csv,default,Priestia flexa ,float64,44,2,0.0 | 1.0
microbes.csv,default,Propionibacterium acidifaciens ,float64,44,2,0.0 | 1.0
microbes.csv,default,Propionibacterium acnes 266 ,float64,44,2,0.0 | 1.0
microbes.csv,default,Propionibacterium acnes hdn-1 ,float64,44,2,0.0 | 1.0
microbes.csv,default,Propionibacterium acnes subsp. acnes ,float64,44,2,0.0 | 1.0
microbes.csv,default,Propionibacterium acnes subsp. defendens ATCC 11828 ,float64,44,2,0.0 | 1.0
microbes.csv,default,Propionibacterium freudenreichii ,float64,44,2,0.0 | 1.0
microbes.csv,default,Propionibacterium freudenreichii subsp. freudenreichii ,float64,44,2,0.0 | 1.0
microbes.csv,default,Propionibacterium freudenreichii subsp. freudenreichii strain DSM ,float64,44,2,0.0 | 1.0
microbes.csv,default,Propionibacterium freudenreichii subsp. shermanii CIRM-BIA1 ,float64,44,2,0.0 | 1.0
microbes.csv,default,Propionibacterium freudenreichii subsp. shermanii isolate PFREUDJS1 ,float64,44,2,0.0 | 1.0
microbes.csv,default,Propionimicrobium sp. Marseille-P3275 ,float64,44,2,0.0 | 1.0
microbes.csv,default,Proteus columbae ,float64,44,2,0.0 | 1.0
microbes.csv,default,Proteus mirabilis ,float64,44,2,0.0 | 1.0
microbes.csv,default,Proteus vulgaris ,float64,44,2,0.0 | 1.0
microbes.csv,default,Providencia rettgeri ,float64,44,2,0.0 | 1.0
microbes.csv,default,Pseudobutyrivibrio ruminis ,float64,44,2,0.0 | 1.0
microbes.csv,default,Pseudobutyrivibrio xylanivorans ,float64,44,2,0.0 | 1.0
microbes.csv,default,Pseudoflavonifractor capillosus ATCC 29799 ,float64,44,2,1.0 | 0.0
microbes.csv,default,Pseudomonas ,float64,44,2,0.0 | 1.0
microbes.csv,default,Pseudomonas aeruginosa ,float64,44,2,0.0 | 1.0
microbes.csv,default,Pseudomonas denitrificans ,float64,44,2,0.0 | 1.0
microbes.csv,default,Pseudomonas helleri strain DSM ,float64,44,2,0.0 | 1.0
microbes.csv,default,Pseudomonas psychrophila ,float64,44,2,0.0 | 1.0
microbes.csv,default,Pseudomonas stutzeri ,float64,44,2,0.0 | 1.0
microbes.csv,default,Pseudomonas stutzeri A1501 ,float64,44,2,0.0 | 1.0
microbes.csv,default,Pseudoramibacter alactolyticus ATCC 23263 ,float64,44,2,1.0 | 0.0
microbes.csv,default,Puccinia graminis f. sp. tritici CRL 75-36-700-3 ,float64,44,2,0.0 | 1.0
microbes.csv,default,Pyrenophora ,float64,44,2,0.0 | 1.0
microbes.csv,default,Pyrenophora tritici-repentis ,float64,44,2,0.0 | 1.0
microbes.csv,default,Pyricularia grisea ,float64,44,2,0.0 | 1.0
microbes.csv,default,Ralstonia ,float64,44,2,0.0 | 1.0
microbes.csv,default,Ralstonia insidiosa ,float64,44,2,0.0 | 1.0
microbes.csv,default,Ralstonia insidiosa strain ATCC ,float64,44,2,1.0 | 0.0
microbes.csv,default,Ralstonia mannitolilytica ,float64,44,2,0.0 | 1.0
microbes.csv,default,Ralstonia mannitolilytica strain SN82F48 ,float64,44,2,0.0 | 1.0
microbes.csv,default,Ralstonia pickettii 12D ,float64,44,2,1.0 | 0.0
microbes.csv,default,Ralstonia pickettii 12J ,float64,44,2,1.0 | 0.0
microbes.csv,default,Ralstonia solanacearum ,float64,44,2,0.0 | 1.0
microbes.csv,default,Ralstonia sp. AU12-08 ,float64,44,2,0.0 | 1.0
microbes.csv,default,Ralstonia sp. MD27 ,float64,44,2,0.0 | 1.0
microbes.csv,default,Raoultella ornithinolytica ,float64,44,2,0.0 | 1.0
microbes.csv,default,Raoultella ornithinolytica strain A14 ,float64,44,2,0.0 | 1.0
microbes.csv,default,Raoultella ornithinolytica strain Yangling ,float64,44,2,0.0 | 1.0
microbes.csv,default,Raoultella planticola ,float64,44,2,0.0 | 1.0
microbes.csv,default,Raoultella sp. XY-1 ,float64,44,2,0.0 | 1.0
microbes.csv,default,Riemerella anatipestifer Yb2 ,float64,44,2,0.0 | 1.0
microbes.csv,default,Rikenella microfusus ,float64,44,2,0.0 | 1.0
microbes.csv,default,Rikenella microfusus DSM 15922 ,float64,44,2,0.0 | 1.0
microbes.csv,default,Romboutsia ,float64,44,2,1.0 | 0.0
microbes.csv,default,Romboutsia sp. CE17 ,float64,44,2,0.0 | 1.0
microbes.csv,default,Roseburia ,float64,44,2,0.0 | 1.0
microbes.csv,default,Roseburia faecis ,float64,44,2,1.0 | 0.0
microbes.csv,default,Roseburia hominis A2-183 ,float64,44,2,1.0 | 0.0
microbes.csv,default,Roseburia intestinalis L1-82 ,float64,44,2,1.0 | 0.0
microbes.csv,default,Roseburia inulinivorans ,float64,44,2,1.0 | 0.0
microbes.csv,default,Roseburia sp. 499 ,float64,44,2,0.0 | 1.0
microbes.csv,default,Roseburia sp. 831b ,float64,44,2,1.0 | 0.0
microbes.csv,default,Rothia ,float64,44,2,0.0 | 1.0
microbes.csv,default,Rothia aeria ,float64,44,2,0.0 | 1.0
microbes.csv,default,Rothia dentocariosa ,float64,44,2,0.0 | 1.0
microbes.csv,default,Rothia dentocariosa ATCC 17931 ,float64,44,2,0.0 | 1.0
microbes.csv,default,Rothia kristinae ,float64,44,2,0.0 | 1.0
microbes.csv,default,Rothia mucilaginosa DY-18 ,float64,44,2,1.0 | 0.0
microbes.csv,default,Rothia sp. HMSC061D12 ,float64,44,2,0.0 | 1.0
microbes.csv,default,Rothia sp. HMSC061E04 ,float64,44,2,0.0 | 1.0
microbes.csv,default,Rothia sp. HMSC062H08 ,float64,44,2,0.0 | 1.0
microbes.csv,default,Rothia sp. HMSC065B04 ,float64,44,2,0.0 | 1.0
microbes.csv,default,Rothia sp. HMSC065C03 ,float64,44,2,0.0 | 1.0
microbes.csv,default,Rothia sp. HMSC065C12 ,float64,44,2,0.0 | 1.0
microbes.csv,default,Rothia sp. HMSC065G12 ,float64,44,2,1.0 | 0.0
microbes.csv,default,Rothia sp. HMSC066G02 ,float64,44,2,0.0 | 1.0
microbes.csv,default,Rothia sp. HMSC066G07 ,float64,44,2,0.0 | 1.0
microbes.csv,default,Rothia sp. HMSC068E02 ,float64,44,2,0.0 | 1.0
microbes.csv,default,Rothia sp. HMSC069C04 ,float64,44,2,0.0 | 1.0
microbes.csv,default,Rothia sp. HMSC069C10 ,float64,44,2,0.0 | 1.0
microbes.csv,default,Rothia sp. HMSC069D01 ,float64,44,2,0.0 | 1.0
microbes.csv,default,Rothia sp. HMSC072B03 ,float64,44,2,0.0 | 1.0
microbes.csv,default,Rothia sp. HMSC073B08 ,float64,44,2,0.0 | 1.0
microbes.csv,default,Rothia sp. HMSC075F09 ,float64,44,2,0.0 | 1.0
microbes.csv,default,Rothia sp. HMSC076D04 ,float64,44,2,0.0 | 1.0
microbes.csv,default,Ruminiclostridium herbifermentans ,float64,44,2,0.0 | 1.0
microbes.csv,default,Ruminococcaceae bacterium D16 ,float64,44,2,1.0 | 0.0
microbes.csv,default,Ruminococcaceae bacterium Marseille-P2935 ,float64,44,2,1.0 | 0.0
microbes.csv,default,Ruminococcaceae bacterium Marseille-P2963 ,float64,44,2,0.0 | 1.0
microbes.csv,default,Ruminococcaceae bacterium cv2 ,float64,44,2,1.0 | 0.0
microbes.csv,default,Ruminococcus bicirculans ,float64,44,2,0.0 | 1.0
microbes.csv,default,Ruminococcus callidus ATCC 27760 ,float64,44,2,0.0 | 1.0
microbes.csv,default,Ruminococcus champanellensis ,float64,44,2,0.0 | 1.0
microbes.csv,default,Ruminococcus faecis JCM 15917 ,float64,44,2,1.0 | 0.0
microbes.csv,default,Ruminococcus gauvreauii ,float64,44,2,0.0 | 1.0
microbes.csv,default,Ruminococcus gnavus ATCC 29149 ,float64,44,2,1.0 | 0.0
microbes.csv,default,Ruminococcus lactaris ,float64,44,2,0.0 | 1.0
microbes.csv,default,Ruminococcus lactaris ATCC 29176 ,float64,44,2,1.0 | 0.0
microbes.csv,default,Ruminococcus lactaris CC59_002D ,float64,44,2,1.0 | 0.0
microbes.csv,default,Ruminococcus sp. 5_1_39BFAA ,float64,44,2,1.0 | 0.0
microbes.csv,default,Ruminococcus sp. AT10 ,float64,44,2,1.0 | 0.0
microbes.csv,default,Ruminococcus sp. DSM 100440 ,float64,44,2,1.0 | 0.0
microbes.csv,default,Ruminococcus sp. JC304 ,float64,44,2,1.0 | 0.0
microbes.csv,default,Ruminococcus sp. JE7A12 ,float64,44,2,0.0 | 1.0
microbes.csv,default,Ruminococcus sp. Marseille-P3213 sp. Marseille-P3213 ,float64,44,2,1.0 | 0.0
microbes.csv,default,Ruminococcus sp. YE71 sp. YE71 ,float64,44,2,0.0 | 1.0
microbes.csv,default,Ruminococcus torques ATCC 27756 ,float64,44,2,1.0 | 0.0
microbes.csv,default,Ruthenibacterium ,float64,44,2,0.0 | 1.0
microbes.csv,default,Ruthenibacterium lactatiformans ,float64,44,2,0.0 | 1.0
microbes.csv,default,Ruthenibacterium lactatiformans strain 585-1 ,float64,44,2,1.0 | 0.0
microbes.csv,default,Saccharomyces boulardii (nom. inval.) ,float64,44,2,0.0 | 1.0
microbes.csv,default,Saccharomyces cerevisiae S288C ,float64,44,2,1.0 | 0.0
microbes.csv,default,Saccharomyces eubayanus ,float64,44,2,0.0 | 1.0
microbes.csv,default,Saccharomyces jurei ,float64,44,2,0.0 | 1.0
microbes.csv,default,Saccharomyces kudriavzevii ,float64,44,2,0.0 | 1.0
microbes.csv,default,Saccharomyces paradoxus ,float64,44,2,0.0 | 1.0
microbes.csv,default,Saccharomyces pastorianus ,float64,44,2,0.0 | 1.0
microbes.csv,default,Saccharomyces sp. 'boulardii' strain unique28 ,float64,44,2,1.0 | 0.0
microbes.csv,default,Salmonella phage allotria ,float64,44,2,0.0 | 1.0
microbes.csv,default,Sanguibacteroides justesenii ,float64,44,2,0.0 | 1.0
microbes.csv,default,Sarcina sp. JB2 ,float64,44,2,0.0 | 1.0
microbes.csv,default,Scardovia wiggsiae F0424 ,float64,44,2,0.0 | 1.0
microbes.csv,default,Schaalia ,float64,44,2,0.0 | 1.0
microbes.csv,default,Schaalia meyeri ,float64,44,2,0.0 | 1.0
microbes.csv,default,Schaalia odontolytica ,float64,44,2,0.0 | 1.0
microbes.csv,default,Schlumbergera virus X ,float64,44,2,0.0 | 1.0
microbes.csv,default,Selenomonas ,float64,44,2,0.0 | 1.0
microbes.csv,default,Sellimonas intestinalis ,float64,44,2,1.0 | 0.0
microbes.csv,default,Sellimonas intestinalis strain BR72 ,float64,44,2,0.0 | 1.0
microbes.csv,default,Senegalimassilia anaerobia JC110 ,float64,44,2,0.0 | 1.0
microbes.csv,default,Serratia liquefaciens ,float64,44,2,0.0 | 1.0
microbes.csv,default,Sfi11virus ,float64,44,2,0.0 | 1.0
microbes.csv,default,Sfi21dt1virus ,float64,44,2,0.0 | 1.0
microbes.csv,default,Sharpea azabuensis ,float64,44,2,0.0 | 1.0
microbes.csv,default,Shewanella colwelliana strain CSB03KR ,float64,44,2,0.0 | 1.0
microbes.csv,default,Shewanella maritima ,float64,44,2,0.0 | 1.0
microbes.csv,default,Shigella dysenteriae ,float64,44,2,0.0 | 1.0
microbes.csv,default,Shigella flexneri ,float64,44,2,0.0 | 1.0
microbes.csv,default,Shuttleworthia sp. MSX8B ,float64,44,2,0.0 | 1.0
microbes.csv,default,Sinorhizobium sp. GL28 ,float64,44,2,0.0 | 1.0
microbes.csv,default,Slackia piriformis ,float64,44,2,0.0 | 1.0
microbes.csv,default,Slackia piriformis YIT 12062 ,float64,44,2,0.0 | 1.0
microbes.csv,default,Slackia sp. CM382 ,float64,44,2,0.0 | 1.0
microbes.csv,default,Sneathia sanguinegens strain CCUG41628 ,float64,44,2,0.0 | 1.0
microbes.csv,default,Sneathia vaginalis ,float64,44,2,0.0 | 1.0
microbes.csv,default,Sodaliphilus ,float64,44,2,0.0 | 1.0
microbes.csv,default,Sodaliphilus pleomorphus ,float64,44,2,0.0 | 1.0
microbes.csv,default,Solobacterium moorei ,float64,44,2,1.0 | 0.0
microbes.csv,default,Southern tomato virus ,float64,44,2,0.0 | 1.0
microbes.csv,default,Sparassis latifolia ,float64,44,2,0.0 | 1.0
microbes.csv,default,Sphingobacterium hotanense ,float64,44,2,0.0 | 1.0
microbes.csv,default,Sphingobacterium multivorum ,float64,44,2,0.0 | 1.0
microbes.csv,default,Sphingobacterium thalpophilum ,float64,44,2,0.0 | 1.0
microbes.csv,default,Sphingomonas sp. Ant H11 ,float64,44,2,0.0 | 1.0
microbes.csv,default,Sphingopyxis ,float64,44,2,1.0 | 0.0
microbes.csv,default,Sphingopyxis fribergensis ,float64,44,2,0.0 | 1.0
microbes.csv,default,Sphingopyxis sp. EG6 ,float64,44,2,0.0 | 1.0
microbes.csv,default,Staphylococcus aureus ,float64,44,2,0.0 | 1.0
microbes.csv,default,Staphylococcus epidermidis ,float64,44,2,0.0 | 1.0
microbes.csv,default,Staphylococcus gallinarum ,float64,44,2,0.0 | 1.0
microbes.csv,default,Staphylococcus haemolyticus ,float64,44,2,0.0 | 1.0
microbes.csv,default,Staphylococcus hominis ,float64,44,2,0.0 | 1.0
microbes.csv,default,Staphylococcus pasteuri ,float64,44,2,0.0 | 1.0
microbes.csv,default,Staphylococcus piscifermentans ,float64,44,2,0.0 | 1.0
microbes.csv,default,Staphylococcus pseudintermedius ,float64,44,2,0.0 | 1.0
microbes.csv,default,Staphylococcus saprophyticus ,float64,44,2,0.0 | 1.0
microbes.csv,default,Staphylococcus succinus ,float64,44,2,0.0 | 1.0
microbes.csv,default,Staphylococcus vitulinus ,float64,44,2,0.0 | 1.0
microbes.csv,default,Staphylococcus warneri ,float64,44,2,0.0 | 1.0
microbes.csv,default,Stenotrophomonas maltophilia ,float64,44,2,0.0 | 1.0
microbes.csv,default,Stomatobaculum longum ,float64,44,2,0.0 | 1.0
microbes.csv,default,Streptococcus ,float64,44,2,0.0 | 1.0
microbes.csv,default,Streptococcus acidominimus ,float64,44,2,0.0 | 1.0
microbes.csv,default,Streptococcus agalactiae ,float64,44,2,0.0 | 1.0
microbes.csv,default,Streptococcus agalactiae 2603V/R ,float64,44,2,0.0 | 1.0
microbes.csv,default,Streptococcus agalactiae ILRI005 ,float64,44,2,0.0 | 1.0
microbes.csv,default,Streptococcus agalactiae strain GBS2-NM ,float64,44,2,0.0 | 1.0
microbes.csv,default,Streptococcus anginosus ,float64,44,2,0.0 | 1.0
microbes.csv,default,Streptococcus anginosus C1051 ,float64,44,2,0.0 | 1.0
microbes.csv,default,Streptococcus anginosus C238 ,float64,44,2,0.0 | 1.0
microbes.csv,default,Streptococcus anginosus strain J4211 ,float64,44,2,1.0 | 0.0
microbes.csv,default,Streptococcus anginosus strain SA1 ,float64,44,2,1.0 | 0.0
microbes.csv,default,Streptococcus anginosus subsp. whileyi MAS624 ,float64,44,2,1.0 | 0.0
microbes.csv,default,Streptococcus australis ,float64,44,2,1.0 | 0.0
microbes.csv,default,Streptococcus canis ,float64,44,2,0.0 | 1.0
microbes.csv,default,Streptococcus constellatus ,float64,44,2,1.0 | 0.0
microbes.csv,default,Streptococcus constellatus subsp. pharyngis C1050 ,float64,44,2,0.0 | 1.0
microbes.csv,default,Streptococcus constellatus subsp. pharyngis C232 ,float64,44,2,0.0 | 1.0
microbes.csv,default,Streptococcus constellatus subsp. pharyngis C818 ,float64,44,2,0.0 | 1.0
microbes.csv,default,Streptococcus cristatus AS 1.3089 ,float64,44,2,0.0 | 1.0
microbes.csv,default,Streptococcus cristatus ATCC 51100 ,float64,44,2,0.0 | 1.0
microbes.csv,default,Streptococcus dentasini ,float64,44,2,0.0 | 1.0
microbes.csv,default,Streptococcus dysgalactiae ,float64,44,2,0.0 | 1.0
microbes.csv,default,Streptococcus equinus ,float64,44,2,1.0 | 0.0
microbes.csv,default,Streptococcus gallolyticus ,float64,44,2,0.0 | 1.0
microbes.csv,default,Streptococcus gordonii ,float64,44,2,1.0 | 0.0
microbes.csv,default,Streptococcus gordonii str. Challis substr. CH1 ,float64,44,2,0.0 | 1.0
microbes.csv,default,Streptococcus gordonii strain KCOM ,float64,44,2,0.0 | 1.0
microbes.csv,default,Streptococcus gwangjuense ,float64,44,2,0.0 | 1.0
microbes.csv,default,Streptococcus infantarius ,float64,44,2,0.0 | 1.0
microbes.csv,default,Streptococcus infantarius strain ICDDRB-NRC-S5 ,float64,44,2,0.0 | 1.0
microbes.csv,default,Streptococcus infantarius subsp. infantarius CJ18 ,float64,44,2,0.0 | 1.0
microbes.csv,default,Streptococcus infantis ,float64,44,2,0.0 | 1.0
microbes.csv,default,Streptococcus infantis ATCC 700779 ,float64,44,2,0.0 | 1.0
microbes.csv,default,Streptococcus infantis SK1076 ,float64,44,2,0.0 | 1.0
microbes.csv,default,Streptococcus infantis SK1302 ,float64,44,2,0.0 | 1.0
microbes.csv,default,Streptococcus infantis SK970 ,float64,44,2,0.0 | 1.0
microbes.csv,default,Streptococcus infantis X ,float64,44,2,1.0 | 0.0
microbes.csv,default,Streptococcus infantis strain UC6950A ,float64,44,2,0.0 | 1.0
microbes.csv,default,Streptococcus infantis strain UC921A ,float64,44,2,0.0 | 1.0
microbes.csv,default,Streptococcus intermedius ,float64,44,2,0.0 | 1.0
microbes.csv,default,Streptococcus intermedius B196 ,float64,44,2,1.0 | 0.0
microbes.csv,default,Streptococcus intermedius C270 ,float64,44,2,1.0 | 0.0
microbes.csv,default,Streptococcus intermedius JTH08 ,float64,44,2,0.0 | 1.0
microbes.csv,default,Streptococcus koreensis ,float64,44,2,0.0 | 1.0
microbes.csv,default,Streptococcus lutetiensis ,float64,44,2,1.0 | 0.0
microbes.csv,default,Streptococcus lutetiensis 033 ,float64,44,2,0.0 | 1.0
microbes.csv,default,Streptococcus macedonicus ACA-DC 198 ,float64,44,2,0.0 | 1.0
microbes.csv,default,Streptococcus milleri ,float64,44,2,1.0 | 0.0
microbes.csv,default,Streptococcus mitis ,float64,44,2,0.0 | 1.0
microbes.csv,default,Streptococcus mitis B6 ,float64,44,2,1.0 | 0.0
microbes.csv,default,Streptococcus mitis NCTC 12261 ,float64,44,2,0.0 | 1.0
microbes.csv,default,Streptococcus mitis SPAR10 ,float64,44,2,0.0 | 1.0
microbes.csv,default,Streptococcus mitis strain KCOM ,float64,44,2,0.0 | 1.0
microbes.csv,default,Streptococcus mutans ,float64,44,2,0.0 | 1.0
microbes.csv,default,Streptococcus mutans B04Sm5 ,float64,44,2,0.0 | 1.0
microbes.csv,default,Streptococcus mutans GS-5 ,float64,44,2,1.0 | 0.0
microbes.csv,default,Streptococcus mutans LJ23 ,float64,44,2,0.0 | 1.0
microbes.csv,default,Streptococcus mutans NN2025 ,float64,44,2,0.0 | 1.0
microbes.csv,default,Streptococcus mutans UA159 ,float64,44,2,0.0 | 1.0
microbes.csv,default,Streptococcus mutans UA159-FR ,float64,44,2,0.0 | 1.0
microbes.csv,default,Streptococcus mutans strain NG8 ,float64,44,2,0.0 | 1.0
microbes.csv,default,Streptococcus oralis ,float64,44,2,0.0 | 1.0
microbes.csv,default,Streptococcus oralis ATCC 35037 ,float64,44,2,0.0 | 1.0
microbes.csv,default,Streptococcus oralis Uo5 ,float64,44,2,0.0 | 1.0
microbes.csv,default,Streptococcus oralis strain S.MIT/ORALIS-351 ,float64,44,2,0.0 | 1.0
microbes.csv,default,Streptococcus oralis subsp. dentisani ,float64,44,2,0.0 | 1.0
microbes.csv,default,Streptococcus oralis subsp. tigurinus ,float64,44,2,0.0 | 1.0
microbes.csv,default,Streptococcus parasanguinis ATCC 15912 ,float64,44,2,1.0 | 0.0
microbes.csv,default,Streptococcus parasanguinis FW213 ,float64,44,2,1.0 | 0.0
microbes.csv,default,Streptococcus parauberis ,float64,44,2,0.0 | 1.0
microbes.csv,default,Streptococcus pasteurianus ,float64,44,2,0.0 | 1.0
microbes.csv,default,Streptococcus pasteurianus ATCC 43144 ,float64,44,2,0.0 | 1.0
microbes.csv,default,Streptococcus periodonticum ,float64,44,2,0.0 | 1.0
microbes.csv,default,Streptococcus peroris ATCC 700780 ,float64,44,2,0.0 | 1.0
microbes.csv,default,Streptococcus phage TP-778L ,float64,44,2,0.0 | 1.0
microbes.csv,default,Streptococcus phage YMC-2011 ,float64,44,2,0.0 | 1.0
microbes.csv,default,Streptococcus phage phiARI0131-1 ,float64,44,2,0.0 | 1.0
microbes.csv,default,Streptococcus pluranimalium ,float64,44,2,0.0 | 1.0
microbes.csv,default,Streptococcus porcinus ,float64,44,2,0.0 | 1.0
microbes.csv,default,Streptococcus pyogenes ,float64,44,2,0.0 | 1.0
microbes.csv,default,Streptococcus pyogenes MGAS2096 ,float64,44,2,1.0 | 0.0
microbes.csv,default,Streptococcus salivarius ,float64,44,2,0.0 | 1.0
microbes.csv,default,Streptococcus salivarius CCHSS3 ,float64,44,2,1.0 | 0.0
microbes.csv,default,Streptococcus salivarius JIM8777 ,float64,44,2,1.0 | 0.0
microbes.csv,default,Streptococcus salivarius strain HSISS4 ,float64,44,2,1.0 | 0.0
microbes.csv,default,Streptococcus salivarius strain JF ,float64,44,2,0.0 | 1.0
microbes.csv,default,Streptococcus salivarius strain NCTC ,float64,44,2,1.0 | 0.0
microbes.csv,default,Streptococcus sanguinis ,float64,44,2,0.0 | 1.0
microbes.csv,default,Streptococcus sanguinis SK36 ,float64,44,2,1.0 | 0.0
microbes.csv,default,Streptococcus sobrinus ,float64,44,2,0.0 | 1.0
microbes.csv,default,Streptococcus sp. 116-D4 ,float64,44,2,0.0 | 1.0
microbes.csv,default,Streptococcus sp. 1171_SSPC ,float64,44,2,0.0 | 1.0
microbes.csv,default,Streptococcus sp. 1643 ,float64,44,2,0.0 | 1.0
microbes.csv,default,Streptococcus sp. 263_SSPC ,float64,44,2,1.0 | 0.0
microbes.csv,default,Streptococcus sp. 2_1_36FAA ,float64,44,2,0.0 | 1.0
microbes.csv,default,Streptococcus sp. 343_SSPC ,float64,44,2,0.0 | 1.0
microbes.csv,default,Streptococcus sp. 400_SSPC ,float64,44,2,1.0 | 0.0
microbes.csv,default,Streptococcus sp. 449_SSPC ,float64,44,2,1.0 | 0.0
microbes.csv,default,Streptococcus sp. A12 ,float64,44,2,0.0 | 1.0
microbes.csv,default,Streptococcus sp. A12 sp. A12 ,float64,44,2,0.0 | 1.0
microbes.csv,default,Streptococcus sp. AS14 ,float64,44,2,1.0 | 0.0
microbes.csv,default,Streptococcus sp. AS20 ,float64,44,2,1.0 | 0.0
microbes.csv,default,Streptococcus sp. BS29a ,float64,44,2,1.0 | 0.0
microbes.csv,default,Streptococcus sp. C150 ,float64,44,2,1.0 | 0.0
microbes.csv,default,Streptococcus sp. C300 ,float64,44,2,0.0 | 1.0
microbes.csv,default,Streptococcus sp. CCH5-D3 ,float64,44,2,1.0 | 0.0
microbes.csv,default,Streptococcus sp. CCH8-C6 ,float64,44,2,1.0 | 0.0
microbes.csv,default,Streptococcus sp. CCH8-H5 ,float64,44,2,1.0 | 0.0
microbes.csv,default,Streptococcus sp. CCUG 49591 ,float64,44,2,0.0 | 1.0
microbes.csv,default,Streptococcus sp. CM6 ,float64,44,2,0.0 | 1.0
microbes.csv,default,Streptococcus sp. CM7 ,float64,44,2,1.0 | 0.0
microbes.csv,default,Streptococcus sp. ChDC B345 ,float64,44,2,0.0 | 1.0
microbes.csv,default,Streptococcus sp. DD10 ,float64,44,2,0.0 | 1.0
microbes.csv,default,Streptococcus sp. F0441 ,float64,44,2,0.0 | 1.0
microbes.csv,default,Streptococcus sp. F0442 ,float64,44,2,0.0 | 1.0
microbes.csv,default,Streptococcus sp. FDAARGOS_192 ,float64,44,2,1.0 | 0.0
microbes.csv,default,Streptococcus sp. FDAARGOS_520 ,float64,44,2,0.0 | 1.0
microbes.csv,default,Streptococcus sp. FDAARGOS_522 ,float64,44,2,0.0 | 1.0
microbes.csv,default,Streptococcus sp. HMSC034A12 ,float64,44,2,0.0 | 1.0
microbes.csv,default,Streptococcus sp. HMSC034B03 ,float64,44,2,0.0 | 1.0
microbes.csv,default,Streptococcus sp. HMSC034E03 ,float64,44,2,0.0 | 1.0
microbes.csv,default,Streptococcus sp. HMSC034E12 ,float64,44,2,0.0 | 1.0
microbes.csv,default,Streptococcus sp. HMSC034F03 ,float64,44,2,0.0 | 1.0
microbes.csv,default,Streptococcus sp. HMSC056C01 ,float64,44,2,0.0 | 1.0
microbes.csv,default,Streptococcus sp. HMSC057G03 ,float64,44,2,1.0 | 0.0
microbes.csv,default,Streptococcus sp. HMSC061D10 ,float64,44,2,0.0 | 1.0
microbes.csv,default,Streptococcus sp. HMSC061E03 ,float64,44,2,1.0 | 0.0
microbes.csv,default,Streptococcus sp. HMSC062D07 ,float64,44,2,0.0 | 1.0
microbes.csv,default,Streptococcus sp. HMSC062H02 ,float64,44,2,0.0 | 1.0
microbes.csv,default,Streptococcus sp. HMSC063B03 ,float64,44,2,0.0 | 1.0
microbes.csv,default,Streptococcus sp. HMSC064D12 ,float64,44,2,1.0 | 0.0
microbes.csv,default,Streptococcus sp. HMSC064H09 ,float64,44,2,1.0 | 0.0
microbes.csv,default,Streptococcus sp. HMSC065C01 ,float64,44,2,1.0 | 0.0
microbes.csv,default,Streptococcus sp. HMSC065E03 ,float64,44,2,1.0 | 0.0
microbes.csv,default,Streptococcus sp. HMSC065H07 ,float64,44,2,1.0 | 0.0
microbes.csv,default,Streptococcus sp. HMSC066F01 ,float64,44,2,0.0 | 1.0
microbes.csv,default,Streptococcus sp. HMSC067H01 ,float64,44,2,0.0 | 1.0
microbes.csv,default,Streptococcus sp. HMSC068F04 ,float64,44,2,1.0 | 0.0
microbes.csv,default,Streptococcus sp. HMSC070B10 ,float64,44,2,0.0 | 1.0
microbes.csv,default,Streptococcus sp. HMSC071D03 ,float64,44,2,0.0 | 1.0
microbes.csv,default,Streptococcus sp. HMSC072C09 ,float64,44,2,1.0 | 0.0
microbes.csv,default,Streptococcus sp. HMSC072D03 ,float64,44,2,1.0 | 0.0
microbes.csv,default,Streptococcus sp. HMSC072D05 ,float64,44,2,0.0 | 1.0
microbes.csv,default,Streptococcus sp. HMSC072D07 ,float64,44,2,0.0 | 1.0
microbes.csv,default,Streptococcus sp. HMSC072G04 ,float64,44,2,1.0 | 0.0
microbes.csv,default,Streptococcus sp. HMSC073A12 ,float64,44,2,0.0 | 1.0
microbes.csv,default,Streptococcus sp. HMSC073D05 ,float64,44,2,1.0 | 0.0
microbes.csv,default,Streptococcus sp. HMSC073F11 ,float64,44,2,0.0 | 1.0
microbes.csv,default,Streptococcus sp. HMSC074B11 ,float64,44,2,0.0 | 1.0
microbes.csv,default,Streptococcus sp. HMSC074F05 ,float64,44,2,1.0 | 0.0
microbes.csv,default,Streptococcus sp. HMSC076C08 ,float64,44,2,0.0 | 1.0
microbes.csv,default,Streptococcus sp. HMSC076C09 ,float64,44,2,1.0 | 0.0
microbes.csv,default,Streptococcus sp. HMSC077D04 ,float64,44,2,1.0 | 0.0
microbes.csv,default,Streptococcus sp. HMSC077F03 ,float64,44,2,0.0 | 1.0
microbes.csv,default,Streptococcus sp. HMSC078D09 ,float64,44,2,1.0 | 0.0
microbes.csv,default,Streptococcus sp. HMSC078H03 ,float64,44,2,1.0 | 0.0
microbes.csv,default,Streptococcus sp. HMSC078H12 ,float64,44,2,1.0 | 0.0
microbes.csv,default,Streptococcus sp. HMSC10A01 ,float64,44,2,0.0 | 1.0
microbes.csv,default,Streptococcus sp. HMSC10E12 ,float64,44,2,1.0 | 0.0
microbes.csv,default,Streptococcus sp. HMSC34B10 ,float64,44,2,0.0 | 1.0
microbes.csv,default,Streptococcus sp. HPH0090 ,float64,44,2,0.0 | 1.0
microbes.csv,default,Streptococcus sp. HSISS3 ,float64,44,2,1.0 | 0.0
microbes.csv,default,Streptococcus sp. I-G2 ,float64,44,2,0.0 | 1.0
microbes.csv,default,Streptococcus sp. I-G2 sp. I-G2 ,float64,44,2,0.0 | 1.0
microbes.csv,default,Streptococcus sp. I-P16 ,float64,44,2,0.0 | 1.0
microbes.csv,default,Streptococcus sp. I-P16 sp. I-P16 ,float64,44,2,0.0 | 1.0
microbes.csv,default,Streptococcus sp. KS 6 ,float64,44,2,0.0 | 1.0
microbes.csv,default,Streptococcus sp. LPB0220 ,float64,44,2,0.0 | 1.0
microbes.csv,default,Streptococcus sp. M143 ,float64,44,2,0.0 | 1.0
microbes.csv,default,Streptococcus sp. NCTC 11567 ,float64,44,2,0.0 | 1.0
microbes.csv,default,Streptococcus sp. NPS 308 ,float64,44,2,0.0 | 1.0
microbes.csv,default,Streptococcus sp. SK140 ,float64,44,2,0.0 | 1.0
microbes.csv,default,Streptococcus sp. SK643 ,float64,44,2,1.0 | 0.0
microbes.csv,default,Streptococcus sp. SR1 ,float64,44,2,0.0 | 1.0
microbes.csv,default,Streptococcus sp. SR4 ,float64,44,2,1.0 | 0.0
microbes.csv,default,Streptococcus sp. oral taxon 061 ,float64,44,2,0.0 | 1.0
microbes.csv,default,Streptococcus sp. oral taxon 064 strain W10853 ,float64,44,2,0.0 | 1.0
microbes.csv,default,Streptococcus sp. oral taxon 431 ,float64,44,2,0.0 | 1.0
microbes.csv,default,Streptococcus suis ,float64,44,2,1.0 | 0.0
microbes.csv,default,Streptococcus suis 05HAS68 ,float64,44,2,0.0 | 1.0
microbes.csv,default,Streptococcus suis 6407 ,float64,44,2,0.0 | 1.0
microbes.csv,default,Streptococcus suis D9 ,float64,44,2,0.0 | 1.0
microbes.csv,default,Streptococcus suis GZ1 ,float64,44,2,0.0 | 1.0
microbes.csv,default,Streptococcus suis JS14 ,float64,44,2,0.0 | 1.0
microbes.csv,default,Streptococcus suis SC070731 ,float64,44,2,0.0 | 1.0
microbes.csv,default,Streptococcus suis SS12 ,float64,44,2,0.0 | 1.0
microbes.csv,default,Streptococcus suis strain 90-1330 ,float64,44,2,0.0 | 1.0
microbes.csv,default,Streptococcus thermophilus ,float64,44,2,0.0 | 1.0
microbes.csv,default,Streptococcus thermophilus ASCC 1275 ,float64,44,2,1.0 | 0.0
microbes.csv,default,Streptococcus thermophilus CNRZ1066 ,float64,44,2,1.0 | 0.0
microbes.csv,default,Streptococcus thermophilus JIM 8232 ,float64,44,2,1.0 | 0.0
microbes.csv,default,Streptococcus thermophilus LMD-9 ,float64,44,2,1.0 | 0.0
microbes.csv,default,Streptococcus thermophilus LMG 18311 ,float64,44,2,1.0 | 0.0
microbes.csv,default,Streptococcus thermophilus MN-ZLW-002 ,float64,44,2,0.0 | 1.0
microbes.csv,default,Streptococcus thermophilus ND03 ,float64,44,2,1.0 | 0.0
microbes.csv,default,Streptococcus thermophilus strain CS8 ,float64,44,2,1.0 | 0.0
microbes.csv,default,Streptococcus thermophilus strain KLDS ,float64,44,2,1.0 | 0.0
microbes.csv,default,Streptococcus thermophilus strain MN-BM-A01 ,float64,44,2,0.0 | 1.0
microbes.csv,default,Streptococcus thermophilus strain MN-BM-A02 ,float64,44,2,1.0 | 0.0
microbes.csv,default,Streptococcus thermophilus strain ND07 ,float64,44,2,1.0 | 0.0
microbes.csv,default,Streptococcus thermophilus strain S9 ,float64,44,2,1.0 | 0.0
microbes.csv,default,Streptococcus thermophilus strain SMQ-301 ,float64,44,2,0.0 | 1.0
microbes.csv,default,Streptococcus timonensis strain Marseille-P2915 ,float64,44,2,0.0 | 1.0
microbes.csv,default,Streptococcus vestibularis ,float64,44,2,1.0 | 0.0
microbes.csv,default,Streptococcus viridans ,float64,44,2,1.0 | 0.0
microbes.csv,default,Streptococcus virus phiAbc2 ,float64,44,2,0.0 | 1.0
microbes.csv,default,Streptomyces spectabilis ,float64,44,2,0.0 | 1.0
microbes.csv,default,Subdoligranulum sp. 4_3_54A2FAA ,float64,44,2,1.0 | 0.0
microbes.csv,default,Subdoligranulum variabile ,float64,44,2,0.0 | 1.0
microbes.csv,default,Sutterella sp. KLE1602 ,float64,44,2,1.0 | 0.0
microbes.csv,default,Sutterella wadsworthensis ,float64,44,2,0.0 | 1.0
microbes.csv,default,Sutterella wadsworthensis 2_1_59BFAA ,float64,44,2,1.0 | 0.0
microbes.csv,default,Sutterella wadsworthensis 3_1_45B ,float64,44,2,1.0 | 0.0
microbes.csv,default,Sutterella wadsworthensis HGA0223 ,float64,44,2,1.0 | 0.0
microbes.csv,default,Sutterellaceae bacterium Marseille-P2968 ,float64,44,2,0.0 | 1.0
microbes.csv,default,Sutterellaceae bacterium ND3 ,float64,44,2,0.0 | 1.0
microbes.csv,default,Synergistes sp. 3_1_syn1 ,float64,44,2,0.0 | 1.0
microbes.csv,default,Talaromyces funiculosus ,float64,44,2,0.0 | 1.0
microbes.csv,default,Tannerella sp. 6_1_58FAA_CT1 ,float64,44,2,1.0 | 0.0
microbes.csv,default,Tepidimonas fonticaldi strain PL17 ,float64,44,2,0.0 | 1.0
microbes.csv,default,Terrisporobacter glycolicus ATCC 14880 = DSM 1288 ,float64,44,2,0.0 | 1.0
microbes.csv,default,Terrisporobacter othiniensis strain 08-306576 ,float64,44,2,0.0 | 1.0
microbes.csv,default,Tidjanibacter massiliensis strain Marseille-P3084 ,float64,44,2,0.0 | 1.0
microbes.csv,default,Tissierellia bacterium S5-A11 ,float64,44,2,0.0 | 1.0
microbes.csv,default,Tissierellia bacterium S7-1-4 ,float64,44,2,1.0 | 0.0
microbes.csv,default,Tobacco mild green mosaic virus ,float64,44,2,0.0 | 1.0
microbes.csv,default,Tobacco mosaic virus ,float64,44,2,0.0 | 1.0
microbes.csv,default,Tobamovirus ,float64,44,2,0.0 | 1.0
microbes.csv,default,Tomato brown rugose fruit virus ,float64,44,2,0.0 | 1.0
microbes.csv,default,Tomato chlorosis virus ,float64,44,2,0.0 | 1.0
microbes.csv,default,Tomato mosaic virus ,float64,44,2,0.0 | 1.0
microbes.csv,default,Toxoplasma gondii RH ,float64,44,2,0.0 | 1.0
microbes.csv,default,Traorella massiliensis strain Marseille-P3110 ,float64,44,2,0.0 | 1.0
microbes.csv,default,Treponema ,float64,44,2,0.0 | 1.0
microbes.csv,default,Treponema medium ,float64,44,2,0.0 | 1.0
microbes.csv,default,Treponema phagedenis ,float64,44,2,0.0 | 1.0
microbes.csv,default,Treponema sp. OMZ 838 ,float64,44,2,0.0 | 1.0
microbes.csv,default,Treponema sp. RCC2812 ,float64,44,2,0.0 | 1.0
microbes.csv,default,Treponema succinifaciens DSM 2489 ,float64,44,2,0.0 | 1.0
microbes.csv,default,Tropical soda apple mosaic virus ,float64,44,2,0.0 | 1.0
microbes.csv,default,Trypanosoma brucei ,float64,44,2,0.0 | 1.0
microbes.csv,default,Turicibacter ,float64,44,2,0.0 | 1.0
microbes.csv,default,Turicibacter sanguinis ,float64,44,2,1.0 | 0.0
microbes.csv,default,Turicibacter sp. H121 ,float64,44,2,0.0 | 1.0
microbes.csv,default,Turicibacter sp. H121 sp. H121 ,float64,44,2,1.0 | 0.0
microbes.csv,default,Tyzzerella nexilis ,float64,44,2,1.0 | 0.0
microbes.csv,default,Tyzzerella sp. Marseille-P3062 sp. Marseille-P3062 ,float64,44,2,1.0 | 0.0
microbes.csv,default,Ureaplasma urealyticum ,float64,44,2,0.0 | 1.0
microbes.csv,default,Urmitella timonensis sp. Marseille-P2918 ,float64,44,2,1.0 | 0.0
microbes.csv,default,Valsa mali ,float64,44,2,0.0 | 1.0
microbes.csv,default,Variovorax paradoxus ,float64,44,2,0.0 | 1.0
microbes.csv,default,Veillonella ,float64,44,2,0.0 | 1.0
microbes.csv,default,Veillonella atypica ,float64,44,2,0.0 | 1.0
microbes.csv,default,Veillonella atypica ACS-049-V-Sch6 ,float64,44,2,0.0 | 1.0
microbes.csv,default,Veillonella atypica ACS-134-V-Col7a ,float64,44,2,0.0 | 1.0
microbes.csv,default,Veillonella atypica KON ,float64,44,2,0.0 | 1.0
microbes.csv,default,Veillonella atypica strain CMW7756B ,float64,44,2,0.0 | 1.0
microbes.csv,default,Veillonella dispar ,float64,44,2,0.0 | 1.0
microbes.csv,default,Veillonella magna DSM 19857 ,float64,44,2,0.0 | 1.0
microbes.csv,default,Veillonella nakazawae ,float64,44,2,0.0 | 1.0
microbes.csv,default,Veillonella parvula ,float64,44,2,0.0 | 1.0
microbes.csv,default,Veillonella parvula DSM 2008 ,float64,44,2,0.0 | 1.0
microbes.csv,default,Veillonella parvula strain UTDB1-3 ,float64,44,2,0.0 | 1.0
microbes.csv,default,Veillonella rodentium ,float64,44,2,0.0 | 1.0
microbes.csv,default,Veillonella seminalis ,float64,44,2,0.0 | 1.0
microbes.csv,default,Veillonella sp. 3_1_44 ,float64,44,2,1.0 | 0.0
microbes.csv,default,Veillonella sp. 6_1_27 ,float64,44,2,0.0 | 1.0
microbes.csv,default,Veillonella sp. ACP1 ,float64,44,2,0.0 | 1.0
microbes.csv,default,Veillonella sp. AS16 ,float64,44,2,0.0 | 1.0
microbes.csv,default,Veillonella sp. HPA0037 ,float64,44,2,0.0 | 1.0
microbes.csv,default,Veillonella sp. ICM51a ,float64,44,2,0.0 | 1.0
microbes.csv,default,Veillonella tobetsuensis strain ATCC ,float64,44,2,0.0 | 1.0
microbes.csv,default,Veillonellaceae bacterium DNF00751 ,float64,44,2,0.0 | 1.0
microbes.csv,default,Watermelon chlorotic stunt virus ,float64,44,2,0.0 | 1.0
microbes.csv,default,Weissella cibaria ,float64,44,2,0.0 | 1.0
microbes.csv,default,Weissella cibaria strain CH2 ,float64,44,2,0.0 | 1.0
microbes.csv,default,Weissella cibaria strain CMS2 ,float64,44,2,0.0 | 1.0
microbes.csv,default,Weissella cibaria strain CMU ,float64,44,2,0.0 | 1.0
microbes.csv,default,Weissella confusa ,float64,44,2,0.0 | 1.0
microbes.csv,default,Weissella hellenica ,float64,44,2,0.0 | 1.0
microbes.csv,default,Weissella jogaejeotgali ,float64,44,2,0.0 | 1.0
microbes.csv,default,Weissella koreensis KACC 15510 ,float64,44,2,0.0 | 1.0
microbes.csv,default,Weissella paramesenteroides ,float64,44,2,0.0 | 1.0
microbes.csv,default,Weissella soli ,float64,44,2,0.0 | 1.0
microbes.csv,default,Weissella sp. DD23 ,float64,44,2,0.0 | 1.0
microbes.csv,default,Weizmannia coagulans ,float64,44,2,0.0 | 1.0
microbes.csv,default,White spot syndrome virus ,float64,44,2,0.0 | 1.0
microbes.csv,default,Zygosaccharomyces parabailii ,float64,44,2,0.0 | 1.0
microbes.csv,default,[Bacteroides] pectinophilus ,float64,44,2,1.0 | 0.0
microbes.csv,default,[Candida] intermedia ,float64,44,2,0.0 | 1.0
microbes.csv,default,[Clostridium] aminophilum strain KH1P1 ,float64,44,2,0.0 | 1.0
microbes.csv,default,[Clostridium] asparagiforme ,float64,44,2,1.0 | 0.0
microbes.csv,default,[Clostridium] bolteae ,float64,44,2,1.0 | 0.0
microbes.csv,default,[Clostridium] citroniae ,float64,44,2,1.0 | 0.0
microbes.csv,default,[Clostridium] clostridioforme 2_1_49FAA ,float64,44,2,1.0 | 0.0
microbes.csv,default,[Clostridium] clostridioforme 90A1 ,float64,44,2,0.0 | 1.0
microbes.csv,default,[Clostridium] clostridioforme 90A3 ,float64,44,2,0.0 | 1.0
microbes.csv,default,[Clostridium] clostridioforme 90A4 ,float64,44,2,0.0 | 1.0
microbes.csv,default,[Clostridium] clostridioforme 90A6 ,float64,44,2,1.0 | 0.0
microbes.csv,default,[Clostridium] clostridioforme 90A7 ,float64,44,2,1.0 | 0.0
microbes.csv,default,[Clostridium] clostridioforme 90A8 ,float64,44,2,1.0 | 0.0
microbes.csv,default,[Clostridium] clostridioforme 90B1 ,float64,44,2,0.0 | 1.0
microbes.csv,default,[Clostridium] clostridioforme AGR2157 ,float64,44,2,1.0 | 0.0
microbes.csv,default,[Clostridium] clostridioforme CM201 ,float64,44,2,1.0 | 0.0
microbes.csv,default,[Clostridium] clostridioforme WAL-7855 ,float64,44,2,0.0 | 1.0
microbes.csv,default,[Clostridium] clostridioforme strain 2789STDY5834865 ,float64,44,2,1.0 | 0.0
microbes.csv,default,[Clostridium] clostridioforme strain ATCC ,float64,44,2,0.0 | 1.0
microbes.csv,default,[Clostridium] clostridioforme strain NLAE-zl-G208 ,float64,44,2,0.0 | 1.0
microbes.csv,default,[Clostridium] glycyrrhizinilyticum JCM 13369 ,float64,44,2,1.0 | 0.0
microbes.csv,default,[Clostridium] hylemonae DSM 15053 ,float64,44,2,1.0 | 0.0
microbes.csv,default,[Clostridium] innocuum ,float64,44,2,0.0 | 1.0
microbes.csv,default,[Clostridium] innocuum 2959 ,float64,44,2,1.0 | 0.0
microbes.csv,default,[Clostridium] innocuum strain 2789STDY5834853 ,float64,44,2,1.0 | 0.0
microbes.csv,default,[Clostridium] innocuum strain AN88 ,float64,44,2,0.0 | 1.0
microbes.csv,default,[Clostridium] innocuum strain NLAE-zl-C381 ,float64,44,2,0.0 | 1.0
microbes.csv,default,[Clostridium] lactatifermentans ,float64,44,2,0.0 | 1.0
microbes.csv,default,[Clostridium] leptum ,float64,44,2,0.0 | 1.0
microbes.csv,default,[Clostridium] leptum DSM 753 ,float64,44,2,1.0 | 0.0
microbes.csv,default,[Clostridium] methoxybenzovorans SR3 ,float64,44,2,0.0 | 1.0
microbes.csv,default,[Clostridium] methylpentosum DSM 5476 ,float64,44,2,1.0 | 0.0
microbes.csv,default,[Clostridium] neopropionicum strain DSM-3847 ,float64,44,2,1.0 | 0.0
microbes.csv,default,[Clostridium] saccharogumia DSM 17460 ,float64,44,2,1.0 | 0.0
microbes.csv,default,[Clostridium] saccharolyticum WM1 ,float64,44,2,0.0 | 1.0
microbes.csv,default,[Clostridium] scindens ,float64,44,2,0.0 | 1.0
microbes.csv,default,[Clostridium] scindens ATCC 35704 ,float64,44,2,1.0 | 0.0
microbes.csv,default,[Clostridium] spiroforme ,float64,44,2,0.0 | 1.0
microbes.csv,default,[Clostridium] spiroforme DSM 1552 ,float64,44,2,0.0 | 1.0
microbes.csv,default,[Clostridium] symbiosum ,float64,44,2,1.0 | 0.0
microbes.csv,default,[Clostridium] symbiosum ATCC 14940 ,float64,44,2,0.0 | 1.0
microbes.csv,default,[Clostridium] symbiosum WAL-14163 ,float64,44,2,1.0 | 0.0
microbes.csv,default,[Clostridium] symbiosum WAL-14673 ,float64,44,2,1.0 | 0.0
microbes.csv,default,[Clostridium] symbiosum strain 2789STDY5834864 ,float64,44,2,1.0 | 0.0
microbes.csv,default,[Eubacterium rectale] ATCC 33656 ,float64,44,2,1.0 | 0.0
microbes.csv,default,[Eubacterium] cellulosolvens 6 ,float64,44,2,0.0 | 1.0
microbes.csv,default,[Eubacterium] contortum ,float64,44,2,0.0 | 1.0
microbes.csv,default,[Eubacterium] contortum strain 2789STDY5834876 ,float64,44,2,1.0 | 0.0
microbes.csv,default,[Eubacterium] dolichum ,float64,44,2,0.0 | 1.0
microbes.csv,default,[Eubacterium] dolichum DSM 3991 ,float64,44,2,1.0 | 0.0
microbes.csv,default,[Eubacterium] eligens ATCC 27750 ,float64,44,2,1.0 | 0.0
microbes.csv,default,[Eubacterium] fissicatena ,float64,44,2,1.0 | 0.0
microbes.csv,default,[Eubacterium] hallii ,float64,44,2,0.0 | 1.0
microbes.csv,default,[Eubacterium] hallii DSM 3353 ,float64,44,2,1.0 | 0.0
microbes.csv,default,[Eubacterium] infirmum ,float64,44,2,0.0 | 1.0
microbes.csv,default,[Eubacterium] rectale strain T1-815 ,float64,44,2,1.0 | 0.0
microbes.csv,default,[Eubacterium] siraeum DSM 15702 ,float64,44,2,0.0 | 1.0
microbes.csv,default,[Eubacterium] siraeum strain 2789STDY5834928 ,float64,44,2,1.0 | 0.0
microbes.csv,default,[Propionibacterium] namnetense ,float64,44,2,0.0 | 1.0
microbes.csv,default,[Ruminococcus] gnavus ATCC 29149 ,float64,44,2,0.0 | 1.0
microbes.csv,default,[Ruminococcus] torques strain 2789STDY5608833 ,float64,44,2,1.0 | 0.0
microbes.csv,default,[Ruminococcus] torques strain 2789STDY5608867 ,float64,44,2,1.0 | 0.0
microbes.csv,default,[Ruminococcus] torques strain 2789STDY5834841 ,float64,44,2,1.0 | 0.0
microbes.csv,default,[Ruminococcus] torques strain 2789STDY5834889 ,float64,44,2,1.0 | 0.0
microbes.csv,default,bacterium LF-3 ,float64,44,2,1.0 | 0.0
DataDictionary_Bio.csv,default,Field,str,23,21,Age | Gender | BMI
DataDictionary_Bio.csv,default,Range,str,23,20,Numeric: 18-69 | Factor: F or M | Numeric: 20.69-49.09
DataDictionary_Bio.csv,default,Description,str,23,23,Age of participant in years at start of study | Male or Female | Body Mass Index of Participant at start of study
DataDictionary_CGMacros-00X.csv,default,Field,str,14,14,Timestamp | Libre GL | Dexcom GL
DataDictionary_CGMacros-00X.csv,default,Range,str,14,11,Date: Month/Day/Year HH:MM | Numeric: 40-400 mg/dL | Numeric: 30-176
DataDictionary_CGMacros-00X.csv,default,Description,str,14,14,Randomly shifted time stamps for days in the study that provide the incremental  | The blood glucose reading provided by the Libre Pro sensor - with a minimum poss | The blood glucose reading provided by the Dexcom G6 Pro sensor - with a minimum 
DataDictionary_Gut_Health_Test.csv,default,Field,str,22,22,"Gut Lining Health | LPS Biosynthesis Pathways | Biofilm, Chemotaxis, and Virulence Pathways"
DataDictionary_Gut_Health_Test.csv,default,Value,str,22,1,"Factor: 1 = Not Optimal, 2 = Average, 3 = Good"
DataDictionary_Gut_Health_Test.csv,default,Description (from Viome),str,22,22,This score focuses on your gut lining (or intestinal barrier) and the health of  | This score assesses the levels of activity of all microbial pathways leading to  | This score assesses the levels of all activity of all metabolic pathways that su
DataDictionary_Microbes.csv,default,Field,str,1979,1979,Abiotrophia defectiva | Abiotrophia sp. HMSC24B09 | Acetivibrio ethanolgignens
DataDictionary_Microbes.csv,default,Range,str,1979,1,"Binary: 0 = No, 1 = Yes"
DataDictionary_Microbes.csv,default,Description,str,1979,1,Indicator variable of presence of bacteria in microbiome sample
