file_name,extension,size_mb,relative_path
DataDictionary.pdf,.pdf,0.9232,data\raw\cgmacros\DataDictionary.pdf
DataDictionary_Bio.csv,.csv,0.002,data\raw\cgmacros\DataDictionary_Bio.csv
DataDictionary_CGMacros-00X.csv,.csv,0.0015,data\raw\cgmacros\DataDictionary_CGMacros-00X.csv
DataDictionary_Gut_Health_Test.csv,.csv,0.0042,data\raw\cgmacros\DataDictionary_Gut_Health_Test.csv
DataDictionary_Microbes.csv,.csv,0.2293,data\raw\cgmacros\DataDictionary_Microbes.csv
LICENSE.txt,.txt,0.0,data\raw\cgmacros\LICENSE.txt
SHA256SUMS.txt,.txt,0.0006,data\raw\cgmacros\SHA256SUMS.txt
bio.csv,.csv,0.0054,data\raw\cgmacros\CGMacros\bio.csv
gut_health_test.csv,.csv,0.0026,data\raw\cgmacros\CGMacros\gut_health_test.csv
microbes.csv,.csv,0.2256,data\raw\cgmacros\CGMacros\microbes.csv
CGMacros-001.csv,.csv,1.0814,data\raw\cgmacros\CGMacros\CGMacros-001\CGMacros-001.csv
CGMacros-002.csv,.csv,1.1188,data\raw\cgmacros\CGMacros\CGMacros-002\CGMacros-002.csv
CGMacros-003.csv,.csv,0.9481,data\raw\cgmacros\CGMacros\CGMacros-003\CGMacros-003.csv
CGMacros-004.csv,.csv,0.9518,data\raw\cgmacros\CGMacros\CGMacros-004\CGMacros-004.csv
CGMacros-005.csv,.csv,1.0756,data\raw\cgmacros\CGMacros\CGMacros-005\CGMacros-005.csv
CGMacros-006.csv,.csv,1.0645,data\raw\cgmacros\CGMacros\CGMacros-006\CGMacros-006.csv
CGMacros-007.csv,.csv,0.2923,data\raw\cgmacros\CGMacros\CGMacros-007\CGMacros-007.csv
CGMacros-008.csv,.csv,0.9358,data\raw\cgmacros\CGMacros\CGMacros-008\CGMacros-008.csv
CGMacros-009.csv,.csv,0.8966,data\raw\cgmacros\CGMacros\CGMacros-009\CGMacros-009.csv
CGMacros-010.csv,.csv,1.0134,data\raw\cgmacros\CGMacros\CGMacros-010\CGMacros-010.csv
CGMacros-011.csv,.csv,0.9148,data\raw\cgmacros\CGMacros\CGMacros-011\CGMacros-011.csv
CGMacros-012.csv,.csv,0.9073,data\raw\cgmacros\CGMacros\CGMacros-012\CGMacros-012.csv
CGMacros-013.csv,.csv,1.0213,data\raw\cgmacros\CGMacros\CGMacros-013\CGMacros-013.csv
CGMacros-014.csv,.csv,1.0622,data\raw\cgmacros\CGMacros\CGMacros-014\CGMacros-014.csv
CGMacros-015.csv,.csv,0.9891,data\raw\cgmacros\CGMacros\CGMacros-015\CGMacros-015.csv
CGMacros-016.csv,.csv,1.01,data\raw\cgmacros\CGMacros\CGMacros-016\CGMacros-016.csv
CGMacros-017.csv,.csv,1.004,data\raw\cgmacros\CGMacros\CGMacros-017\CGMacros-017.csv
CGMacros-018.csv,.csv,0.9038,data\raw\cgmacros\CGMacros\CGMacros-018\CGMacros-018.csv
CGMacros-019.csv,.csv,0.8977,data\raw\cgmacros\CGMacros\CGMacros-019\CGMacros-019.csv
CGMacros-020.csv,.csv,1.0338,data\raw\cgmacros\CGMacros\CGMacros-020\CGMacros-020.csv
CGMacros-021.csv,.csv,1.0075,data\raw\cgmacros\CGMacros\CGMacros-021\CGMacros-021.csv
CGMacros-022.csv,.csv,1.0746,data\raw\cgmacros\CGMacros\CGMacros-022\CGMacros-022.csv
CGMacros-023.csv,.csv,1.019,data\raw\cgmacros\CGMacros\CGMacros-023\CGMacros-023.csv
CGMacros-026.csv,.csv,1.0041,data\raw\cgmacros\CGMacros\CGMacros-026\CGMacros-026.csv
CGMacros-027.csv,.csv,0.8905,data\raw\cgmacros\CGMacros\CGMacros-027\CGMacros-027.csv
CGMacros-028.csv,.csv,1.1053,data\raw\cgmacros\CGMacros\CGMacros-028\CGMacros-028.csv
CGMacros-029.csv,.csv,1.1378,data\raw\cgmacros\CGMacros\CGMacros-029\CGMacros-029.csv
CGMacros-030.csv,.csv,1.0258,data\raw\cgmacros\CGMacros\CGMacros-030\CGMacros-030.csv
CGMacros-031.csv,.csv,0.9028,data\raw\cgmacros\CGMacros\CGMacros-031\CGMacros-031.csv
CGMacros-032.csv,.csv,0.8825,data\raw\cgmacros\CGMacros\CGMacros-032\CGMacros-032.csv
CGMacros-033.csv,.csv,1.0065,data\raw\cgmacros\CGMacros\CGMacros-033\CGMacros-033.csv
CGMacros-034.csv,.csv,0.9408,data\raw\cgmacros\CGMacros\CGMacros-034\CGMacros-034.csv
CGMacros-035.csv,.csv,0.9529,data\raw\cgmacros\CGMacros\CGMacros-035\CGMacros-035.csv
CGMacros-036.csv,.csv,1.2089,data\raw\cgmacros\CGMacros\CGMacros-036\CGMacros-036.csv
CGMacros-038.csv,.csv,0.9643,data\raw\cgmacros\CGMacros\CGMacros-038\CGMacros-038.csv
CGMacros-039.csv,.csv,1.1378,data\raw\cgmacros\CGMacros\CGMacros-039\CGMacros-039.csv
CGMacros-041.csv,.csv,0.9492,data\raw\cgmacros\CGMacros\CGMacros-041\CGMacros-041.csv
CGMacros-042.csv,.csv,0.9655,data\raw\cgmacros\CGMacros\CGMacros-042\CGMacros-042.csv
CGMacros-043.csv,.csv,0.9702,data\raw\cgmacros\CGMacros\CGMacros-043\CGMacros-043.csv
CGMacros-044.csv,.csv,0.9715,data\raw\cgmacros\CGMacros\CGMacros-044\CGMacros-044.csv
CGMacros-045.csv,.csv,1.0485,data\raw\cgmacros\CGMacros\CGMacros-045\CGMacros-045.csv
CGMacros-046.csv,.csv,0.9718,data\raw\cgmacros\CGMacros\CGMacros-046\CGMacros-046.csv
CGMacros-047.csv,.csv,1.0494,data\raw\cgmacros\CGMacros\CGMacros-047\CGMacros-047.csv
CGMacros-048.csv,.csv,1.1313,data\raw\cgmacros\CGMacros\CGMacros-048\CGMacros-048.csv
CGMacros-049.csv,.csv,1.1298,data\raw\cgmacros\CGMacros\CGMacros-049\CGMacros-049.csv
00000004-PHOTO-2025-5-11-8-54-0.jpg,.jpg,0.0896,data\raw\cgmacros\CGMacros\CGMacros-049\photos\00000004-PHOTO-2025-5-11-8-54-0.jpg
00000005-PHOTO-2025-5-11-8-59-0.jpg,.jpg,0.0814,data\raw\cgmacros\CGMacros\CGMacros-049\photos\00000005-PHOTO-2025-5-11-8-59-0.jpg
00000006-PHOTO-2025-5-11-11-52-0.jpg,.jpg,0.2712,data\raw\cgmacros\CGMacros\CGMacros-049\photos\00000006-PHOTO-2025-5-11-11-52-0.jpg
00000008-PHOTO-2025-5-11-12-31-0.jpg,.jpg,0.2799,data\raw\cgmacros\CGMacros\CGMacros-049\photos\00000008-PHOTO-2025-5-11-12-31-0.jpg
00000010-PHOTO-2025-5-11-20-16-0.jpg,.jpg,0.3211,data\raw\cgmacros\CGMacros\CGMacros-049\photos\00000010-PHOTO-2025-5-11-20-16-0.jpg
00000011-PHOTO-2025-5-12-7-5-0.jpg,.jpg,0.1388,data\raw\cgmacros\CGMacros\CGMacros-049\photos\00000011-PHOTO-2025-5-12-7-5-0.jpg
00000012-PHOTO-2025-5-12-7-12-0.jpg,.jpg,0.1585,data\raw\cgmacros\CGMacros\CGMacros-049\photos\00000012-PHOTO-2025-5-12-7-12-0.jpg
00000018-PHOTO-2025-5-12-13-34-0.jpg,.jpg,0.1592,data\raw\cgmacros\CGMacros\CGMacros-049\photos\00000018-PHOTO-2025-5-12-13-34-0.jpg
00000019-PHOTO-2025-5-12-13-49-0.jpg,.jpg,0.1482,data\raw\cgmacros\CGMacros\CGMacros-049\photos\00000019-PHOTO-2025-5-12-13-49-0.jpg
00000021-PHOTO-2025-5-12-20-45-0.jpg,.jpg,0.3628,data\raw\cgmacros\CGMacros\CGMacros-049\photos\00000021-PHOTO-2025-5-12-20-45-0.jpg
00000022-PHOTO-2025-5-13-7-8-0.jpg,.jpg,0.1365,data\raw\cgmacros\CGMacros\CGMacros-049\photos\00000022-PHOTO-2025-5-13-7-8-0.jpg
00000023-PHOTO-2025-5-13-7-15-0.jpg,.jpg,0.3089,data\raw\cgmacros\CGMacros\CGMacros-049\photos\00000023-PHOTO-2025-5-13-7-15-0.jpg
00000029-PHOTO-2025-5-13-13-26-0.jpg,.jpg,0.2484,data\raw\cgmacros\CGMacros\CGMacros-049\photos\00000029-PHOTO-2025-5-13-13-26-0.jpg
00000030-PHOTO-2025-5-13-13-49-0.jpg,.jpg,0.2794,data\raw\cgmacros\CGMacros\CGMacros-049\photos\00000030-PHOTO-2025-5-13-13-49-0.jpg
00000033-PHOTO-2025-5-14-7-8-0.jpg,.jpg,0.2443,data\raw\cgmacros\CGMacros\CGMacros-049\photos\00000033-PHOTO-2025-5-14-7-8-0.jpg
00000034-PHOTO-2025-5-14-7-19-0.jpg,.jpg,0.2524,data\raw\cgmacros\CGMacros\CGMacros-049\photos\00000034-PHOTO-2025-5-14-7-19-0.jpg
00000038-PHOTO-2025-5-14-12-2-0.jpg,.jpg,0.3499,data\raw\cgmacros\CGMacros\CGMacros-049\photos\00000038-PHOTO-2025-5-14-12-2-0.jpg
00000040-PHOTO-2025-5-14-12-11-0.jpg,.jpg,0.4027,data\raw\cgmacros\CGMacros\CGMacros-049\photos\00000040-PHOTO-2025-5-14-12-11-0.jpg
00000041-PHOTO-2025-5-14-19-33-0.jpg,.jpg,0.3563,data\raw\cgmacros\CGMacros\CGMacros-049\photos\00000041-PHOTO-2025-5-14-19-33-0.jpg
00000042-PHOTO-2025-5-15-8-10-0.jpg,.jpg,0.2271,data\raw\cgmacros\CGMacros\CGMacros-049\photos\00000042-PHOTO-2025-5-15-8-10-0.jpg
00000043-PHOTO-2025-5-15-8-16-0.jpg,.jpg,0.2766,data\raw\cgmacros\CGMacros\CGMacros-049\photos\00000043-PHOTO-2025-5-15-8-16-0.jpg
00000044-PHOTO-2025-5-15-13-5-0.jpg,.jpg,0.2554,data\raw\cgmacros\CGMacros\CGMacros-049\photos\00000044-PHOTO-2025-5-15-13-5-0.jpg
00000045-PHOTO-2025-5-15-13-16-0.jpg,.jpg,0.2407,data\raw\cgmacros\CGMacros\CGMacros-049\photos\00000045-PHOTO-2025-5-15-13-16-0.jpg
00000048-PHOTO-2025-5-15-20-10-0.jpg,.jpg,0.3744,data\raw\cgmacros\CGMacros\CGMacros-049\photos\00000048-PHOTO-2025-5-15-20-10-0.jpg
00000049-PHOTO-2025-5-16-7-9-0.jpg,.jpg,0.2439,data\raw\cgmacros\CGMacros\CGMacros-049\photos\00000049-PHOTO-2025-5-16-7-9-0.jpg
00000050-PHOTO-2025-5-16-7-13-0.jpg,.jpg,0.2832,data\raw\cgmacros\CGMacros\CGMacros-049\photos\00000050-PHOTO-2025-5-16-7-13-0.jpg
00000051-PHOTO-2025-5-16-12-8-0.jpg,.jpg,0.3329,data\raw\cgmacros\CGMacros\CGMacros-049\photos\00000051-PHOTO-2025-5-16-12-8-0.jpg
00000053-PHOTO-2025-5-16-12-17-0.jpg,.jpg,0.4274,data\raw\cgmacros\CGMacros\CGMacros-049\photos\00000053-PHOTO-2025-5-16-12-17-0.jpg
00000054-PHOTO-2025-5-16-19-30-0.jpg,.jpg,0.3014,data\raw\cgmacros\CGMacros\CGMacros-049\photos\00000054-PHOTO-2025-5-16-19-30-0.jpg
00000056-PHOTO-2025-5-17-7-11-0.jpg,.jpg,0.28,data\raw\cgmacros\CGMacros\CGMacros-049\photos\00000056-PHOTO-2025-5-17-7-11-0.jpg
00000059-PHOTO-2025-5-17-12-2-0.jpg,.jpg,0.3015,data\raw\cgmacros\CGMacros\CGMacros-049\photos\00000059-PHOTO-2025-5-17-12-2-0.jpg
00000061-PHOTO-2025-5-17-12-16-0.jpg,.jpg,0.3379,data\raw\cgmacros\CGMacros\CGMacros-049\photos\00000061-PHOTO-2025-5-17-12-16-0.jpg
00000062-PHOTO-2025-5-17-19-17-0.jpg,.jpg,0.3218,data\raw\cgmacros\CGMacros\CGMacros-049\photos\00000062-PHOTO-2025-5-17-19-17-0.jpg
00000063-PHOTO-2025-5-18-8-59-0.jpg,.jpg,0.3784,data\raw\cgmacros\CGMacros\CGMacros-049\photos\00000063-PHOTO-2025-5-18-8-59-0.jpg
00000064-PHOTO-2025-5-18-9-5-0.jpg,.jpg,0.3797,data\raw\cgmacros\CGMacros\CGMacros-049\photos\00000064-PHOTO-2025-5-18-9-5-0.jpg
00000070-PHOTO-2025-5-18-13-1-0.jpg,.jpg,0.4101,data\raw\cgmacros\CGMacros\CGMacros-049\photos\00000070-PHOTO-2025-5-18-13-1-0.jpg
00000071-PHOTO-2025-5-18-13-22-0.jpg,.jpg,0.378,data\raw\cgmacros\CGMacros\CGMacros-049\photos\00000071-PHOTO-2025-5-18-13-22-0.jpg
00000072-PHOTO-2025-5-18-19-42-0.jpg,.jpg,0.3367,data\raw\cgmacros\CGMacros\CGMacros-049\photos\00000072-PHOTO-2025-5-18-19-42-0.jpg
00000073-PHOTO-2025-5-19-7-6-0.jpg,.jpg,0.2543,data\raw\cgmacros\CGMacros\CGMacros-049\photos\00000073-PHOTO-2025-5-19-7-6-0.jpg
00000074-PHOTO-2025-5-19-7-15-0.jpg,.jpg,0.2853,data\raw\cgmacros\CGMacros\CGMacros-049\photos\00000074-PHOTO-2025-5-19-7-15-0.jpg
00000082-PHOTO-2025-5-19-13-37-0.jpg,.jpg,0.2255,data\raw\cgmacros\CGMacros\CGMacros-049\photos\00000082-PHOTO-2025-5-19-13-37-0.jpg
00000083-PHOTO-2025-5-19-13-50-0.jpg,.jpg,0.2223,data\raw\cgmacros\CGMacros\CGMacros-049\photos\00000083-PHOTO-2025-5-19-13-50-0.jpg
00000084-PHOTO-2025-5-19-20-21-0.jpg,.jpg,0.3357,data\raw\cgmacros\CGMacros\CGMacros-049\photos\00000084-PHOTO-2025-5-19-20-21-0.jpg
00000085-PHOTO-2025-5-20-7-6-0.jpg,.jpg,0.2797,data\raw\cgmacros\CGMacros\CGMacros-049\photos\00000085-PHOTO-2025-5-20-7-6-0.jpg
00000098-PHOTO-2025-5-20-12-53-0.jpg,.jpg,0.3195,data\raw\cgmacros\CGMacros\CGMacros-049\photos\00000098-PHOTO-2025-5-20-12-53-0.jpg
00000099-PHOTO-2025-5-20-13-10-0.jpg,.jpg,0.34,data\raw\cgmacros\CGMacros\CGMacros-049\photos\00000099-PHOTO-2025-5-20-13-10-0.jpg
00000101-PHOTO-2025-5-20-19-48-0.jpg,.jpg,0.2908,data\raw\cgmacros\CGMacros\CGMacros-049\photos\00000101-PHOTO-2025-5-20-19-48-0.jpg
00000103-PHOTO-2025-5-21-8-2-0.jpg,.jpg,0.2669,data\raw\cgmacros\CGMacros\CGMacros-049\photos\00000103-PHOTO-2025-5-21-8-2-0.jpg
00000104-PHOTO-2025-5-21-8-10-0.jpg,.jpg,0.27,data\raw\cgmacros\CGMacros\CGMacros-049\photos\00000104-PHOTO-2025-5-21-8-10-0.jpg
00000004-PHOTO-2022-11-14-8-18-0.jpg,.jpg,0.0956,data\raw\cgmacros\CGMacros\CGMacros-048\photos\00000004-PHOTO-2022-11-14-8-18-0.jpg
00000005-PHOTO-2022-11-14-13-2-0.jpg,.jpg,0.1289,data\raw\cgmacros\CGMacros\CGMacros-048\photos\00000005-PHOTO-2022-11-14-13-2-0.jpg
00000006-PHOTO-2022-11-14-13-24-0.jpg,.jpg,0.1541,data\raw\cgmacros\CGMacros\CGMacros-048\photos\00000006-PHOTO-2022-11-14-13-24-0.jpg
00000007-PHOTO-2022-11-14-19-0-0.jpg,.jpg,0.1352,data\raw\cgmacros\CGMacros\CGMacros-048\photos\00000007-PHOTO-2022-11-14-19-0-0.jpg
00000008-PHOTO-2022-11-14-19-27-0.jpg,.jpg,0.1179,data\raw\cgmacros\CGMacros\CGMacros-048\photos\00000008-PHOTO-2022-11-14-19-27-0.jpg
00000009-PHOTO-2022-11-14-19-30-0.jpg,.jpg,0.1266,data\raw\cgmacros\CGMacros\CGMacros-048\photos\00000009-PHOTO-2022-11-14-19-30-0.jpg
00000010-PHOTO-2022-11-14-19-54-0.jpg,.jpg,0.1414,data\raw\cgmacros\CGMacros\CGMacros-048\photos\00000010-PHOTO-2022-11-14-19-54-0.jpg
00000011-PHOTO-2022-11-14-23-15-0.jpg,.jpg,0.1283,data\raw\cgmacros\CGMacros\CGMacros-048\photos\00000011-PHOTO-2022-11-14-23-15-0.jpg
00000012-PHOTO-2022-11-14-23-20-0.jpg,.jpg,0.1289,data\raw\cgmacros\CGMacros\CGMacros-048\photos\00000012-PHOTO-2022-11-14-23-20-0.jpg
00000014-PHOTO-2022-11-15-9-35-0.jpg,.jpg,0.0841,data\raw\cgmacros\CGMacros\CGMacros-048\photos\00000014-PHOTO-2022-11-15-9-35-0.jpg
00000015-PHOTO-2022-11-15-10-57-0.jpg,.jpg,0.1089,data\raw\cgmacros\CGMacros\CGMacros-048\photos\00000015-PHOTO-2022-11-15-10-57-0.jpg
00000016-PHOTO-2022-11-15-13-42-0.jpg,.jpg,0.1475,data\raw\cgmacros\CGMacros\CGMacros-048\photos\00000016-PHOTO-2022-11-15-13-42-0.jpg
00000017-PHOTO-2022-11-15-13-55-0.jpg,.jpg,0.1831,data\raw\cgmacros\CGMacros\CGMacros-048\photos\00000017-PHOTO-2022-11-15-13-55-0.jpg
00000018-PHOTO-2022-11-15-19-30-0.jpg,.jpg,0.1229,data\raw\cgmacros\CGMacros\CGMacros-048\photos\00000018-PHOTO-2022-11-15-19-30-0.jpg
00000019-PHOTO-2022-11-15-19-49-0.jpg,.jpg,0.1639,data\raw\cgmacros\CGMacros\CGMacros-048\photos\00000019-PHOTO-2022-11-15-19-49-0.jpg
00000020-PHOTO-2022-11-16-10-29-0.jpg,.jpg,0.0989,data\raw\cgmacros\CGMacros\CGMacros-048\photos\00000020-PHOTO-2022-11-16-10-29-0.jpg
00000021-PHOTO-2022-11-16-11-57-0.jpg,.jpg,0.1385,data\raw\cgmacros\CGMacros\CGMacros-048\photos\00000021-PHOTO-2022-11-16-11-57-0.jpg
00000022-PHOTO-2022-11-16-15-57-0.jpg,.jpg,0.1326,data\raw\cgmacros\CGMacros\CGMacros-048\photos\00000022-PHOTO-2022-11-16-15-57-0.jpg
00000023-PHOTO-2022-11-16-16-14-0.jpg,.jpg,0.0883,data\raw\cgmacros\CGMacros\CGMacros-048\photos\00000023-PHOTO-2022-11-16-16-14-0.jpg
00000024-PHOTO-2022-11-16-21-11-0.jpg,.jpg,0.1923,data\raw\cgmacros\CGMacros\CGMacros-048\photos\00000024-PHOTO-2022-11-16-21-11-0.jpg
00000025-PHOTO-2022-11-16-21-43-0.jpg,.jpg,0.1843,data\raw\cgmacros\CGMacros\CGMacros-048\photos\00000025-PHOTO-2022-11-16-21-43-0.jpg
00000026-PHOTO-2022-11-17-7-31-0.jpg,.jpg,0.1169,data\raw\cgmacros\CGMacros\CGMacros-048\photos\00000026-PHOTO-2022-11-17-7-31-0.jpg
00000027-PHOTO-2022-11-17-9-17-0.jpg,.jpg,0.1286,data\raw\cgmacros\CGMacros\CGMacros-048\photos\00000027-PHOTO-2022-11-17-9-17-0.jpg
00000028-PHOTO-2022-11-17-14-2-0.jpg,.jpg,0.1653,data\raw\cgmacros\CGMacros\CGMacros-048\photos\00000028-PHOTO-2022-11-17-14-2-0.jpg
00000029-PHOTO-2022-11-17-14-20-0.jpg,.jpg,0.1512,data\raw\cgmacros\CGMacros\CGMacros-048\photos\00000029-PHOTO-2022-11-17-14-20-0.jpg
00000030-PHOTO-2022-11-17-18-58-0.jpg,.jpg,0.1448,data\raw\cgmacros\CGMacros\CGMacros-048\photos\00000030-PHOTO-2022-11-17-18-58-0.jpg
00000031-PHOTO-2022-11-17-19-6-0.jpg,.jpg,0.1654,data\raw\cgmacros\CGMacros\CGMacros-048\photos\00000031-PHOTO-2022-11-17-19-6-0.jpg
00000032-PHOTO-2022-11-18-7-7-0.jpg,.jpg,0.1688,data\raw\cgmacros\CGMacros\CGMacros-048\photos\00000032-PHOTO-2022-11-18-7-7-0.jpg
00000033-PHOTO-2022-11-18-7-42-0.jpg,.jpg,0.1291,data\raw\cgmacros\CGMacros\CGMacros-048\photos\00000033-PHOTO-2022-11-18-7-42-0.jpg
00000034-PHOTO-2022-11-18-11-43-0.jpg,.jpg,0.2598,data\raw\cgmacros\CGMacros\CGMacros-048\photos\00000034-PHOTO-2022-11-18-11-43-0.jpg
00000035-PHOTO-2022-11-18-11-53-0.jpg,.jpg,0.2339,data\raw\cgmacros\CGMacros\CGMacros-048\photos\00000035-PHOTO-2022-11-18-11-53-0.jpg
00000037-PHOTO-2022-11-18-19-7-0.jpg,.jpg,0.1912,data\raw\cgmacros\CGMacros\CGMacros-048\photos\00000037-PHOTO-2022-11-18-19-7-0.jpg
00000038-PHOTO-2022-11-18-19-34-0.jpg,.jpg,0.1852,data\raw\cgmacros\CGMacros\CGMacros-048\photos\00000038-PHOTO-2022-11-18-19-34-0.jpg
00000039-PHOTO-2022-11-19-7-23-0.jpg,.jpg,0.0671,data\raw\cgmacros\CGMacros\CGMacros-048\photos\00000039-PHOTO-2022-11-19-7-23-0.jpg
00000040-PHOTO-2022-11-19-7-35-0.jpg,.jpg,0.0757,data\raw\cgmacros\CGMacros\CGMacros-048\photos\00000040-PHOTO-2022-11-19-7-35-0.jpg
00000041-PHOTO-2022-11-19-10-57-0.jpg,.jpg,0.1176,data\raw\cgmacros\CGMacros\CGMacros-048\photos\00000041-PHOTO-2022-11-19-10-57-0.jpg
00000042-PHOTO-2022-11-19-11-12-0.jpg,.jpg,0.1189,data\raw\cgmacros\CGMacros\CGMacros-048\photos\00000042-PHOTO-2022-11-19-11-12-0.jpg
00000043-PHOTO-2022-11-19-15-19-0.jpg,.jpg,0.1375,data\raw\cgmacros\CGMacros\CGMacros-048\photos\00000043-PHOTO-2022-11-19-15-19-0.jpg
00000044-PHOTO-2022-11-19-15-23-0.jpg,.jpg,0.1625,data\raw\cgmacros\CGMacros\CGMacros-048\photos\00000044-PHOTO-2022-11-19-15-23-0.jpg
00000045-PHOTO-2022-11-19-17-44-0.jpg,.jpg,0.193,data\raw\cgmacros\CGMacros\CGMacros-048\photos\00000045-PHOTO-2022-11-19-17-44-0.jpg
00000046-PHOTO-2022-11-19-18-5-0.jpg,.jpg,0.1596,data\raw\cgmacros\CGMacros\CGMacros-048\photos\00000046-PHOTO-2022-11-19-18-5-0.jpg
00000047-PHOTO-2022-11-19-18-46-0.jpg,.jpg,0.1426,data\raw\cgmacros\CGMacros\CGMacros-048\photos\00000047-PHOTO-2022-11-19-18-46-0.jpg
00000048-PHOTO-2022-11-19-18-58-0.jpg,.jpg,0.0979,data\raw\cgmacros\CGMacros\CGMacros-048\photos\00000048-PHOTO-2022-11-19-18-58-0.jpg
00000049-PHOTO-2022-11-20-7-4-0.jpg,.jpg,0.1315,data\raw\cgmacros\CGMacros\CGMacros-048\photos\00000049-PHOTO-2022-11-20-7-4-0.jpg
00000050-PHOTO-2022-11-20-7-19-0.jpg,.jpg,0.1245,data\raw\cgmacros\CGMacros\CGMacros-048\photos\00000050-PHOTO-2022-11-20-7-19-0.jpg
00000054-PHOTO-2022-11-20-11-14-0.jpg,.jpg,0.1889,data\raw\cgmacros\CGMacros\CGMacros-048\photos\00000054-PHOTO-2022-11-20-11-14-0.jpg
00000055-PHOTO-2022-11-20-11-24-0.jpg,.jpg,0.1895,data\raw\cgmacros\CGMacros\CGMacros-048\photos\00000055-PHOTO-2022-11-20-11-24-0.jpg
00000057-PHOTO-2022-11-20-19-4-0.jpg,.jpg,0.2483,data\raw\cgmacros\CGMacros\CGMacros-048\photos\00000057-PHOTO-2022-11-20-19-4-0.jpg
00000058-PHOTO-2022-11-20-19-18-0.jpg,.jpg,0.2332,data\raw\cgmacros\CGMacros\CGMacros-048\photos\00000058-PHOTO-2022-11-20-19-18-0.jpg
00000059-PHOTO-2022-11-20-19-58-0.jpg,.jpg,0.1965,data\raw\cgmacros\CGMacros\CGMacros-048\photos\00000059-PHOTO-2022-11-20-19-58-0.jpg
00000060-PHOTO-2022-11-20-20-2-0.jpg,.jpg,0.1361,data\raw\cgmacros\CGMacros\CGMacros-048\photos\00000060-PHOTO-2022-11-20-20-2-0.jpg
00000061-PHOTO-2022-11-21-9-33-0.jpg,.jpg,0.1017,data\raw\cgmacros\CGMacros\CGMacros-048\photos\00000061-PHOTO-2022-11-21-9-33-0.jpg
00000062-PHOTO-2022-11-21-9-51-0.jpg,.jpg,0.114,data\raw\cgmacros\CGMacros\CGMacros-048\photos\00000062-PHOTO-2022-11-21-9-51-0.jpg
00000063-PHOTO-2022-11-21-12-33-0.jpg,.jpg,0.1658,data\raw\cgmacros\CGMacros\CGMacros-048\photos\00000063-PHOTO-2022-11-21-12-33-0.jpg
00000064-PHOTO-2022-11-21-12-49-0.jpg,.jpg,0.1611,data\raw\cgmacros\CGMacros\CGMacros-048\photos\00000064-PHOTO-2022-11-21-12-49-0.jpg
00000065-PHOTO-2022-11-21-16-30-0.jpg,.jpg,0.2047,data\raw\cgmacros\CGMacros\CGMacros-048\photos\00000065-PHOTO-2022-11-21-16-30-0.jpg
00000066-PHOTO-2022-11-21-16-45-0.jpg,.jpg,0.1973,data\raw\cgmacros\CGMacros\CGMacros-048\photos\00000066-PHOTO-2022-11-21-16-45-0.jpg
00000067-PHOTO-2022-11-21-19-49-0.jpg,.jpg,0.2518,data\raw\cgmacros\CGMacros\CGMacros-048\photos\00000067-PHOTO-2022-11-21-19-49-0.jpg
00000068-PHOTO-2022-11-21-20-6-0.jpg,.jpg,0.2635,data\raw\cgmacros\CGMacros\CGMacros-048\photos\00000068-PHOTO-2022-11-21-20-6-0.jpg
00000072-PHOTO-2022-11-22-10-34-0.jpg,.jpg,0.1373,data\raw\cgmacros\CGMacros\CGMacros-048\photos\00000072-PHOTO-2022-11-22-10-34-0.jpg
00000073-PHOTO-2022-11-22-10-39-0.jpg,.jpg,0.1464,data\raw\cgmacros\CGMacros\CGMacros-048\photos\00000073-PHOTO-2022-11-22-10-39-0.jpg
00000076-PHOTO-2022-11-22-13-25-0.jpg,.jpg,0.2071,data\raw\cgmacros\CGMacros\CGMacros-048\photos\00000076-PHOTO-2022-11-22-13-25-0.jpg
00000077-PHOTO-2022-11-22-13-56-0.jpg,.jpg,0.2144,data\raw\cgmacros\CGMacros\CGMacros-048\photos\00000077-PHOTO-2022-11-22-13-56-0.jpg
00000079-PHOTO-2022-11-22-16-35-0.jpg,.jpg,0.1443,data\raw\cgmacros\CGMacros\CGMacros-048\photos\00000079-PHOTO-2022-11-22-16-35-0.jpg
00000080-PHOTO-2022-11-22-16-48-0.jpg,.jpg,0.1313,data\raw\cgmacros\CGMacros\CGMacros-048\photos\00000080-PHOTO-2022-11-22-16-48-0.jpg
00000081-PHOTO-2022-11-22-21-36-0.jpg,.jpg,0.155,data\raw\cgmacros\CGMacros\CGMacros-048\photos\00000081-PHOTO-2022-11-22-21-36-0.jpg
00000082-PHOTO-2022-11-22-21-53-0.jpg,.jpg,0.1041,data\raw\cgmacros\CGMacros\CGMacros-048\photos\00000082-PHOTO-2022-11-22-21-53-0.jpg
00000084-PHOTO-2022-11-23-10-22-0.jpg,.jpg,0.1499,data\raw\cgmacros\CGMacros\CGMacros-048\photos\00000084-PHOTO-2022-11-23-10-22-0.jpg
00000086-PHOTO-2022-11-23-10-36-0.jpg,.jpg,0.1692,data\raw\cgmacros\CGMacros\CGMacros-048\photos\00000086-PHOTO-2022-11-23-10-36-0.jpg
00000087-PHOTO-2022-11-23-13-22-0.jpg,.jpg,0.159,data\raw\cgmacros\CGMacros\CGMacros-048\photos\00000087-PHOTO-2022-11-23-13-22-0.jpg
00000088-PHOTO-2022-11-23-13-38-0.jpg,.jpg,0.1254,data\raw\cgmacros\CGMacros\CGMacros-048\photos\00000088-PHOTO-2022-11-23-13-38-0.jpg
00000089-PHOTO-2022-11-23-19-8-0.jpg,.jpg,0.1894,data\raw\cgmacros\CGMacros\CGMacros-048\photos\00000089-PHOTO-2022-11-23-19-8-0.jpg
00000090-PHOTO-2022-11-23-19-19-0.jpg,.jpg,0.134,data\raw\cgmacros\CGMacros\CGMacros-048\photos\00000090-PHOTO-2022-11-23-19-19-0.jpg
00000091-PHOTO-2022-11-23-22-36-0.jpg,.jpg,0.2507,data\raw\cgmacros\CGMacros\CGMacros-048\photos\00000091-PHOTO-2022-11-23-22-36-0.jpg
00000092-PHOTO-2022-11-23-22-46-0.jpg,.jpg,0.2763,data\raw\cgmacros\CGMacros\CGMacros-048\photos\00000092-PHOTO-2022-11-23-22-46-0.jpg
00000093-PHOTO-2022-11-24-11-24-0.jpg,.jpg,0.2773,data\raw\cgmacros\CGMacros\CGMacros-048\photos\00000093-PHOTO-2022-11-24-11-24-0.jpg
00000094-PHOTO-2022-11-24-11-41-0.jpg,.jpg,0.1661,data\raw\cgmacros\CGMacros\CGMacros-048\photos\00000094-PHOTO-2022-11-24-11-41-0.jpg
00000004-PHOTO-2025-10-30-7-44-0.jpg,.jpg,0.0956,data\raw\cgmacros\CGMacros\CGMacros-047\photos\00000004-PHOTO-2025-10-30-7-44-0.jpg
00000006-PHOTO-2025-10-30-12-4-0.jpg,.jpg,0.1694,data\raw\cgmacros\CGMacros\CGMacros-047\photos\00000006-PHOTO-2025-10-30-12-4-0.jpg
00000008-PHOTO-2025-10-30-12-4-0.jpg,.jpg,0.2803,data\raw\cgmacros\CGMacros\CGMacros-047\photos\00000008-PHOTO-2025-10-30-12-4-0.jpg
00000011-PHOTO-2025-10-30-17-10-0.jpg,.jpg,0.1858,data\raw\cgmacros\CGMacros\CGMacros-047\photos\00000011-PHOTO-2025-10-30-17-10-0.jpg
00000012-PHOTO-2025-10-30-17-31-0.jpg,.jpg,0.2227,data\raw\cgmacros\CGMacros\CGMacros-047\photos\00000012-PHOTO-2025-10-30-17-31-0.jpg
00000013-PHOTO-2025-10-31-7-41-0.jpg,.jpg,0.1671,data\raw\cgmacros\CGMacros\CGMacros-047\photos\00000013-PHOTO-2025-10-31-7-41-0.jpg
00000014-PHOTO-2025-10-31-8-5-0.jpg,.jpg,0.1143,data\raw\cgmacros\CGMacros\CGMacros-047\photos\00000014-PHOTO-2025-10-31-8-5-0.jpg
00000015-PHOTO-2025-10-31-11-44-0.jpg,.jpg,0.1826,data\raw\cgmacros\CGMacros\CGMacros-047\photos\00000015-PHOTO-2025-10-31-11-44-0.jpg
00000016-PHOTO-2025-10-31-12-8-0.jpg,.jpg,0.1491,data\raw\cgmacros\CGMacros\CGMacros-047\photos\00000016-PHOTO-2025-10-31-12-8-0.jpg
00000017-PHOTO-2025-10-31-16-29-0.jpg,.jpg,0.1705,data\raw\cgmacros\CGMacros\CGMacros-047\photos\00000017-PHOTO-2025-10-31-16-29-0.jpg
00000018-PHOTO-2025-10-31-17-5-0.jpg,.jpg,0.1211,data\raw\cgmacros\CGMacros\CGMacros-047\photos\00000018-PHOTO-2025-10-31-17-5-0.jpg
00000019-PHOTO-2025-11-1-7-57-0.jpg,.jpg,0.1689,data\raw\cgmacros\CGMacros\CGMacros-047\photos\00000019-PHOTO-2025-11-1-7-57-0.jpg
00000020-PHOTO-2025-11-1-8-13-0.jpg,.jpg,0.1769,data\raw\cgmacros\CGMacros\CGMacros-047\photos\00000020-PHOTO-2025-11-1-8-13-0.jpg
00000021-PHOTO-2025-11-1-12-19-0.jpg,.jpg,0.1903,data\raw\cgmacros\CGMacros\CGMacros-047\photos\00000021-PHOTO-2025-11-1-12-19-0.jpg
00000022-PHOTO-2025-11-1-12-44-0.jpg,.jpg,0.1693,data\raw\cgmacros\CGMacros\CGMacros-047\photos\00000022-PHOTO-2025-11-1-12-44-0.jpg
00000023-PHOTO-2025-11-1-16-42-0.jpg,.jpg,0.249,data\raw\cgmacros\CGMacros\CGMacros-047\photos\00000023-PHOTO-2025-11-1-16-42-0.jpg
00000025-PHOTO-2025-11-2-7-39-0.jpg,.jpg,0.1641,data\raw\cgmacros\CGMacros\CGMacros-047\photos\00000025-PHOTO-2025-11-2-7-39-0.jpg
00000027-PHOTO-2025-11-2-11-57-0.jpg,.jpg,0.1676,data\raw\cgmacros\CGMacros\CGMacros-047\photos\00000027-PHOTO-2025-11-2-11-57-0.jpg
00000029-PHOTO-2025-11-2-17-20-0.jpg,.jpg,0.2417,data\raw\cgmacros\CGMacros\CGMacros-047\photos\00000029-PHOTO-2025-11-2-17-20-0.jpg
00000030-PHOTO-2025-11-3-7-40-0.jpg,.jpg,0.1407,data\raw\cgmacros\CGMacros\CGMacros-047\photos\00000030-PHOTO-2025-11-3-7-40-0.jpg
00000031-PHOTO-2025-11-3-8-19-0.jpg,.jpg,0.1575,data\raw\cgmacros\CGMacros\CGMacros-047\photos\00000031-PHOTO-2025-11-3-8-19-0.jpg
00000032-PHOTO-2025-11-3-11-47-0.jpg,.jpg,0.1924,data\raw\cgmacros\CGMacros\CGMacros-047\photos\00000032-PHOTO-2025-11-3-11-47-0.jpg
00000033-PHOTO-2025-11-3-12-6-0.jpg,.jpg,0.1691,data\raw\cgmacros\CGMacros\CGMacros-047\photos\00000033-PHOTO-2025-11-3-12-6-0.jpg
00000035-PHOTO-2025-11-3-16-56-0.jpg,.jpg,0.2512,data\raw\cgmacros\CGMacros\CGMacros-047\photos\00000035-PHOTO-2025-11-3-16-56-0.jpg
00000036-PHOTO-2025-11-4-8-49-0.jpg,.jpg,0.1673,data\raw\cgmacros\CGMacros\CGMacros-047\photos\00000036-PHOTO-2025-11-4-8-49-0.jpg
00000037-PHOTO-2025-11-4-11-22-0.jpg,.jpg,0.2067,data\raw\cgmacros\CGMacros\CGMacros-047\photos\00000037-PHOTO-2025-11-4-11-22-0.jpg
00000038-PHOTO-2025-11-4-17-23-0.jpg,.jpg,0.235,data\raw\cgmacros\CGMacros\CGMacros-047\photos\00000038-PHOTO-2025-11-4-17-23-0.jpg
00000039-PHOTO-2025-11-5-8-47-0.jpg,.jpg,0.1493,data\raw\cgmacros\CGMacros\CGMacros-047\photos\00000039-PHOTO-2025-11-5-8-47-0.jpg
00000042-PHOTO-2025-11-5-12-10-0.jpg,.jpg,0.3866,data\raw\cgmacros\CGMacros\CGMacros-047\photos\00000042-PHOTO-2025-11-5-12-10-0.jpg
00000043-PHOTO-2025-11-5-17-23-0.jpg,.jpg,0.1843,data\raw\cgmacros\CGMacros\CGMacros-047\photos\00000043-PHOTO-2025-11-5-17-23-0.jpg
00000045-PHOTO-2025-11-6-8-13-0.jpg,.jpg,0.3273,data\raw\cgmacros\CGMacros\CGMacros-047\photos\00000045-PHOTO-2025-11-6-8-13-0.jpg
00000046-PHOTO-2025-11-6-11-47-0.jpg,.jpg,0.3079,data\raw\cgmacros\CGMacros\CGMacros-047\photos\00000046-PHOTO-2025-11-6-11-47-0.jpg
00000048-PHOTO-2025-11-6-12-4-0.jpg,.jpg,0.3076,data\raw\cgmacros\CGMacros\CGMacros-047\photos\00000048-PHOTO-2025-11-6-12-4-0.jpg
00000050-PHOTO-2025-11-6-16-6-0.jpg,.jpg,0.4082,data\raw\cgmacros\CGMacros\CGMacros-047\photos\00000050-PHOTO-2025-11-6-16-6-0.jpg
00000053-PHOTO-2025-11-7-7-54-0.jpg,.jpg,0.2186,data\raw\cgmacros\CGMacros\CGMacros-047\photos\00000053-PHOTO-2025-11-7-7-54-0.jpg
00000054-PHOTO-2025-11-7-11-7-0.jpg,.jpg,0.3188,data\raw\cgmacros\CGMacros\CGMacros-047\photos\00000054-PHOTO-2025-11-7-11-7-0.jpg
00000055-PHOTO-2025-11-7-11-27-0.jpg,.jpg,0.2577,data\raw\cgmacros\CGMacros\CGMacros-047\photos\00000055-PHOTO-2025-11-7-11-27-0.jpg
00000056-PHOTO-2025-11-7-15-50-0.jpg,.jpg,0.2149,data\raw\cgmacros\CGMacros\CGMacros-047\photos\00000056-PHOTO-2025-11-7-15-50-0.jpg
00000058-PHOTO-2025-11-8-9-59-0.jpg,.jpg,0.1613,data\raw\cgmacros\CGMacros\CGMacros-047\photos\00000058-PHOTO-2025-11-8-9-59-0.jpg
00000060-PHOTO-2025-11-8-11-28-0.jpg,.jpg,0.4311,data\raw\cgmacros\CGMacros\CGMacros-047\photos\00000060-PHOTO-2025-11-8-11-28-0.jpg
00000061-PHOTO-2025-11-8-16-23-0.jpg,.jpg,0.2648,data\raw\cgmacros\CGMacros\CGMacros-047\photos\00000061-PHOTO-2025-11-8-16-23-0.jpg
00000062-PHOTO-2025-11-9-7-38-0.jpg,.jpg,0.2876,data\raw\cgmacros\CGMacros\CGMacros-047\photos\00000062-PHOTO-2025-11-9-7-38-0.jpg
00000004-PHOTO-2025-5-1-8-8-0.jpg,.jpg,0.0908,data\raw\cgmacros\CGMacros\CGMacros-046\photos\00000004-PHOTO-2025-5-1-8-8-0.jpg
00000005-PHOTO-2025-5-1-11-58-0.jpg,.jpg,0.1358,data\raw\cgmacros\CGMacros\CGMacros-046\photos\00000005-PHOTO-2025-5-1-11-58-0.jpg
00000007-PHOTO-2025-5-1-12-10-0.jpg,.jpg,0.1607,data\raw\cgmacros\CGMacros\CGMacros-046\photos\00000007-PHOTO-2025-5-1-12-10-0.jpg
00000008-PHOTO-2025-5-1-21-9-0.jpg,.jpg,0.1164,data\raw\cgmacros\CGMacros\CGMacros-046\photos\00000008-PHOTO-2025-5-1-21-9-0.jpg
00000009-PHOTO-2025-5-1-21-17-0.jpg,.jpg,0.1461,data\raw\cgmacros\CGMacros\CGMacros-046\photos\00000009-PHOTO-2025-5-1-21-17-0.jpg
00000010-PHOTO-2025-5-2-8-56-0.jpg,.jpg,0.1803,data\raw\cgmacros\CGMacros\CGMacros-046\photos\00000010-PHOTO-2025-5-2-8-56-0.jpg
00000011-PHOTO-2025-5-2-8-56-0.jpg,.jpg,0.1463,data\raw\cgmacros\CGMacros\CGMacros-046\photos\00000011-PHOTO-2025-5-2-8-56-0.jpg
00000012-PHOTO-2025-5-2-11-39-0.jpg,.jpg,0.194,data\raw\cgmacros\CGMacros\CGMacros-046\photos\00000012-PHOTO-2025-5-2-11-39-0.jpg
00000014-PHOTO-2025-5-2-15-10-0.jpg,.jpg,0.213,data\raw\cgmacros\CGMacros\CGMacros-046\photos\00000014-PHOTO-2025-5-2-15-10-0.jpg
00000015-PHOTO-2025-5-2-15-25-0.jpg,.jpg,0.2441,data\raw\cgmacros\CGMacros\CGMacros-046\photos\00000015-PHOTO-2025-5-2-15-25-0.jpg
00000017-PHOTO-2025-5-3-11-47-0.jpg,.jpg,0.1883,data\raw\cgmacros\CGMacros\CGMacros-046\photos\00000017-PHOTO-2025-5-3-11-47-0.jpg
00000018-PHOTO-2025-5-3-15-10-0.jpg,.jpg,0.1137,data\raw\cgmacros\CGMacros\CGMacros-046\photos\00000018-PHOTO-2025-5-3-15-10-0.jpg
00000019-PHOTO-2025-5-3-15-19-0.jpg,.jpg,0.1752,data\raw\cgmacros\CGMacros\CGMacros-046\photos\00000019-PHOTO-2025-5-3-15-19-0.jpg
00000020-PHOTO-2025-5-4-8-6-0.jpg,.jpg,0.2812,data\raw\cgmacros\CGMacros\CGMacros-046\photos\00000020-PHOTO-2025-5-4-8-6-0.jpg
00000022-PHOTO-2025-5-4-11-17-0.jpg,.jpg,0.1631,data\raw\cgmacros\CGMacros\CGMacros-046\photos\00000022-PHOTO-2025-5-4-11-17-0.jpg
00000023-PHOTO-2025-5-4-11-22-0.jpg,.jpg,0.1374,data\raw\cgmacros\CGMacros\CGMacros-046\photos\00000023-PHOTO-2025-5-4-11-22-0.jpg
00000024-PHOTO-2025-5-4-14-49-0.jpg,.jpg,0.2158,data\raw\cgmacros\CGMacros\CGMacros-046\photos\00000024-PHOTO-2025-5-4-14-49-0.jpg
00000025-PHOTO-2025-5-4-14-50-0.jpg,.jpg,0.248,data\raw\cgmacros\CGMacros\CGMacros-046\photos\00000025-PHOTO-2025-5-4-14-50-0.jpg
00000037-PHOTO-2025-5-5-11-1-0.jpg,.jpg,0.1972,data\raw\cgmacros\CGMacros\CGMacros-046\photos\00000037-PHOTO-2025-5-5-11-1-0.jpg
00000038-PHOTO-2025-5-5-11-19-0.jpg,.jpg,0.1297,data\raw\cgmacros\CGMacros\CGMacros-046\photos\00000038-PHOTO-2025-5-5-11-19-0.jpg
00000039-PHOTO-2025-5-5-18-57-0.jpg,.jpg,0.1412,data\raw\cgmacros\CGMacros\CGMacros-046\photos\00000039-PHOTO-2025-5-5-18-57-0.jpg
00000040-PHOTO-2025-5-5-19-18-0.jpg,.jpg,0.0944,data\raw\cgmacros\CGMacros\CGMacros-046\photos\00000040-PHOTO-2025-5-5-19-18-0.jpg
00000041-PHOTO-2025-5-5-19-30-0.jpg,.jpg,0.2305,data\raw\cgmacros\CGMacros\CGMacros-046\photos\00000041-PHOTO-2025-5-5-19-30-0.jpg
00000042-PHOTO-2025-5-5-19-36-0.jpg,.jpg,0.2028,data\raw\cgmacros\CGMacros\CGMacros-046\photos\00000042-PHOTO-2025-5-5-19-36-0.jpg
00000043-PHOTO-2025-5-6-7-52-0.jpg,.jpg,0.1011,data\raw\cgmacros\CGMacros\CGMacros-046\photos\00000043-PHOTO-2025-5-6-7-52-0.jpg
00000053-PHOTO-2025-5-6-16-23-0.jpg,.jpg,0.1174,data\raw\cgmacros\CGMacros\CGMacros-046\photos\00000053-PHOTO-2025-5-6-16-23-0.jpg
00000055-PHOTO-2025-5-6-16-28-0.jpg,.jpg,0.1049,data\raw\cgmacros\CGMacros\CGMacros-046\photos\00000055-PHOTO-2025-5-6-16-28-0.jpg
00000056-PHOTO-2025-5-6-16-31-0.jpg,.jpg,0.1155,data\raw\cgmacros\CGMacros\CGMacros-046\photos\00000056-PHOTO-2025-5-6-16-31-0.jpg
00000059-PHOTO-2025-5-6-16-56-0.jpg,.jpg,0.0473,data\raw\cgmacros\CGMacros\CGMacros-046\photos\00000059-PHOTO-2025-5-6-16-56-0.jpg
00000060-PHOTO-2025-5-7-7-55-0.jpg,.jpg,0.101,data\raw\cgmacros\CGMacros\CGMacros-046\photos\00000060-PHOTO-2025-5-7-7-55-0.jpg
00000061-PHOTO-2025-5-7-11-29-0.jpg,.jpg,0.1984,data\raw\cgmacros\CGMacros\CGMacros-046\photos\00000061-PHOTO-2025-5-7-11-29-0.jpg
00000062-PHOTO-2025-5-7-11-32-0.jpg,.jpg,0.2641,data\raw\cgmacros\CGMacros\CGMacros-046\photos\00000062-PHOTO-2025-5-7-11-32-0.jpg
00000063-PHOTO-2025-5-7-17-32-0.jpg,.jpg,0.1285,data\raw\cgmacros\CGMacros\CGMacros-046\photos\00000063-PHOTO-2025-5-7-17-32-0.jpg
00000064-PHOTO-2025-5-7-17-43-0.jpg,.jpg,0.1361,data\raw\cgmacros\CGMacros\CGMacros-046\photos\00000064-PHOTO-2025-5-7-17-43-0.jpg
00000065-PHOTO-2025-5-7-18-33-0.jpg,.jpg,0.0947,data\raw\cgmacros\CGMacros\CGMacros-046\photos\00000065-PHOTO-2025-5-7-18-33-0.jpg
00000066-PHOTO-2025-5-7-18-44-0.jpg,.jpg,0.1423,data\raw\cgmacros\CGMacros\CGMacros-046\photos\00000066-PHOTO-2025-5-7-18-44-0.jpg
00000067-PHOTO-2025-5-8-7-59-0.jpg,.jpg,0.0582,data\raw\cgmacros\CGMacros\CGMacros-046\photos\00000067-PHOTO-2025-5-8-7-59-0.jpg
00000068-PHOTO-2025-5-8-11-43-0.jpg,.jpg,0.14,data\raw\cgmacros\CGMacros\CGMacros-046\photos\00000068-PHOTO-2025-5-8-11-43-0.jpg
00000069-PHOTO-2025-5-8-11-52-0.jpg,.jpg,0.1267,data\raw\cgmacros\CGMacros\CGMacros-046\photos\00000069-PHOTO-2025-5-8-11-52-0.jpg
00000070-PHOTO-2025-5-8-16-10-0.jpg,.jpg,0.1236,data\raw\cgmacros\CGMacros\CGMacros-046\photos\00000070-PHOTO-2025-5-8-16-10-0.jpg
00000071-PHOTO-2025-5-8-16-15-0.jpg,.jpg,0.0535,data\raw\cgmacros\CGMacros\CGMacros-046\photos\00000071-PHOTO-2025-5-8-16-15-0.jpg
00000072-PHOTO-2025-5-9-7-59-0.jpg,.jpg,0.1033,data\raw\cgmacros\CGMacros\CGMacros-046\photos\00000072-PHOTO-2025-5-9-7-59-0.jpg
00000078-PHOTO-2025-5-9-12-23-0.jpg,.jpg,0.1618,data\raw\cgmacros\CGMacros\CGMacros-046\photos\00000078-PHOTO-2025-5-9-12-23-0.jpg
00000079-PHOTO-2025-5-9-12-34-0.jpg,.jpg,0.1928,data\raw\cgmacros\CGMacros\CGMacros-046\photos\00000079-PHOTO-2025-5-9-12-34-0.jpg
00000081-PHOTO-2025-5-9-14-6-0.jpg,.jpg,0.1972,data\raw\cgmacros\CGMacros\CGMacros-046\photos\00000081-PHOTO-2025-5-9-14-6-0.jpg
00000082-PHOTO-2025-5-9-15-4-0.jpg,.jpg,0.1941,data\raw\cgmacros\CGMacros\CGMacros-046\photos\00000082-PHOTO-2025-5-9-15-4-0.jpg
00000083-PHOTO-2025-5-9-15-18-0.jpg,.jpg,0.0993,data\raw\cgmacros\CGMacros\CGMacros-046\photos\00000083-PHOTO-2025-5-9-15-18-0.jpg
00000088-PHOTO-2025-5-10-8-17-0.jpg,.jpg,0.1083,data\raw\cgmacros\CGMacros\CGMacros-046\photos\00000088-PHOTO-2025-5-10-8-17-0.jpg
00000098-PHOTO-2025-5-10-11-46-0.jpg,.jpg,0.1179,data\raw\cgmacros\CGMacros\CGMacros-046\photos\00000098-PHOTO-2025-5-10-11-46-0.jpg
00000099-PHOTO-2025-5-10-11-57-0.jpg,.jpg,0.0763,data\raw\cgmacros\CGMacros\CGMacros-046\photos\00000099-PHOTO-2025-5-10-11-57-0.jpg
00000100-PHOTO-2025-5-10-14-28-0.jpg,.jpg,0.1237,data\raw\cgmacros\CGMacros\CGMacros-046\photos\00000100-PHOTO-2025-5-10-14-28-0.jpg
00000101-PHOTO-2025-5-10-14-38-0.jpg,.jpg,0.1564,data\raw\cgmacros\CGMacros\CGMacros-046\photos\00000101-PHOTO-2025-5-10-14-38-0.jpg
00000105-PHOTO-2025-5-11-8-3-0.jpg,.jpg,0.0931,data\raw\cgmacros\CGMacros\CGMacros-046\photos\00000105-PHOTO-2025-5-11-8-3-0.jpg
00000005-PHOTO-2025-3-25-8-35-0.jpg,.jpg,0.1343,data\raw\cgmacros\CGMacros\CGMacros-045\photos\00000005-PHOTO-2025-3-25-8-35-0.jpg
00000006-PHOTO-2025-3-25-12-6-0.jpg,.jpg,0.2005,data\raw\cgmacros\CGMacros\CGMacros-045\photos\00000006-PHOTO-2025-3-25-12-6-0.jpg
00000007-PHOTO-2025-3-25-12-18-0.jpg,.jpg,0.2373,data\raw\cgmacros\CGMacros\CGMacros-045\photos\00000007-PHOTO-2025-3-25-12-18-0.jpg
00000010-PHOTO-2025-3-26-8-41-0.jpg,.jpg,0.1561,data\raw\cgmacros\CGMacros\CGMacros-045\photos\00000010-PHOTO-2025-3-26-8-41-0.jpg
00000011-PHOTO-2025-3-26-9-5-0.jpg,.jpg,0.196,data\raw\cgmacros\CGMacros\CGMacros-045\photos\00000011-PHOTO-2025-3-26-9-5-0.jpg
00000013-PHOTO-2025-3-26-11-47-0.jpg,.jpg,0.2198,data\raw\cgmacros\CGMacros\CGMacros-045\photos\00000013-PHOTO-2025-3-26-11-47-0.jpg
00000014-PHOTO-2025-3-26-12-8-0.jpg,.jpg,0.1417,data\raw\cgmacros\CGMacros\CGMacros-045\photos\00000014-PHOTO-2025-3-26-12-8-0.jpg
00000015-PHOTO-2025-3-26-20-4-0.jpg,.jpg,0.2415,data\raw\cgmacros\CGMacros\CGMacros-045\photos\00000015-PHOTO-2025-3-26-20-4-0.jpg
00000016-PHOTO-2025-3-26-20-32-0.jpg,.jpg,0.1824,data\raw\cgmacros\CGMacros\CGMacros-045\photos\00000016-PHOTO-2025-3-26-20-32-0.jpg
00000017-PHOTO-2025-3-27-8-55-0.jpg,.jpg,0.1002,data\raw\cgmacros\CGMacros\CGMacros-045\photos\00000017-PHOTO-2025-3-27-8-55-0.jpg
00000021-PHOTO-2025-3-27-12-4-0.jpg,.jpg,0.1993,data\raw\cgmacros\CGMacros\CGMacros-045\photos\00000021-PHOTO-2025-3-27-12-4-0.jpg
00000025-PHOTO-2025-3-27-18-31-0.jpg,.jpg,0.3714,data\raw\cgmacros\CGMacros\CGMacros-045\photos\00000025-PHOTO-2025-3-27-18-31-0.jpg
00000026-PHOTO-2025-3-27-18-38-0.jpg,.jpg,0.3708,data\raw\cgmacros\CGMacros\CGMacros-045\photos\00000026-PHOTO-2025-3-27-18-38-0.jpg
00000027-PHOTO-2025-3-27-22-48-0.jpg,.jpg,0.1558,data\raw\cgmacros\CGMacros\CGMacros-045\photos\00000027-PHOTO-2025-3-27-22-48-0.jpg
00000029-PHOTO-2025-3-28-8-50-0.jpg,.jpg,0.3678,data\raw\cgmacros\CGMacros\CGMacros-045\photos\00000029-PHOTO-2025-3-28-8-50-0.jpg
00000030-PHOTO-2025-3-28-9-10-0.jpg,.jpg,0.2456,data\raw\cgmacros\CGMacros\CGMacros-045\photos\00000030-PHOTO-2025-3-28-9-10-0.jpg
00000032-PHOTO-2025-3-28-13-43-0.jpg,.jpg,0.3565,data\raw\cgmacros\CGMacros\CGMacros-045\photos\00000032-PHOTO-2025-3-28-13-43-0.jpg
00000033-PHOTO-2025-3-28-13-58-0.jpg,.jpg,0.285,data\raw\cgmacros\CGMacros\CGMacros-045\photos\00000033-PHOTO-2025-3-28-13-58-0.jpg
00000034-PHOTO-2025-3-28-17-12-0.jpg,.jpg,0.3644,data\raw\cgmacros\CGMacros\CGMacros-045\photos\00000034-PHOTO-2025-3-28-17-12-0.jpg
00000037-PHOTO-2025-3-28-22-1-0.jpg,.jpg,0.1504,data\raw\cgmacros\CGMacros\CGMacros-045\photos\00000037-PHOTO-2025-3-28-22-1-0.jpg
00000038-PHOTO-2025-3-28-22-28-0.jpg,.jpg,0.1491,data\raw\cgmacros\CGMacros\CGMacros-045\photos\00000038-PHOTO-2025-3-28-22-28-0.jpg
00000039-PHOTO-2025-3-29-8-43-0.jpg,.jpg,0.382,data\raw\cgmacros\CGMacros\CGMacros-045\photos\00000039-PHOTO-2025-3-29-8-43-0.jpg
00000043-PHOTO-2025-3-29-9-10-0.jpg,.jpg,0.2535,data\raw\cgmacros\CGMacros\CGMacros-045\photos\00000043-PHOTO-2025-3-29-9-10-0.jpg
00000044-PHOTO-2025-3-29-12-34-0.jpg,.jpg,0.3608,data\raw\cgmacros\CGMacros\CGMacros-045\photos\00000044-PHOTO-2025-3-29-12-34-0.jpg
00000045-PHOTO-2025-3-29-12-47-0.jpg,.jpg,0.3412,data\raw\cgmacros\CGMacros\CGMacros-045\photos\00000045-PHOTO-2025-3-29-12-47-0.jpg
00000046-PHOTO-2025-3-29-14-14-0.jpg,.jpg,0.2851,data\raw\cgmacros\CGMacros\CGMacros-045\photos\00000046-PHOTO-2025-3-29-14-14-0.jpg
00000047-PHOTO-2025-3-29-21-29-0.jpg,.jpg,0.3304,data\raw\cgmacros\CGMacros\CGMacros-045\photos\00000047-PHOTO-2025-3-29-21-29-0.jpg
00000048-PHOTO-2025-3-30-8-50-0.jpg,.jpg,0.2923,data\raw\cgmacros\CGMacros\CGMacros-045\photos\00000048-PHOTO-2025-3-30-8-50-0.jpg
00000049-PHOTO-2025-3-30-8-58-0.jpg,.jpg,0.2852,data\raw\cgmacros\CGMacros\CGMacros-045\photos\00000049-PHOTO-2025-3-30-8-58-0.jpg
00000050-PHOTO-2025-3-30-12-18-0.jpg,.jpg,0.2076,data\raw\cgmacros\CGMacros\CGMacros-045\photos\00000050-PHOTO-2025-3-30-12-18-0.jpg
00000051-PHOTO-2025-3-30-12-34-0.jpg,.jpg,0.1841,data\raw\cgmacros\CGMacros\CGMacros-045\photos\00000051-PHOTO-2025-3-30-12-34-0.jpg
00000053-PHOTO-2025-3-30-20-16-0.jpg,.jpg,0.291,data\raw\cgmacros\CGMacros\CGMacros-045\photos\00000053-PHOTO-2025-3-30-20-16-0.jpg
00000054-PHOTO-2025-3-31-8-56-0.jpg,.jpg,0.1321,data\raw\cgmacros\CGMacros\CGMacros-045\photos\00000054-PHOTO-2025-3-31-8-56-0.jpg
00000055-PHOTO-2025-3-31-9-50-0.jpg,.jpg,0.1307,data\raw\cgmacros\CGMacros\CGMacros-045\photos\00000055-PHOTO-2025-3-31-9-50-0.jpg
00000056-PHOTO-2025-3-31-12-33-0.jpg,.jpg,0.2109,data\raw\cgmacros\CGMacros\CGMacros-045\photos\00000056-PHOTO-2025-3-31-12-33-0.jpg
00000057-PHOTO-2025-3-31-12-38-0.jpg,.jpg,0.1647,data\raw\cgmacros\CGMacros\CGMacros-045\photos\00000057-PHOTO-2025-3-31-12-38-0.jpg
00000058-PHOTO-2025-4-1-9-5-0.jpg,.jpg,0.3264,data\raw\cgmacros\CGMacros\CGMacros-045\photos\00000058-PHOTO-2025-4-1-9-5-0.jpg
00000060-PHOTO-2025-4-1-9-21-0.jpg,.jpg,0.2863,data\raw\cgmacros\CGMacros\CGMacros-045\photos\00000060-PHOTO-2025-4-1-9-21-0.jpg
00000063-PHOTO-2025-4-1-12-43-0.jpg,.jpg,0.1654,data\raw\cgmacros\CGMacros\CGMacros-045\photos\00000063-PHOTO-2025-4-1-12-43-0.jpg
00000066-PHOTO-2025-4-1-20-34-0.jpg,.jpg,0.133,data\raw\cgmacros\CGMacros\CGMacros-045\photos\00000066-PHOTO-2025-4-1-20-34-0.jpg
00000068-PHOTO-2025-4-1-20-39-0.jpg,.jpg,0.1748,data\raw\cgmacros\CGMacros\CGMacros-045\photos\00000068-PHOTO-2025-4-1-20-39-0.jpg
00000069-PHOTO-2025-4-1-20-39-0.jpg,.jpg,0.1332,data\raw\cgmacros\CGMacros\CGMacros-045\photos\00000069-PHOTO-2025-4-1-20-39-0.jpg
00000072-PHOTO-2025-4-1-20-58-0.jpg,.jpg,0.1747,data\raw\cgmacros\CGMacros\CGMacros-045\photos\00000072-PHOTO-2025-4-1-20-58-0.jpg
00000074-PHOTO-2025-4-2-9-40-0.jpg,.jpg,0.266,data\raw\cgmacros\CGMacros\CGMacros-045\photos\00000074-PHOTO-2025-4-2-9-40-0.jpg
00000075-PHOTO-2025-4-2-10-3-0.jpg,.jpg,0.2584,data\raw\cgmacros\CGMacros\CGMacros-045\photos\00000075-PHOTO-2025-4-2-10-3-0.jpg
00000077-PHOTO-2025-4-2-17-30-0.jpg,.jpg,0.3377,data\raw\cgmacros\CGMacros\CGMacros-045\photos\00000077-PHOTO-2025-4-2-17-30-0.jpg
00000080-PHOTO-2025-4-3-8-46-0.jpg,.jpg,0.1,data\raw\cgmacros\CGMacros\CGMacros-045\photos\00000080-PHOTO-2025-4-3-8-46-0.jpg
00000081-PHOTO-2025-4-3-9-7-0.jpg,.jpg,0.1118,data\raw\cgmacros\CGMacros\CGMacros-045\photos\00000081-PHOTO-2025-4-3-9-7-0.jpg
00000084-PHOTO-2025-4-3-12-16-0.jpg,.jpg,0.2242,data\raw\cgmacros\CGMacros\CGMacros-045\photos\00000084-PHOTO-2025-4-3-12-16-0.jpg
00000086-PHOTO-2025-4-3-16-18-0.jpg,.jpg,0.1673,data\raw\cgmacros\CGMacros\CGMacros-045\photos\00000086-PHOTO-2025-4-3-16-18-0.jpg
00000087-PHOTO-2025-4-4-10-24-0.jpg,.jpg,0.2851,data\raw\cgmacros\CGMacros\CGMacros-045\photos\00000087-PHOTO-2025-4-4-10-24-0.jpg
00000088-PHOTO-2025-4-4-10-24-0.jpg,.jpg,0.2897,data\raw\cgmacros\CGMacros\CGMacros-045\photos\00000088-PHOTO-2025-4-4-10-24-0.jpg
00000007-PHOTO-2022-10-17-9-55-0.jpg,.jpg,0.0959,data\raw\cgmacros\CGMacros\CGMacros-044\photos\00000007-PHOTO-2022-10-17-9-55-0.jpg
00000009-PHOTO-2022-10-17-12-15-0.jpg,.jpg,0.1937,data\raw\cgmacros\CGMacros\CGMacros-044\photos\00000009-PHOTO-2022-10-17-12-15-0.jpg
00000011-PHOTO-2022-10-17-12-41-0.jpg,.jpg,0.2844,data\raw\cgmacros\CGMacros\CGMacros-044\photos\00000011-PHOTO-2022-10-17-12-41-0.jpg
00000013-PHOTO-2022-10-17-19-59-0.jpg,.jpg,0.2042,data\raw\cgmacros\CGMacros\CGMacros-044\photos\00000013-PHOTO-2022-10-17-19-59-0.jpg
00000015-PHOTO-2022-10-17-20-3-0.jpg,.jpg,0.2231,data\raw\cgmacros\CGMacros\CGMacros-044\photos\00000015-PHOTO-2022-10-17-20-3-0.jpg
00000016-PHOTO-2022-10-18-9-59-0.jpg,.jpg,0.1344,data\raw\cgmacros\CGMacros\CGMacros-044\photos\00000016-PHOTO-2022-10-18-9-59-0.jpg
00000018-PHOTO-2022-10-18-10-7-0.jpg,.jpg,0.1638,data\raw\cgmacros\CGMacros\CGMacros-044\photos\00000018-PHOTO-2022-10-18-10-7-0.jpg
00000022-PHOTO-2022-10-18-13-53-0.jpg,.jpg,0.1939,data\raw\cgmacros\CGMacros\CGMacros-044\photos\00000022-PHOTO-2022-10-18-13-53-0.jpg
00000024-PHOTO-2022-10-18-13-57-0.jpg,.jpg,0.272,data\raw\cgmacros\CGMacros\CGMacros-044\photos\00000024-PHOTO-2022-10-18-13-57-0.jpg
00000026-PHOTO-2022-10-18-16-19-0.jpg,.jpg,0.1463,data\raw\cgmacros\CGMacros\CGMacros-044\photos\00000026-PHOTO-2022-10-18-16-19-0.jpg
00000028-PHOTO-2022-10-18-16-35-0.jpg,.jpg,0.1971,data\raw\cgmacros\CGMacros\CGMacros-044\photos\00000028-PHOTO-2022-10-18-16-35-0.jpg
00000030-PHOTO-2022-10-18-17-54-0.jpg,.jpg,0.1963,data\raw\cgmacros\CGMacros\CGMacros-044\photos\00000030-PHOTO-2022-10-18-17-54-0.jpg
00000032-PHOTO-2022-10-18-18-27-0.jpg,.jpg,0.193,data\raw\cgmacros\CGMacros\CGMacros-044\photos\00000032-PHOTO-2022-10-18-18-27-0.jpg
00000033-PHOTO-2022-10-19-8-56-0.jpg,.jpg,0.1978,data\raw\cgmacros\CGMacros\CGMacros-044\photos\00000033-PHOTO-2022-10-19-8-56-0.jpg
00000036-PHOTO-2022-10-19-12-19-0.jpg,.jpg,0.2023,data\raw\cgmacros\CGMacros\CGMacros-044\photos\00000036-PHOTO-2022-10-19-12-19-0.jpg
00000037-PHOTO-2022-10-19-13-0-0.jpg,.jpg,0.1654,data\raw\cgmacros\CGMacros\CGMacros-044\photos\00000037-PHOTO-2022-10-19-13-0-0.jpg
00000038-PHOTO-2022-10-19-16-51-0.jpg,.jpg,0.1184,data\raw\cgmacros\CGMacros\CGMacros-044\photos\00000038-PHOTO-2022-10-19-16-51-0.jpg
00000039-PHOTO-2022-10-19-16-52-0.jpg,.jpg,0.1241,data\raw\cgmacros\CGMacros\CGMacros-044\photos\00000039-PHOTO-2022-10-19-16-52-0.jpg
00000040-PHOTO-2022-10-19-16-55-0.jpg,.jpg,0.1428,data\raw\cgmacros\CGMacros\CGMacros-044\photos\00000040-PHOTO-2022-10-19-16-55-0.jpg
00000041-PHOTO-2022-10-19-17-14-0.jpg,.jpg,0.1351,data\raw\cgmacros\CGMacros\CGMacros-044\photos\00000041-PHOTO-2022-10-19-17-14-0.jpg
00000042-PHOTO-2022-10-19-18-44-0.jpg,.jpg,0.1874,data\raw\cgmacros\CGMacros\CGMacros-044\photos\00000042-PHOTO-2022-10-19-18-44-0.jpg
00000043-PHOTO-2022-10-19-19-28-0.jpg,.jpg,0.1297,data\raw\cgmacros\CGMacros\CGMacros-044\photos\00000043-PHOTO-2022-10-19-19-28-0.jpg
00000046-PHOTO-2022-10-20-9-5-0.jpg,.jpg,0.1329,data\raw\cgmacros\CGMacros\CGMacros-044\photos\00000046-PHOTO-2022-10-20-9-5-0.jpg
00000047-PHOTO-2022-10-20-9-12-0.jpg,.jpg,0.1431,data\raw\cgmacros\CGMacros\CGMacros-044\photos\00000047-PHOTO-2022-10-20-9-12-0.jpg
00000048-PHOTO-2022-10-20-12-31-0.jpg,.jpg,0.1506,data\raw\cgmacros\CGMacros\CGMacros-044\photos\00000048-PHOTO-2022-10-20-12-31-0.jpg
00000049-PHOTO-2022-10-20-12-50-0.jpg,.jpg,0.1444,data\raw\cgmacros\CGMacros\CGMacros-044\photos\00000049-PHOTO-2022-10-20-12-50-0.jpg
00000051-PHOTO-2022-10-20-16-21-0.jpg,.jpg,0.1254,data\raw\cgmacros\CGMacros\CGMacros-044\photos\00000051-PHOTO-2022-10-20-16-21-0.jpg
00000052-PHOTO-2022-10-20-16-36-0.jpg,.jpg,0.1422,data\raw\cgmacros\CGMacros\CGMacros-044\photos\00000052-PHOTO-2022-10-20-16-36-0.jpg
00000053-PHOTO-2022-10-20-17-48-0.jpg,.jpg,0.3363,data\raw\cgmacros\CGMacros\CGMacros-044\photos\00000053-PHOTO-2022-10-20-17-48-0.jpg
00000054-PHOTO-2022-10-20-18-8-0.jpg,.jpg,0.1667,data\raw\cgmacros\CGMacros\CGMacros-044\photos\00000054-PHOTO-2022-10-20-18-8-0.jpg
00000055-PHOTO-2022-10-20-18-11-0.jpg,.jpg,0.1628,data\raw\cgmacros\CGMacros\CGMacros-044\photos\00000055-PHOTO-2022-10-20-18-11-0.jpg
00000056-PHOTO-2022-10-20-21-48-0.jpg,.jpg,0.1511,data\raw\cgmacros\CGMacros\CGMacros-044\photos\00000056-PHOTO-2022-10-20-21-48-0.jpg
00000057-PHOTO-2022-10-20-21-52-0.jpg,.jpg,0.1138,data\raw\cgmacros\CGMacros\CGMacros-044\photos\00000057-PHOTO-2022-10-20-21-52-0.jpg
00000058-PHOTO-2022-10-21-8-11-0.jpg,.jpg,0.1233,data\raw\cgmacros\CGMacros\CGMacros-044\photos\00000058-PHOTO-2022-10-21-8-11-0.jpg
00000059-PHOTO-2022-10-21-8-24-0.jpg,.jpg,0.1949,data\raw\cgmacros\CGMacros\CGMacros-044\photos\00000059-PHOTO-2022-10-21-8-24-0.jpg
00000061-PHOTO-2022-10-21-11-29-0.jpg,.jpg,0.127,data\raw\cgmacros\CGMacros\CGMacros-044\photos\00000061-PHOTO-2022-10-21-11-29-0.jpg
00000062-PHOTO-2022-10-21-11-46-0.jpg,.jpg,0.1622,data\raw\cgmacros\CGMacros\CGMacros-044\photos\00000062-PHOTO-2022-10-21-11-46-0.jpg
00000063-PHOTO-2022-10-21-11-56-0.jpg,.jpg,0.1282,data\raw\cgmacros\CGMacros\CGMacros-044\photos\00000063-PHOTO-2022-10-21-11-56-0.jpg
00000064-PHOTO-2022-10-21-12-15-0.jpg,.jpg,0.2067,data\raw\cgmacros\CGMacros\CGMacros-044\photos\00000064-PHOTO-2022-10-21-12-15-0.jpg
00000065-PHOTO-2022-10-21-17-27-0.jpg,.jpg,0.2274,data\raw\cgmacros\CGMacros\CGMacros-044\photos\00000065-PHOTO-2022-10-21-17-27-0.jpg
00000066-PHOTO-2022-10-21-17-49-0.jpg,.jpg,0.3154,data\raw\cgmacros\CGMacros\CGMacros-044\photos\00000066-PHOTO-2022-10-21-17-49-0.jpg
00000068-PHOTO-2022-10-21-19-36-0.jpg,.jpg,0.152,data\raw\cgmacros\CGMacros\CGMacros-044\photos\00000068-PHOTO-2022-10-21-19-36-0.jpg
00000069-PHOTO-2022-10-21-19-37-0.jpg,.jpg,0.3003,data\raw\cgmacros\CGMacros\CGMacros-044\photos\00000069-PHOTO-2022-10-21-19-37-0.jpg
00000070-PHOTO-2022-10-22-8-8-0.jpg,.jpg,0.2982,data\raw\cgmacros\CGMacros\CGMacros-044\photos\00000070-PHOTO-2022-10-22-8-8-0.jpg
00000071-PHOTO-2022-10-22-8-13-0.jpg,.jpg,0.184,data\raw\cgmacros\CGMacros\CGMacros-044\photos\00000071-PHOTO-2022-10-22-8-13-0.jpg
00000073-PHOTO-2022-10-22-11-24-0.jpg,.jpg,0.1653,data\raw\cgmacros\CGMacros\CGMacros-044\photos\00000073-PHOTO-2022-10-22-11-24-0.jpg
00000076-PHOTO-2022-10-22-11-45-0.jpg,.jpg,0.1976,data\raw\cgmacros\CGMacros\CGMacros-044\photos\00000076-PHOTO-2022-10-22-11-45-0.jpg
00000077-PHOTO-2022-10-22-23-22-0.jpg,.jpg,0.1336,data\raw\cgmacros\CGMacros\CGMacros-044\photos\00000077-PHOTO-2022-10-22-23-22-0.jpg
00000079-PHOTO-2022-10-23-6-24-0.jpg,.jpg,0.1403,data\raw\cgmacros\CGMacros\CGMacros-044\photos\00000079-PHOTO-2022-10-23-6-24-0.jpg
00000080-PHOTO-2022-10-23-9-15-0.jpg,.jpg,0.2808,data\raw\cgmacros\CGMacros\CGMacros-044\photos\00000080-PHOTO-2022-10-23-9-15-0.jpg
00000082-PHOTO-2022-10-23-9-37-0.jpg,.jpg,0.0882,data\raw\cgmacros\CGMacros\CGMacros-044\photos\00000082-PHOTO-2022-10-23-9-37-0.jpg
00000086-PHOTO-2022-10-23-10-53-0.jpg,.jpg,0.2593,data\raw\cgmacros\CGMacros\CGMacros-044\photos\00000086-PHOTO-2022-10-23-10-53-0.jpg
00000088-PHOTO-2022-10-23-11-5-0.jpg,.jpg,0.4183,data\raw\cgmacros\CGMacros\CGMacros-044\photos\00000088-PHOTO-2022-10-23-11-5-0.jpg
00000089-PHOTO-2022-10-23-16-13-0.jpg,.jpg,0.3735,data\raw\cgmacros\CGMacros\CGMacros-044\photos\00000089-PHOTO-2022-10-23-16-13-0.jpg
00000090-PHOTO-2022-10-23-16-31-0.jpg,.jpg,0.3251,data\raw\cgmacros\CGMacros\CGMacros-044\photos\00000090-PHOTO-2022-10-23-16-31-0.jpg
00000091-PHOTO-2022-10-23-20-38-0.jpg,.jpg,0.1816,data\raw\cgmacros\CGMacros\CGMacros-044\photos\00000091-PHOTO-2022-10-23-20-38-0.jpg
00000092-PHOTO-2022-10-23-21-14-0.jpg,.jpg,0.132,data\raw\cgmacros\CGMacros\CGMacros-044\photos\00000092-PHOTO-2022-10-23-21-14-0.jpg
00000093-PHOTO-2022-10-24-7-49-0.jpg,.jpg,0.1542,data\raw\cgmacros\CGMacros\CGMacros-044\photos\00000093-PHOTO-2022-10-24-7-49-0.jpg
00000094-PHOTO-2022-10-24-8-5-0.jpg,.jpg,0.2795,data\raw\cgmacros\CGMacros\CGMacros-044\photos\00000094-PHOTO-2022-10-24-8-5-0.jpg
00000100-PHOTO-2022-10-24-12-6-0.jpg,.jpg,0.316,data\raw\cgmacros\CGMacros\CGMacros-044\photos\00000100-PHOTO-2022-10-24-12-6-0.jpg
00000102-PHOTO-2022-10-24-12-50-0.jpg,.jpg,0.3918,data\raw\cgmacros\CGMacros\CGMacros-044\photos\00000102-PHOTO-2022-10-24-12-50-0.jpg
00000103-PHOTO-2022-10-24-15-25-0.jpg,.jpg,0.1731,data\raw\cgmacros\CGMacros\CGMacros-044\photos\00000103-PHOTO-2022-10-24-15-25-0.jpg
00000104-PHOTO-2022-10-24-15-27-0.jpg,.jpg,0.1778,data\raw\cgmacros\CGMacros\CGMacros-044\photos\00000104-PHOTO-2022-10-24-15-27-0.jpg
00000106-PHOTO-2022-10-24-16-22-0.jpg,.jpg,0.1852,data\raw\cgmacros\CGMacros\CGMacros-044\photos\00000106-PHOTO-2022-10-24-16-22-0.jpg
00000107-PHOTO-2022-10-24-16-31-0.jpg,.jpg,0.1457,data\raw\cgmacros\CGMacros\CGMacros-044\photos\00000107-PHOTO-2022-10-24-16-31-0.jpg
00000108-PHOTO-2022-10-25-7-45-0.jpg,.jpg,0.1697,data\raw\cgmacros\CGMacros\CGMacros-044\photos\00000108-PHOTO-2022-10-25-7-45-0.jpg
00000109-PHOTO-2022-10-25-8-1-0.jpg,.jpg,0.2685,data\raw\cgmacros\CGMacros\CGMacros-044\photos\00000109-PHOTO-2022-10-25-8-1-0.jpg
00000110-PHOTO-2022-10-25-11-4-0.jpg,.jpg,0.2538,data\raw\cgmacros\CGMacros\CGMacros-044\photos\00000110-PHOTO-2022-10-25-11-4-0.jpg
00000112-PHOTO-2022-10-25-11-30-0.jpg,.jpg,0.2887,data\raw\cgmacros\CGMacros\CGMacros-044\photos\00000112-PHOTO-2022-10-25-11-30-0.jpg
00000113-PHOTO-2022-10-25-16-42-0.jpg,.jpg,0.3041,data\raw\cgmacros\CGMacros\CGMacros-044\photos\00000113-PHOTO-2022-10-25-16-42-0.jpg
00000114-PHOTO-2022-10-25-17-24-0.jpg,.jpg,0.4103,data\raw\cgmacros\CGMacros\CGMacros-044\photos\00000114-PHOTO-2022-10-25-17-24-0.jpg
00000115-PHOTO-2022-10-25-20-36-0.jpg,.jpg,0.1232,data\raw\cgmacros\CGMacros\CGMacros-044\photos\00000115-PHOTO-2022-10-25-20-36-0.jpg
00000116-PHOTO-2022-10-25-20-43-0.jpg,.jpg,0.0569,data\raw\cgmacros\CGMacros\CGMacros-044\photos\00000116-PHOTO-2022-10-25-20-43-0.jpg
00000117-PHOTO-2022-10-25-21-51-0.jpg,.jpg,0.2051,data\raw\cgmacros\CGMacros\CGMacros-044\photos\00000117-PHOTO-2022-10-25-21-51-0.jpg
00000119-PHOTO-2022-10-25-21-58-0.jpg,.jpg,0.3424,data\raw\cgmacros\CGMacros\CGMacros-044\photos\00000119-PHOTO-2022-10-25-21-58-0.jpg
00000120-PHOTO-2022-10-26-7-45-0.jpg,.jpg,0.2629,data\raw\cgmacros\CGMacros\CGMacros-044\photos\00000120-PHOTO-2022-10-26-7-45-0.jpg
00000122-PHOTO-2022-10-26-7-55-0.jpg,.jpg,0.2439,data\raw\cgmacros\CGMacros\CGMacros-044\photos\00000122-PHOTO-2022-10-26-7-55-0.jpg
00000129-PHOTO-2022-10-26-12-24-0.jpg,.jpg,0.1618,data\raw\cgmacros\CGMacros\CGMacros-044\photos\00000129-PHOTO-2022-10-26-12-24-0.jpg
00000131-PHOTO-2022-10-26-12-34-0.jpg,.jpg,0.1439,data\raw\cgmacros\CGMacros\CGMacros-044\photos\00000131-PHOTO-2022-10-26-12-34-0.jpg
00000132-PHOTO-2022-10-26-13-3-0.jpg,.jpg,0.1868,data\raw\cgmacros\CGMacros\CGMacros-044\photos\00000132-PHOTO-2022-10-26-13-3-0.jpg
00000133-PHOTO-2022-10-26-13-18-0.jpg,.jpg,0.1439,data\raw\cgmacros\CGMacros\CGMacros-044\photos\00000133-PHOTO-2022-10-26-13-18-0.jpg
00000134-PHOTO-2022-10-26-16-22-0.jpg,.jpg,0.3375,data\raw\cgmacros\CGMacros\CGMacros-044\photos\00000134-PHOTO-2022-10-26-16-22-0.jpg
00000135-PHOTO-2022-10-26-16-43-0.jpg,.jpg,0.2458,data\raw\cgmacros\CGMacros\CGMacros-044\photos\00000135-PHOTO-2022-10-26-16-43-0.jpg
00000136-PHOTO-2022-10-26-17-5-0.jpg,.jpg,0.3788,data\raw\cgmacros\CGMacros\CGMacros-044\photos\00000136-PHOTO-2022-10-26-17-5-0.jpg
00000137-PHOTO-2022-10-26-17-44-0.jpg,.jpg,0.3309,data\raw\cgmacros\CGMacros\CGMacros-044\photos\00000137-PHOTO-2022-10-26-17-44-0.jpg
00000138-PHOTO-2022-10-27-8-58-0.jpg,.jpg,0.2769,data\raw\cgmacros\CGMacros\CGMacros-044\photos\00000138-PHOTO-2022-10-27-8-58-0.jpg
00000139-PHOTO-2022-10-27-9-5-0.jpg,.jpg,0.2283,data\raw\cgmacros\CGMacros\CGMacros-044\photos\00000139-PHOTO-2022-10-27-9-5-0.jpg
00000004-PHOTO-2025-10-14-8-4-0.jpg,.jpg,0.1254,data\raw\cgmacros\CGMacros\CGMacros-043\photos\00000004-PHOTO-2025-10-14-8-4-0.jpg
00000008-PHOTO-2025-10-14-13-4-0.jpg,.jpg,0.1472,data\raw\cgmacros\CGMacros\CGMacros-043\photos\00000008-PHOTO-2025-10-14-13-4-0.jpg
00000011-PHOTO-2025-10-14-17-9-0.jpg,.jpg,0.1572,data\raw\cgmacros\CGMacros\CGMacros-043\photos\00000011-PHOTO-2025-10-14-17-9-0.jpg
00000012-PHOTO-2025-10-14-17-21-0.jpg,.jpg,0.0816,data\raw\cgmacros\CGMacros\CGMacros-043\photos\00000012-PHOTO-2025-10-14-17-21-0.jpg
00000013-PHOTO-2025-10-14-17-22-0.jpg,.jpg,0.1477,data\raw\cgmacros\CGMacros\CGMacros-043\photos\00000013-PHOTO-2025-10-14-17-22-0.jpg
00000014-PHOTO-2025-10-14-17-25-0.jpg,.jpg,0.062,data\raw\cgmacros\CGMacros\CGMacros-043\photos\00000014-PHOTO-2025-10-14-17-25-0.jpg
00000016-PHOTO-2025-10-14-22-12-0.jpg,.jpg,0.235,data\raw\cgmacros\CGMacros\CGMacros-043\photos\00000016-PHOTO-2025-10-14-22-12-0.jpg
00000018-PHOTO-2025-10-14-22-27-0.jpg,.jpg,0.1112,data\raw\cgmacros\CGMacros\CGMacros-043\photos\00000018-PHOTO-2025-10-14-22-27-0.jpg
00000019-PHOTO-2025-10-14-22-27-0.jpg,.jpg,0.0924,data\raw\cgmacros\CGMacros\CGMacros-043\photos\00000019-PHOTO-2025-10-14-22-27-0.jpg
00000020-PHOTO-2025-10-14-22-32-0.jpg,.jpg,0.3271,data\raw\cgmacros\CGMacros\CGMacros-043\photos\00000020-PHOTO-2025-10-14-22-32-0.jpg
00000021-PHOTO-2025-10-15-8-3-0.jpg,.jpg,0.1954,data\raw\cgmacros\CGMacros\CGMacros-043\photos\00000021-PHOTO-2025-10-15-8-3-0.jpg
00000022-PHOTO-2025-10-15-8-27-0.jpg,.jpg,0.1346,data\raw\cgmacros\CGMacros\CGMacros-043\photos\00000022-PHOTO-2025-10-15-8-27-0.jpg
00000025-PHOTO-2025-10-15-9-57-0.jpg,.jpg,0.2921,data\raw\cgmacros\CGMacros\CGMacros-043\photos\00000025-PHOTO-2025-10-15-9-57-0.jpg
00000028-PHOTO-2025-10-15-12-52-0.jpg,.jpg,0.2443,data\raw\cgmacros\CGMacros\CGMacros-043\photos\00000028-PHOTO-2025-10-15-12-52-0.jpg
00000029-PHOTO-2025-10-15-13-14-0.jpg,.jpg,0.3446,data\raw\cgmacros\CGMacros\CGMacros-043\photos\00000029-PHOTO-2025-10-15-13-14-0.jpg
00000030-PHOTO-2025-10-15-16-46-0.jpg,.jpg,0.0649,data\raw\cgmacros\CGMacros\CGMacros-043\photos\00000030-PHOTO-2025-10-15-16-46-0.jpg
00000032-PHOTO-2025-10-15-17-20-0.jpg,.jpg,0.3205,data\raw\cgmacros\CGMacros\CGMacros-043\photos\00000032-PHOTO-2025-10-15-17-20-0.jpg
00000033-PHOTO-2025-10-15-17-44-0.jpg,.jpg,0.2869,data\raw\cgmacros\CGMacros\CGMacros-043\photos\00000033-PHOTO-2025-10-15-17-44-0.jpg
00000034-PHOTO-2025-10-15-17-48-0.jpg,.jpg,0.3065,data\raw\cgmacros\CGMacros\CGMacros-043\photos\00000034-PHOTO-2025-10-15-17-48-0.jpg
00000035-PHOTO-2025-10-15-18-10-0.jpg,.jpg,0.0903,data\raw\cgmacros\CGMacros\CGMacros-043\photos\00000035-PHOTO-2025-10-15-18-10-0.jpg
00000036-PHOTO-2025-10-15-18-17-0.jpg,.jpg,0.038,data\raw\cgmacros\CGMacros\CGMacros-043\photos\00000036-PHOTO-2025-10-15-18-17-0.jpg
00000037-PHOTO-2025-10-15-21-5-0.jpg,.jpg,0.2549,data\raw\cgmacros\CGMacros\CGMacros-043\photos\00000037-PHOTO-2025-10-15-21-5-0.jpg
00000038-PHOTO-2025-10-15-21-20-0.jpg,.jpg,0.134,data\raw\cgmacros\CGMacros\CGMacros-043\photos\00000038-PHOTO-2025-10-15-21-20-0.jpg
00000039-PHOTO-2025-10-15-21-20-0.jpg,.jpg,0.1384,data\raw\cgmacros\CGMacros\CGMacros-043\photos\00000039-PHOTO-2025-10-15-21-20-0.jpg
00000041-PHOTO-2025-10-15-21-28-0.jpg,.jpg,0.1625,data\raw\cgmacros\CGMacros\CGMacros-043\photos\00000041-PHOTO-2025-10-15-21-28-0.jpg
00000042-PHOTO-2025-10-16-7-48-0.jpg,.jpg,0.1873,data\raw\cgmacros\CGMacros\CGMacros-043\photos\00000042-PHOTO-2025-10-16-7-48-0.jpg
00000043-PHOTO-2025-10-16-8-15-0.jpg,.jpg,0.1114,data\raw\cgmacros\CGMacros\CGMacros-043\photos\00000043-PHOTO-2025-10-16-8-15-0.jpg
00000045-PHOTO-2025-10-16-12-51-0.jpg,.jpg,0.2397,data\raw\cgmacros\CGMacros\CGMacros-043\photos\00000045-PHOTO-2025-10-16-12-51-0.jpg
00000046-PHOTO-2025-10-16-13-11-0.jpg,.jpg,0.365,data\raw\cgmacros\CGMacros\CGMacros-043\photos\00000046-PHOTO-2025-10-16-13-11-0.jpg
00000048-PHOTO-2025-10-16-17-23-0.jpg,.jpg,0.1608,data\raw\cgmacros\CGMacros\CGMacros-043\photos\00000048-PHOTO-2025-10-16-17-23-0.jpg
00000049-PHOTO-2025-10-16-17-42-0.jpg,.jpg,0.3047,data\raw\cgmacros\CGMacros\CGMacros-043\photos\00000049-PHOTO-2025-10-16-17-42-0.jpg
00000050-PHOTO-2025-10-16-17-43-0.jpg,.jpg,0.3459,data\raw\cgmacros\CGMacros\CGMacros-043\photos\00000050-PHOTO-2025-10-16-17-43-0.jpg
00000051-PHOTO-2025-10-16-17-52-0.jpg,.jpg,0.2452,data\raw\cgmacros\CGMacros\CGMacros-043\photos\00000051-PHOTO-2025-10-16-17-52-0.jpg
00000052-PHOTO-2025-10-16-22-16-0.jpg,.jpg,0.3786,data\raw\cgmacros\CGMacros\CGMacros-043\photos\00000052-PHOTO-2025-10-16-22-16-0.jpg
00000053-PHOTO-2025-10-16-22-36-0.jpg,.jpg,0.3099,data\raw\cgmacros\CGMacros\CGMacros-043\photos\00000053-PHOTO-2025-10-16-22-36-0.jpg
00000054-PHOTO-2025-10-17-8-1-0.jpg,.jpg,0.1996,data\raw\cgmacros\CGMacros\CGMacros-043\photos\00000054-PHOTO-2025-10-17-8-1-0.jpg
00000055-PHOTO-2025-10-17-8-30-0.jpg,.jpg,0.144,data\raw\cgmacros\CGMacros\CGMacros-043\photos\00000055-PHOTO-2025-10-17-8-30-0.jpg
00000056-PHOTO-2025-10-17-12-48-0.jpg,.jpg,0.1842,data\raw\cgmacros\CGMacros\CGMacros-043\photos\00000056-PHOTO-2025-10-17-12-48-0.jpg
00000057-PHOTO-2025-10-17-12-58-0.jpg,.jpg,0.2566,data\raw\cgmacros\CGMacros\CGMacros-043\photos\00000057-PHOTO-2025-10-17-12-58-0.jpg
00000058-PHOTO-2025-10-17-16-13-0.jpg,.jpg,0.2523,data\raw\cgmacros\CGMacros\CGMacros-043\photos\00000058-PHOTO-2025-10-17-16-13-0.jpg
00000059-PHOTO-2025-10-17-16-18-0.jpg,.jpg,0.317,data\raw\cgmacros\CGMacros\CGMacros-043\photos\00000059-PHOTO-2025-10-17-16-18-0.jpg
00000060-PHOTO-2025-10-17-18-37-0.jpg,.jpg,0.2,data\raw\cgmacros\CGMacros\CGMacros-043\photos\00000060-PHOTO-2025-10-17-18-37-0.jpg
00000061-PHOTO-2025-10-17-19-2-0.jpg,.jpg,0.1849,data\raw\cgmacros\CGMacros\CGMacros-043\photos\00000061-PHOTO-2025-10-17-19-2-0.jpg
00000062-PHOTO-2025-10-17-19-22-0.jpg,.jpg,0.1061,data\raw\cgmacros\CGMacros\CGMacros-043\photos\00000062-PHOTO-2025-10-17-19-22-0.jpg
00000063-PHOTO-2025-10-17-19-32-0.jpg,.jpg,0.1031,data\raw\cgmacros\CGMacros\CGMacros-043\photos\00000063-PHOTO-2025-10-17-19-32-0.jpg
00000064-PHOTO-2025-10-17-22-58-0.jpg,.jpg,0.1457,data\raw\cgmacros\CGMacros\CGMacros-043\photos\00000064-PHOTO-2025-10-17-22-58-0.jpg
00000065-PHOTO-2025-10-17-22-59-0.jpg,.jpg,0.3446,data\raw\cgmacros\CGMacros\CGMacros-043\photos\00000065-PHOTO-2025-10-17-22-59-0.jpg
00000066-PHOTO-2025-10-18-8-51-0.jpg,.jpg,0.1495,data\raw\cgmacros\CGMacros\CGMacros-043\photos\00000066-PHOTO-2025-10-18-8-51-0.jpg
00000067-PHOTO-2025-10-18-9-8-0.jpg,.jpg,0.168,data\raw\cgmacros\CGMacros\CGMacros-043\photos\00000067-PHOTO-2025-10-18-9-8-0.jpg
00000068-PHOTO-2025-10-18-12-34-0.jpg,.jpg,0.2123,data\raw\cgmacros\CGMacros\CGMacros-043\photos\00000068-PHOTO-2025-10-18-12-34-0.jpg
00000069-PHOTO-2025-10-18-15-2-0.jpg,.jpg,0.1436,data\raw\cgmacros\CGMacros\CGMacros-043\photos\00000069-PHOTO-2025-10-18-15-2-0.jpg
00000072-PHOTO-2025-10-18-16-0-0.jpg,.jpg,0.1912,data\raw\cgmacros\CGMacros\CGMacros-043\photos\00000072-PHOTO-2025-10-18-16-0-0.jpg
00000074-PHOTO-2025-10-18-16-17-0.jpg,.jpg,0.1844,data\raw\cgmacros\CGMacros\CGMacros-043\photos\00000074-PHOTO-2025-10-18-16-17-0.jpg
00000076-PHOTO-2025-10-18-19-15-0.jpg,.jpg,0.2028,data\raw\cgmacros\CGMacros\CGMacros-043\photos\00000076-PHOTO-2025-10-18-19-15-0.jpg
00000077-PHOTO-2025-10-18-19-31-0.jpg,.jpg,0.4352,data\raw\cgmacros\CGMacros\CGMacros-043\photos\00000077-PHOTO-2025-10-18-19-31-0.jpg
00000078-PHOTO-2025-10-18-21-34-0.jpg,.jpg,0.1998,data\raw\cgmacros\CGMacros\CGMacros-043\photos\00000078-PHOTO-2025-10-18-21-34-0.jpg
00000079-PHOTO-2025-10-18-21-49-0.jpg,.jpg,0.1889,data\raw\cgmacros\CGMacros\CGMacros-043\photos\00000079-PHOTO-2025-10-18-21-49-0.jpg
00000080-PHOTO-2025-10-18-21-50-0.jpg,.jpg,0.2594,data\raw\cgmacros\CGMacros\CGMacros-043\photos\00000080-PHOTO-2025-10-18-21-50-0.jpg
00000081-PHOTO-2025-10-18-22-3-0.jpg,.jpg,0.1479,data\raw\cgmacros\CGMacros\CGMacros-043\photos\00000081-PHOTO-2025-10-18-22-3-0.jpg
00000082-PHOTO-2025-10-18-22-3-0.jpg,.jpg,0.2162,data\raw\cgmacros\CGMacros\CGMacros-043\photos\00000082-PHOTO-2025-10-18-22-3-0.jpg
00000083-PHOTO-2025-10-18-22-10-0.jpg,.jpg,0.1273,data\raw\cgmacros\CGMacros\CGMacros-043\photos\00000083-PHOTO-2025-10-18-22-10-0.jpg
00000084-PHOTO-2025-10-19-9-2-0.jpg,.jpg,0.229,data\raw\cgmacros\CGMacros\CGMacros-043\photos\00000084-PHOTO-2025-10-19-9-2-0.jpg
00000085-PHOTO-2025-10-19-9-17-0.jpg,.jpg,0.2705,data\raw\cgmacros\CGMacros\CGMacros-043\photos\00000085-PHOTO-2025-10-19-9-17-0.jpg
00000088-PHOTO-2025-10-19-12-38-0.jpg,.jpg,0.2794,data\raw\cgmacros\CGMacros\CGMacros-043\photos\00000088-PHOTO-2025-10-19-12-38-0.jpg
00000089-PHOTO-2025-10-19-12-58-0.jpg,.jpg,0.3676,data\raw\cgmacros\CGMacros\CGMacros-043\photos\00000089-PHOTO-2025-10-19-12-58-0.jpg
00000090-PHOTO-2025-10-19-17-7-0.jpg,.jpg,0.2165,data\raw\cgmacros\CGMacros\CGMacros-043\photos\00000090-PHOTO-2025-10-19-17-7-0.jpg
00000091-PHOTO-2025-10-19-17-16-0.jpg,.jpg,0.1064,data\raw\cgmacros\CGMacros\CGMacros-043\photos\00000091-PHOTO-2025-10-19-17-16-0.jpg
00000092-PHOTO-2025-10-19-19-53-0.jpg,.jpg,0.2949,data\raw\cgmacros\CGMacros\CGMacros-043\photos\00000092-PHOTO-2025-10-19-19-53-0.jpg
00000093-PHOTO-2025-10-19-20-3-0.jpg,.jpg,0.2626,data\raw\cgmacros\CGMacros\CGMacros-043\photos\00000093-PHOTO-2025-10-19-20-3-0.jpg
00000094-PHOTO-2025-10-19-21-24-0.jpg,.jpg,0.1631,data\raw\cgmacros\CGMacros\CGMacros-043\photos\00000094-PHOTO-2025-10-19-21-24-0.jpg
00000095-PHOTO-2025-10-19-21-56-0.jpg,.jpg,0.1437,data\raw\cgmacros\CGMacros\CGMacros-043\photos\00000095-PHOTO-2025-10-19-21-56-0.jpg
00000097-PHOTO-2025-10-19-23-6-0.jpg,.jpg,0.1931,data\raw\cgmacros\CGMacros\CGMacros-043\photos\00000097-PHOTO-2025-10-19-23-6-0.jpg
00000099-PHOTO-2025-10-19-23-14-0.jpg,.jpg,0.045,data\raw\cgmacros\CGMacros\CGMacros-043\photos\00000099-PHOTO-2025-10-19-23-14-0.jpg
00000100-PHOTO-2025-10-20-8-0-0.jpg,.jpg,0.2407,data\raw\cgmacros\CGMacros\CGMacros-043\photos\00000100-PHOTO-2025-10-20-8-0-0.jpg
00000101-PHOTO-2025-10-20-8-15-0.jpg,.jpg,0.2471,data\raw\cgmacros\CGMacros\CGMacros-043\photos\00000101-PHOTO-2025-10-20-8-15-0.jpg
00000103-PHOTO-2025-10-20-12-44-0.jpg,.jpg,0.2477,data\raw\cgmacros\CGMacros\CGMacros-043\photos\00000103-PHOTO-2025-10-20-12-44-0.jpg
00000104-PHOTO-2025-10-20-12-56-0.jpg,.jpg,0.2378,data\raw\cgmacros\CGMacros\CGMacros-043\photos\00000104-PHOTO-2025-10-20-12-56-0.jpg
00000105-PHOTO-2025-10-20-16-41-0.jpg,.jpg,0.4335,data\raw\cgmacros\CGMacros\CGMacros-043\photos\00000105-PHOTO-2025-10-20-16-41-0.jpg
00000106-PHOTO-2025-10-20-16-57-0.jpg,.jpg,0.2759,data\raw\cgmacros\CGMacros\CGMacros-043\photos\00000106-PHOTO-2025-10-20-16-57-0.jpg
00000107-PHOTO-2025-10-20-16-59-0.jpg,.jpg,0.2994,data\raw\cgmacros\CGMacros\CGMacros-043\photos\00000107-PHOTO-2025-10-20-16-59-0.jpg
00000108-PHOTO-2025-10-20-17-10-0.jpg,.jpg,0.1297,data\raw\cgmacros\CGMacros\CGMacros-043\photos\00000108-PHOTO-2025-10-20-17-10-0.jpg
00000109-PHOTO-2025-10-20-22-17-0.jpg,.jpg,0.3873,data\raw\cgmacros\CGMacros\CGMacros-043\photos\00000109-PHOTO-2025-10-20-22-17-0.jpg
00000110-PHOTO-2025-10-20-22-32-0.jpg,.jpg,0.2899,data\raw\cgmacros\CGMacros\CGMacros-043\photos\00000110-PHOTO-2025-10-20-22-32-0.jpg
00000111-PHOTO-2025-10-20-22-34-0.jpg,.jpg,0.2467,data\raw\cgmacros\CGMacros\CGMacros-043\photos\00000111-PHOTO-2025-10-20-22-34-0.jpg
00000112-PHOTO-2025-10-20-22-42-0.jpg,.jpg,0.2553,data\raw\cgmacros\CGMacros\CGMacros-043\photos\00000112-PHOTO-2025-10-20-22-42-0.jpg
00000113-PHOTO-2025-10-21-7-51-0.jpg,.jpg,0.1287,data\raw\cgmacros\CGMacros\CGMacros-043\photos\00000113-PHOTO-2025-10-21-7-51-0.jpg
00000114-PHOTO-2025-10-21-8-7-0.jpg,.jpg,0.2342,data\raw\cgmacros\CGMacros\CGMacros-043\photos\00000114-PHOTO-2025-10-21-8-7-0.jpg
00000115-PHOTO-2025-10-21-12-50-0.jpg,.jpg,0.1918,data\raw\cgmacros\CGMacros\CGMacros-043\photos\00000115-PHOTO-2025-10-21-12-50-0.jpg
00000116-PHOTO-2025-10-21-13-7-0.jpg,.jpg,0.4237,data\raw\cgmacros\CGMacros\CGMacros-043\photos\00000116-PHOTO-2025-10-21-13-7-0.jpg
00000117-PHOTO-2025-10-21-16-56-0.jpg,.jpg,0.2862,data\raw\cgmacros\CGMacros\CGMacros-043\photos\00000117-PHOTO-2025-10-21-16-56-0.jpg
00000118-PHOTO-2025-10-21-17-12-0.jpg,.jpg,0.308,data\raw\cgmacros\CGMacros\CGMacros-043\photos\00000118-PHOTO-2025-10-21-17-12-0.jpg
00000119-PHOTO-2025-10-21-17-29-0.jpg,.jpg,0.2576,data\raw\cgmacros\CGMacros\CGMacros-043\photos\00000119-PHOTO-2025-10-21-17-29-0.jpg
00000120-PHOTO-2025-10-21-18-4-0.jpg,.jpg,0.4907,data\raw\cgmacros\CGMacros\CGMacros-043\photos\00000120-PHOTO-2025-10-21-18-4-0.jpg
00000121-PHOTO-2025-10-21-21-15-0.jpg,.jpg,0.0987,data\raw\cgmacros\CGMacros\CGMacros-043\photos\00000121-PHOTO-2025-10-21-21-15-0.jpg
00000122-PHOTO-2025-10-21-22-46-0.jpg,.jpg,0.2755,data\raw\cgmacros\CGMacros\CGMacros-043\photos\00000122-PHOTO-2025-10-21-22-46-0.jpg
00000124-PHOTO-2025-10-21-22-47-0.jpg,.jpg,0.1562,data\raw\cgmacros\CGMacros\CGMacros-043\photos\00000124-PHOTO-2025-10-21-22-47-0.jpg
00000125-PHOTO-2025-10-21-22-47-0.jpg,.jpg,0.2615,data\raw\cgmacros\CGMacros\CGMacros-043\photos\00000125-PHOTO-2025-10-21-22-47-0.jpg
00000126-PHOTO-2025-10-21-22-57-0.jpg,.jpg,0.069,data\raw\cgmacros\CGMacros\CGMacros-043\photos\00000126-PHOTO-2025-10-21-22-57-0.jpg
00000127-PHOTO-2025-10-21-23-0-0.jpg,.jpg,0.2283,data\raw\cgmacros\CGMacros\CGMacros-043\photos\00000127-PHOTO-2025-10-21-23-0-0.jpg
00000128-PHOTO-2025-10-22-8-3-0.jpg,.jpg,0.1857,data\raw\cgmacros\CGMacros\CGMacros-043\photos\00000128-PHOTO-2025-10-22-8-3-0.jpg
00000129-PHOTO-2025-10-22-8-41-0.jpg,.jpg,0.2079,data\raw\cgmacros\CGMacros\CGMacros-043\photos\00000129-PHOTO-2025-10-22-8-41-0.jpg
00000130-PHOTO-2025-10-22-14-17-0.jpg,.jpg,0.3103,data\raw\cgmacros\CGMacros\CGMacros-043\photos\00000130-PHOTO-2025-10-22-14-17-0.jpg
00000131-PHOTO-2025-10-22-14-35-0.jpg,.jpg,0.3542,data\raw\cgmacros\CGMacros\CGMacros-043\photos\00000131-PHOTO-2025-10-22-14-35-0.jpg
00000133-PHOTO-2025-10-22-17-48-0.jpg,.jpg,0.2071,data\raw\cgmacros\CGMacros\CGMacros-043\photos\00000133-PHOTO-2025-10-22-17-48-0.jpg
00000134-PHOTO-2025-10-22-21-0-0.jpg,.jpg,0.2466,data\raw\cgmacros\CGMacros\CGMacros-043\photos\00000134-PHOTO-2025-10-22-21-0-0.jpg
00000136-PHOTO-2025-10-22-21-1-0.jpg,.jpg,0.3522,data\raw\cgmacros\CGMacros\CGMacros-043\photos\00000136-PHOTO-2025-10-22-21-1-0.jpg
00000138-PHOTO-2025-10-22-21-27-0.jpg,.jpg,0.3342,data\raw\cgmacros\CGMacros\CGMacros-043\photos\00000138-PHOTO-2025-10-22-21-27-0.jpg
00000139-PHOTO-2025-10-22-21-34-0.jpg,.jpg,0.233,data\raw\cgmacros\CGMacros\CGMacros-043\photos\00000139-PHOTO-2025-10-22-21-34-0.jpg
00000140-PHOTO-2025-10-22-21-44-0.jpg,.jpg,0.2936,data\raw\cgmacros\CGMacros\CGMacros-043\photos\00000140-PHOTO-2025-10-22-21-44-0.jpg
00000143-PHOTO-2025-10-23-8-8-0.jpg,.jpg,0.2734,data\raw\cgmacros\CGMacros\CGMacros-043\photos\00000143-PHOTO-2025-10-23-8-8-0.jpg
00000144-PHOTO-2025-10-23-8-10-0.jpg,.jpg,0.3534,data\raw\cgmacros\CGMacros\CGMacros-043\photos\00000144-PHOTO-2025-10-23-8-10-0.jpg
00000145-PHOTO-2025-10-23-8-32-0.jpg,.jpg,0.2548,data\raw\cgmacros\CGMacros\CGMacros-043\photos\00000145-PHOTO-2025-10-23-8-32-0.jpg
00000146-PHOTO-2025-10-23-12-52-0.jpg,.jpg,0.358,data\raw\cgmacros\CGMacros\CGMacros-043\photos\00000146-PHOTO-2025-10-23-12-52-0.jpg
00000147-PHOTO-2025-10-23-13-8-0.jpg,.jpg,0.3625,data\raw\cgmacros\CGMacros\CGMacros-043\photos\00000147-PHOTO-2025-10-23-13-8-0.jpg
00000148-PHOTO-2025-10-23-13-9-0.jpg,.jpg,0.4096,data\raw\cgmacros\CGMacros\CGMacros-043\photos\00000148-PHOTO-2025-10-23-13-9-0.jpg
00000149-PHOTO-2025-10-23-17-17-0.jpg,.jpg,0.2141,data\raw\cgmacros\CGMacros\CGMacros-043\photos\00000149-PHOTO-2025-10-23-17-17-0.jpg
00000150-PHOTO-2025-10-23-17-40-0.jpg,.jpg,0.3149,data\raw\cgmacros\CGMacros\CGMacros-043\photos\00000150-PHOTO-2025-10-23-17-40-0.jpg
00000151-PHOTO-2025-10-23-17-47-0.jpg,.jpg,0.1742,data\raw\cgmacros\CGMacros\CGMacros-043\photos\00000151-PHOTO-2025-10-23-17-47-0.jpg
00000152-PHOTO-2025-10-23-17-58-0.jpg,.jpg,0.1683,data\raw\cgmacros\CGMacros\CGMacros-043\photos\00000152-PHOTO-2025-10-23-17-58-0.jpg
00000153-PHOTO-2025-10-23-21-56-0.jpg,.jpg,0.406,data\raw\cgmacros\CGMacros\CGMacros-043\photos\00000153-PHOTO-2025-10-23-21-56-0.jpg
00000154-PHOTO-2025-10-23-22-11-0.jpg,.jpg,0.331,data\raw\cgmacros\CGMacros\CGMacros-043\photos\00000154-PHOTO-2025-10-23-22-11-0.jpg
00000155-PHOTO-2025-10-23-22-14-0.jpg,.jpg,0.2863,data\raw\cgmacros\CGMacros\CGMacros-043\photos\00000155-PHOTO-2025-10-23-22-14-0.jpg
00000156-PHOTO-2025-10-23-22-21-0.jpg,.jpg,0.1915,data\raw\cgmacros\CGMacros\CGMacros-043\photos\00000156-PHOTO-2025-10-23-22-21-0.jpg
00000157-PHOTO-2025-10-23-22-34-0.jpg,.jpg,0.2932,data\raw\cgmacros\CGMacros\CGMacros-043\photos\00000157-PHOTO-2025-10-23-22-34-0.jpg
00000158-PHOTO-2025-10-24-8-12-0.jpg,.jpg,0.289,data\raw\cgmacros\CGMacros\CGMacros-043\photos\00000158-PHOTO-2025-10-24-8-12-0.jpg
00000159-PHOTO-2025-10-24-8-56-0.jpg,.jpg,0.1208,data\raw\cgmacros\CGMacros\CGMacros-043\photos\00000159-PHOTO-2025-10-24-8-56-0.jpg
00000007-PHOTO-2025-7-25-10-6-0.jpg,.jpg,0.085,data\raw\cgmacros\CGMacros\CGMacros-042\photos\00000007-PHOTO-2025-7-25-10-6-0.jpg
00000008-PHOTO-2025-7-25-12-53-0.jpg,.jpg,0.2038,data\raw\cgmacros\CGMacros\CGMacros-042\photos\00000008-PHOTO-2025-7-25-12-53-0.jpg
00000010-PHOTO-2025-7-25-15-26-0.jpg,.jpg,0.2038,data\raw\cgmacros\CGMacros\CGMacros-042\photos\00000010-PHOTO-2025-7-25-15-26-0.jpg
00000011-PHOTO-2025-7-25-15-28-0.jpg,.jpg,0.2038,data\raw\cgmacros\CGMacros\CGMacros-042\photos\00000011-PHOTO-2025-7-25-15-28-0.jpg
00000012-PHOTO-2025-7-25-17-20-0.jpg,.jpg,0.1142,data\raw\cgmacros\CGMacros\CGMacros-042\photos\00000012-PHOTO-2025-7-25-17-20-0.jpg
00000013-PHOTO-2025-7-25-17-21-0.jpg,.jpg,0.0513,data\raw\cgmacros\CGMacros\CGMacros-042\photos\00000013-PHOTO-2025-7-25-17-21-0.jpg
00000014-PHOTO-2025-7-26-8-24-0.jpg,.jpg,0.1066,data\raw\cgmacros\CGMacros\CGMacros-042\photos\00000014-PHOTO-2025-7-26-8-24-0.jpg
00000015-PHOTO-2025-7-26-8-55-0.jpg,.jpg,0.1328,data\raw\cgmacros\CGMacros\CGMacros-042\photos\00000015-PHOTO-2025-7-26-8-55-0.jpg
00000017-PHOTO-2025-7-26-11-27-0.jpg,.jpg,0.212,data\raw\cgmacros\CGMacros\CGMacros-042\photos\00000017-PHOTO-2025-7-26-11-27-0.jpg
00000019-PHOTO-2025-7-26-11-29-0.jpg,.jpg,0.1978,data\raw\cgmacros\CGMacros\CGMacros-042\photos\00000019-PHOTO-2025-7-26-11-29-0.jpg
00000020-PHOTO-2025-7-26-11-40-0.jpg,.jpg,0.1609,data\raw\cgmacros\CGMacros\CGMacros-042\photos\00000020-PHOTO-2025-7-26-11-40-0.jpg
00000022-PHOTO-2025-7-26-18-47-0.jpg,.jpg,0.1608,data\raw\cgmacros\CGMacros\CGMacros-042\photos\00000022-PHOTO-2025-7-26-18-47-0.jpg
00000023-PHOTO-2025-7-27-8-22-0.jpg,.jpg,0.1128,data\raw\cgmacros\CGMacros\CGMacros-042\photos\00000023-PHOTO-2025-7-27-8-22-0.jpg
00000024-PHOTO-2025-7-27-8-44-0.jpg,.jpg,0.1506,data\raw\cgmacros\CGMacros\CGMacros-042\photos\00000024-PHOTO-2025-7-27-8-44-0.jpg
00000026-PHOTO-2025-7-27-11-40-0.jpg,.jpg,0.1815,data\raw\cgmacros\CGMacros\CGMacros-042\photos\00000026-PHOTO-2025-7-27-11-40-0.jpg
00000027-PHOTO-2025-7-27-11-40-0.jpg,.jpg,0.1814,data\raw\cgmacros\CGMacros\CGMacros-042\photos\00000027-PHOTO-2025-7-27-11-40-0.jpg
00000029-PHOTO-2025-7-28-8-26-0.jpg,.jpg,0.0804,data\raw\cgmacros\CGMacros\CGMacros-042\photos\00000029-PHOTO-2025-7-28-8-26-0.jpg
00000030-PHOTO-2025-7-28-10-10-0.jpg,.jpg,0.0526,data\raw\cgmacros\CGMacros\CGMacros-042\photos\00000030-PHOTO-2025-7-28-10-10-0.jpg
00000032-PHOTO-2025-7-29-9-35-0.jpg,.jpg,0.1019,data\raw\cgmacros\CGMacros\CGMacros-042\photos\00000032-PHOTO-2025-7-29-9-35-0.jpg
00000035-PHOTO-2025-7-29-9-37-0.jpg,.jpg,0.0865,data\raw\cgmacros\CGMacros\CGMacros-042\photos\00000035-PHOTO-2025-7-29-9-37-0.jpg
00000037-PHOTO-2025-7-29-12-29-0.jpg,.jpg,0.1869,data\raw\cgmacros\CGMacros\CGMacros-042\photos\00000037-PHOTO-2025-7-29-12-29-0.jpg
00000039-PHOTO-2025-7-29-12-51-0.jpg,.jpg,0.168,data\raw\cgmacros\CGMacros\CGMacros-042\photos\00000039-PHOTO-2025-7-29-12-51-0.jpg
00000040-PHOTO-2025-7-30-8-38-0.jpg,.jpg,0.1347,data\raw\cgmacros\CGMacros\CGMacros-042\photos\00000040-PHOTO-2025-7-30-8-38-0.jpg
00000041-PHOTO-2025-7-30-8-39-0.jpg,.jpg,0.1899,data\raw\cgmacros\CGMacros\CGMacros-042\photos\00000041-PHOTO-2025-7-30-8-39-0.jpg
00000047-PHOTO-2025-7-30-16-25-0.jpg,.jpg,0.1538,data\raw\cgmacros\CGMacros\CGMacros-042\photos\00000047-PHOTO-2025-7-30-16-25-0.jpg
00000048-PHOTO-2025-7-30-16-37-0.jpg,.jpg,0.1207,data\raw\cgmacros\CGMacros\CGMacros-042\photos\00000048-PHOTO-2025-7-30-16-37-0.jpg
00000049-PHOTO-2025-7-31-8-40-0.jpg,.jpg,0.1322,data\raw\cgmacros\CGMacros\CGMacros-042\photos\00000049-PHOTO-2025-7-31-8-40-0.jpg
00000050-PHOTO-2025-7-31-10-2-0.jpg,.jpg,0.0818,data\raw\cgmacros\CGMacros\CGMacros-042\photos\00000050-PHOTO-2025-7-31-10-2-0.jpg
00000053-PHOTO-2025-7-31-16-37-0.jpg,.jpg,0.251,data\raw\cgmacros\CGMacros\CGMacros-042\photos\00000053-PHOTO-2025-7-31-16-37-0.jpg
00000054-PHOTO-2025-7-31-16-37-0.jpg,.jpg,0.2188,data\raw\cgmacros\CGMacros\CGMacros-042\photos\00000054-PHOTO-2025-7-31-16-37-0.jpg
00000059-PHOTO-2025-8-1-15-9-0.jpg,.jpg,0.0968,data\raw\cgmacros\CGMacros\CGMacros-042\photos\00000059-PHOTO-2025-8-1-15-9-0.jpg
00000060-PHOTO-2025-8-1-15-21-0.jpg,.jpg,0.1001,data\raw\cgmacros\CGMacros\CGMacros-042\photos\00000060-PHOTO-2025-8-1-15-21-0.jpg
00000063-PHOTO-2025-8-2-12-52-0.jpg,.jpg,0.148,data\raw\cgmacros\CGMacros\CGMacros-042\photos\00000063-PHOTO-2025-8-2-12-52-0.jpg
00000064-PHOTO-2025-8-2-13-1-0.jpg,.jpg,0.0836,data\raw\cgmacros\CGMacros\CGMacros-042\photos\00000064-PHOTO-2025-8-2-13-1-0.jpg
00000065-PHOTO-2025-8-2-13-11-0.jpg,.jpg,0.1188,data\raw\cgmacros\CGMacros\CGMacros-042\photos\00000065-PHOTO-2025-8-2-13-11-0.jpg
00000069-PHOTO-2025-8-3-10-28-0.jpg,.jpg,0.105,data\raw\cgmacros\CGMacros\CGMacros-042\photos\00000069-PHOTO-2025-8-3-10-28-0.jpg
00000071-PHOTO-2025-8-3-13-2-0.jpg,.jpg,0.076,data\raw\cgmacros\CGMacros\CGMacros-042\photos\00000071-PHOTO-2025-8-3-13-2-0.jpg
00000072-PHOTO-2025-8-3-17-42-0.jpg,.jpg,0.1977,data\raw\cgmacros\CGMacros\CGMacros-042\photos\00000072-PHOTO-2025-8-3-17-42-0.jpg
00000073-PHOTO-2025-8-3-18-9-0.jpg,.jpg,0.1594,data\raw\cgmacros\CGMacros\CGMacros-042\photos\00000073-PHOTO-2025-8-3-18-9-0.jpg
00000074-PHOTO-2025-8-4-14-18-0.jpg,.jpg,0.0972,data\raw\cgmacros\CGMacros\CGMacros-042\photos\00000074-PHOTO-2025-8-4-14-18-0.jpg
00000005-PHOTO-2022-4-26-8-22-0.jpg,.jpg,0.0828,data\raw\cgmacros\CGMacros\CGMacros-041\photos\00000005-PHOTO-2022-4-26-8-22-0.jpg
00000007-PHOTO-2022-4-26-11-14-0.jpg,.jpg,0.2046,data\raw\cgmacros\CGMacros\CGMacros-041\photos\00000007-PHOTO-2022-4-26-11-14-0.jpg
00000009-PHOTO-2022-4-26-11-27-0.jpg,.jpg,0.1767,data\raw\cgmacros\CGMacros\CGMacros-041\photos\00000009-PHOTO-2022-4-26-11-27-0.jpg
00000012-PHOTO-2022-4-26-14-17-0.jpg,.jpg,0.1635,data\raw\cgmacros\CGMacros\CGMacros-041\photos\00000012-PHOTO-2022-4-26-14-17-0.jpg
00000014-PHOTO-2022-4-26-17-0-0.jpg,.jpg,0.1899,data\raw\cgmacros\CGMacros\CGMacros-041\photos\00000014-PHOTO-2022-4-26-17-0-0.jpg
00000015-PHOTO-2022-4-26-17-4-0.jpg,.jpg,0.1572,data\raw\cgmacros\CGMacros\CGMacros-041\photos\00000015-PHOTO-2022-4-26-17-4-0.jpg
00000016-PHOTO-2022-4-26-20-10-0.jpg,.jpg,0.0862,data\raw\cgmacros\CGMacros\CGMacros-041\photos\00000016-PHOTO-2022-4-26-20-10-0.jpg
00000017-PHOTO-2022-4-26-20-22-0.jpg,.jpg,0.1595,data\raw\cgmacros\CGMacros\CGMacros-041\photos\00000017-PHOTO-2022-4-26-20-22-0.jpg
00000018-PHOTO-2022-4-27-8-45-0.jpg,.jpg,0.1791,data\raw\cgmacros\CGMacros\CGMacros-041\photos\00000018-PHOTO-2022-4-27-8-45-0.jpg
00000019-PHOTO-2022-4-27-9-0-0.jpg,.jpg,0.17,data\raw\cgmacros\CGMacros\CGMacros-041\photos\00000019-PHOTO-2022-4-27-9-0-0.jpg
00000029-PHOTO-2022-4-27-12-2-0.jpg,.jpg,0.26,data\raw\cgmacros\CGMacros\CGMacros-041\photos\00000029-PHOTO-2022-4-27-12-2-0.jpg
00000030-PHOTO-2022-4-27-12-22-0.jpg,.jpg,0.2706,data\raw\cgmacros\CGMacros\CGMacros-041\photos\00000030-PHOTO-2022-4-27-12-22-0.jpg
00000031-PHOTO-2022-4-27-15-28-0.jpg,.jpg,0.15,data\raw\cgmacros\CGMacros\CGMacros-041\photos\00000031-PHOTO-2022-4-27-15-28-0.jpg
00000032-PHOTO-2022-4-27-15-40-0.jpg,.jpg,0.1624,data\raw\cgmacros\CGMacros\CGMacros-041\photos\00000032-PHOTO-2022-4-27-15-40-0.jpg
00000033-PHOTO-2022-4-27-16-11-0.jpg,.jpg,0.0937,data\raw\cgmacros\CGMacros\CGMacros-041\photos\00000033-PHOTO-2022-4-27-16-11-0.jpg
00000034-PHOTO-2022-4-27-16-12-0.jpg,.jpg,0.1196,data\raw\cgmacros\CGMacros\CGMacros-041\photos\00000034-PHOTO-2022-4-27-16-12-0.jpg
00000036-PHOTO-2022-4-27-16-24-0.jpg,.jpg,0.297,data\raw\cgmacros\CGMacros\CGMacros-041\photos\00000036-PHOTO-2022-4-27-16-24-0.jpg
00000037-PHOTO-2022-4-27-16-25-0.jpg,.jpg,0.2939,data\raw\cgmacros\CGMacros\CGMacros-041\photos\00000037-PHOTO-2022-4-27-16-25-0.jpg
00000038-PHOTO-2022-4-27-20-41-0.jpg,.jpg,0.1782,data\raw\cgmacros\CGMacros\CGMacros-041\photos\00000038-PHOTO-2022-4-27-20-41-0.jpg
00000039-PHOTO-2022-4-27-21-2-0.jpg,.jpg,0.1031,data\raw\cgmacros\CGMacros\CGMacros-041\photos\00000039-PHOTO-2022-4-27-21-2-0.jpg
00000040-PHOTO-2022-4-28-7-41-0.jpg,.jpg,0.1032,data\raw\cgmacros\CGMacros\CGMacros-041\photos\00000040-PHOTO-2022-4-28-7-41-0.jpg
00000041-PHOTO-2022-4-28-7-55-0.jpg,.jpg,0.2247,data\raw\cgmacros\CGMacros\CGMacros-041\photos\00000041-PHOTO-2022-4-28-7-55-0.jpg
00000044-PHOTO-2022-4-28-12-26-0.jpg,.jpg,0.2517,data\raw\cgmacros\CGMacros\CGMacros-041\photos\00000044-PHOTO-2022-4-28-12-26-0.jpg
00000046-PHOTO-2022-4-28-12-50-0.jpg,.jpg,0.3189,data\raw\cgmacros\CGMacros\CGMacros-041\photos\00000046-PHOTO-2022-4-28-12-50-0.jpg
00000047-PHOTO-2022-4-28-15-19-0.jpg,.jpg,0.2273,data\raw\cgmacros\CGMacros\CGMacros-041\photos\00000047-PHOTO-2022-4-28-15-19-0.jpg
00000048-PHOTO-2022-4-28-15-26-0.jpg,.jpg,0.1661,data\raw\cgmacros\CGMacros\CGMacros-041\photos\00000048-PHOTO-2022-4-28-15-26-0.jpg
00000049-PHOTO-2022-4-28-16-40-0.jpg,.jpg,0.3184,data\raw\cgmacros\CGMacros\CGMacros-041\photos\00000049-PHOTO-2022-4-28-16-40-0.jpg
00000050-PHOTO-2022-4-28-16-54-0.jpg,.jpg,0.2687,data\raw\cgmacros\CGMacros\CGMacros-041\photos\00000050-PHOTO-2022-4-28-16-54-0.jpg
00000051-PHOTO-2022-4-28-19-48-0.jpg,.jpg,0.1833,data\raw\cgmacros\CGMacros\CGMacros-041\photos\00000051-PHOTO-2022-4-28-19-48-0.jpg
00000052-PHOTO-2022-4-28-19-59-0.jpg,.jpg,0.2021,data\raw\cgmacros\CGMacros\CGMacros-041\photos\00000052-PHOTO-2022-4-28-19-59-0.jpg
00000053-PHOTO-2022-4-28-20-3-0.jpg,.jpg,0.2384,data\raw\cgmacros\CGMacros\CGMacros-041\photos\00000053-PHOTO-2022-4-28-20-3-0.jpg
00000054-PHOTO-2022-4-29-8-15-0.jpg,.jpg,0.1293,data\raw\cgmacros\CGMacros\CGMacros-041\photos\00000054-PHOTO-2022-4-29-8-15-0.jpg
00000055-PHOTO-2022-4-29-8-29-0.jpg,.jpg,0.0986,data\raw\cgmacros\CGMacros\CGMacros-041\photos\00000055-PHOTO-2022-4-29-8-29-0.jpg
00000058-PHOTO-2022-4-29-11-17-0.jpg,.jpg,0.3138,data\raw\cgmacros\CGMacros\CGMacros-041\photos\00000058-PHOTO-2022-4-29-11-17-0.jpg
00000063-PHOTO-2022-4-29-11-32-0.jpg,.jpg,0.2569,data\raw\cgmacros\CGMacros\CGMacros-041\photos\00000063-PHOTO-2022-4-29-11-32-0.jpg
00000064-PHOTO-2022-4-29-15-1-0.jpg,.jpg,0.3374,data\raw\cgmacros\CGMacros\CGMacros-041\photos\00000064-PHOTO-2022-4-29-15-1-0.jpg
00000065-PHOTO-2022-4-29-15-19-0.jpg,.jpg,0.3283,data\raw\cgmacros\CGMacros\CGMacros-041\photos\00000065-PHOTO-2022-4-29-15-19-0.jpg
00000066-PHOTO-2022-4-29-16-35-0.jpg,.jpg,0.3983,data\raw\cgmacros\CGMacros\CGMacros-041\photos\00000066-PHOTO-2022-4-29-16-35-0.jpg
00000067-PHOTO-2022-4-29-16-54-0.jpg,.jpg,0.3489,data\raw\cgmacros\CGMacros\CGMacros-041\photos\00000067-PHOTO-2022-4-29-16-54-0.jpg
00000068-PHOTO-2022-4-29-20-59-0.jpg,.jpg,0.1878,data\raw\cgmacros\CGMacros\CGMacros-041\photos\00000068-PHOTO-2022-4-29-20-59-0.jpg
00000069-PHOTO-2022-4-29-21-25-0.jpg,.jpg,0.2733,data\raw\cgmacros\CGMacros\CGMacros-041\photos\00000069-PHOTO-2022-4-29-21-25-0.jpg
00000070-PHOTO-2022-4-30-9-3-0.jpg,.jpg,0.2166,data\raw\cgmacros\CGMacros\CGMacros-041\photos\00000070-PHOTO-2022-4-30-9-3-0.jpg
00000071-PHOTO-2022-4-30-9-18-0.jpg,.jpg,0.4356,data\raw\cgmacros\CGMacros\CGMacros-041\photos\00000071-PHOTO-2022-4-30-9-18-0.jpg
00000074-PHOTO-2022-4-30-12-13-0.jpg,.jpg,0.4067,data\raw\cgmacros\CGMacros\CGMacros-041\photos\00000074-PHOTO-2022-4-30-12-13-0.jpg
00000075-PHOTO-2022-4-30-12-33-0.jpg,.jpg,0.5231,data\raw\cgmacros\CGMacros\CGMacros-041\photos\00000075-PHOTO-2022-4-30-12-33-0.jpg
00000077-PHOTO-2022-4-30-16-5-0.jpg,.jpg,0.3619,data\raw\cgmacros\CGMacros\CGMacros-041\photos\00000077-PHOTO-2022-4-30-16-5-0.jpg
00000078-PHOTO-2022-4-30-17-46-0.jpg,.jpg,0.4038,data\raw\cgmacros\CGMacros\CGMacros-041\photos\00000078-PHOTO-2022-4-30-17-46-0.jpg
00000079-PHOTO-2022-4-30-18-1-0.jpg,.jpg,0.2115,data\raw\cgmacros\CGMacros\CGMacros-041\photos\00000079-PHOTO-2022-4-30-18-1-0.jpg
00000080-PHOTO-2022-4-30-22-22-0.jpg,.jpg,0.2601,data\raw\cgmacros\CGMacros\CGMacros-041\photos\00000080-PHOTO-2022-4-30-22-22-0.jpg
00000081-PHOTO-2022-4-30-22-29-0.jpg,.jpg,0.1611,data\raw\cgmacros\CGMacros\CGMacros-041\photos\00000081-PHOTO-2022-4-30-22-29-0.jpg
00000082-PHOTO-2022-5-1-7-44-0.jpg,.jpg,0.1857,data\raw\cgmacros\CGMacros\CGMacros-041\photos\00000082-PHOTO-2022-5-1-7-44-0.jpg
00000083-PHOTO-2022-5-1-7-58-0.jpg,.jpg,0.1078,data\raw\cgmacros\CGMacros\CGMacros-041\photos\00000083-PHOTO-2022-5-1-7-58-0.jpg
00000084-PHOTO-2022-5-1-11-54-0.jpg,.jpg,0.2586,data\raw\cgmacros\CGMacros\CGMacros-041\photos\00000084-PHOTO-2022-5-1-11-54-0.jpg
00000086-PHOTO-2022-5-1-12-47-0.jpg,.jpg,0.2208,data\raw\cgmacros\CGMacros\CGMacros-041\photos\00000086-PHOTO-2022-5-1-12-47-0.jpg
00000088-PHOTO-2022-5-1-16-0-0.jpg,.jpg,0.2703,data\raw\cgmacros\CGMacros\CGMacros-041\photos\00000088-PHOTO-2022-5-1-16-0-0.jpg
00000089-PHOTO-2022-5-1-16-1-0.jpg,.jpg,0.3181,data\raw\cgmacros\CGMacros\CGMacros-041\photos\00000089-PHOTO-2022-5-1-16-1-0.jpg
00000090-PHOTO-2022-5-1-16-20-0.jpg,.jpg,0.385,data\raw\cgmacros\CGMacros\CGMacros-041\photos\00000090-PHOTO-2022-5-1-16-20-0.jpg
00000092-PHOTO-2022-5-1-20-34-0.jpg,.jpg,0.3128,data\raw\cgmacros\CGMacros\CGMacros-041\photos\00000092-PHOTO-2022-5-1-20-34-0.jpg
00000093-PHOTO-2022-5-1-20-52-0.jpg,.jpg,0.2376,data\raw\cgmacros\CGMacros\CGMacros-041\photos\00000093-PHOTO-2022-5-1-20-52-0.jpg
00000094-PHOTO-2022-5-2-8-19-0.jpg,.jpg,0.1926,data\raw\cgmacros\CGMacros\CGMacros-041\photos\00000094-PHOTO-2022-5-2-8-19-0.jpg
00000095-PHOTO-2022-5-2-8-33-0.jpg,.jpg,0.3537,data\raw\cgmacros\CGMacros\CGMacros-041\photos\00000095-PHOTO-2022-5-2-8-33-0.jpg
00000100-PHOTO-2022-5-2-11-25-0.jpg,.jpg,0.2982,data\raw\cgmacros\CGMacros\CGMacros-041\photos\00000100-PHOTO-2022-5-2-11-25-0.jpg
00000102-PHOTO-2022-5-2-11-38-0.jpg,.jpg,0.3636,data\raw\cgmacros\CGMacros\CGMacros-041\photos\00000102-PHOTO-2022-5-2-11-38-0.jpg
00000103-PHOTO-2022-5-2-14-47-0.jpg,.jpg,0.4153,data\raw\cgmacros\CGMacros\CGMacros-041\photos\00000103-PHOTO-2022-5-2-14-47-0.jpg
00000104-PHOTO-2022-5-2-15-2-0.jpg,.jpg,0.3066,data\raw\cgmacros\CGMacros\CGMacros-041\photos\00000104-PHOTO-2022-5-2-15-2-0.jpg
00000105-PHOTO-2022-5-2-15-15-0.jpg,.jpg,0.3134,data\raw\cgmacros\CGMacros\CGMacros-041\photos\00000105-PHOTO-2022-5-2-15-15-0.jpg
00000106-PHOTO-2022-5-2-18-57-0.jpg,.jpg,0.165,data\raw\cgmacros\CGMacros\CGMacros-041\photos\00000106-PHOTO-2022-5-2-18-57-0.jpg
00000107-PHOTO-2022-5-2-19-21-0.jpg,.jpg,0.1344,data\raw\cgmacros\CGMacros\CGMacros-041\photos\00000107-PHOTO-2022-5-2-19-21-0.jpg
00000109-PHOTO-2022-5-2-22-30-0.jpg,.jpg,0.2045,data\raw\cgmacros\CGMacros\CGMacros-041\photos\00000109-PHOTO-2022-5-2-22-30-0.jpg
00000110-PHOTO-2022-5-3-7-44-0.jpg,.jpg,0.1786,data\raw\cgmacros\CGMacros\CGMacros-041\photos\00000110-PHOTO-2022-5-3-7-44-0.jpg
00000111-PHOTO-2022-5-3-8-0-0.jpg,.jpg,0.1571,data\raw\cgmacros\CGMacros\CGMacros-041\photos\00000111-PHOTO-2022-5-3-8-0-0.jpg
00000114-PHOTO-2022-5-3-11-7-0.jpg,.jpg,0.4303,data\raw\cgmacros\CGMacros\CGMacros-041\photos\00000114-PHOTO-2022-5-3-11-7-0.jpg
00000116-PHOTO-2022-5-3-11-30-0.jpg,.jpg,0.4437,data\raw\cgmacros\CGMacros\CGMacros-041\photos\00000116-PHOTO-2022-5-3-11-30-0.jpg
00000117-PHOTO-2022-5-3-15-22-0.jpg,.jpg,0.1793,data\raw\cgmacros\CGMacros\CGMacros-041\photos\00000117-PHOTO-2022-5-3-15-22-0.jpg
00000118-PHOTO-2022-5-3-15-34-0.jpg,.jpg,0.2287,data\raw\cgmacros\CGMacros\CGMacros-041\photos\00000118-PHOTO-2022-5-3-15-34-0.jpg
00000119-PHOTO-2022-5-3-17-8-0.jpg,.jpg,0.364,data\raw\cgmacros\CGMacros\CGMacros-041\photos\00000119-PHOTO-2022-5-3-17-8-0.jpg
00000120-PHOTO-2022-5-3-17-25-0.jpg,.jpg,0.2743,data\raw\cgmacros\CGMacros\CGMacros-041\photos\00000120-PHOTO-2022-5-3-17-25-0.jpg
00000121-PHOTO-2022-5-3-20-25-0.jpg,.jpg,0.2491,data\raw\cgmacros\CGMacros\CGMacros-041\photos\00000121-PHOTO-2022-5-3-20-25-0.jpg
00000122-PHOTO-2022-5-3-20-31-0.jpg,.jpg,0.3293,data\raw\cgmacros\CGMacros\CGMacros-041\photos\00000122-PHOTO-2022-5-3-20-31-0.jpg
00000123-PHOTO-2022-5-3-22-25-0.jpg,.jpg,0.2278,data\raw\cgmacros\CGMacros\CGMacros-041\photos\00000123-PHOTO-2022-5-3-22-25-0.jpg
00000124-PHOTO-2022-5-3-22-39-0.jpg,.jpg,0.3633,data\raw\cgmacros\CGMacros\CGMacros-041\photos\00000124-PHOTO-2022-5-3-22-39-0.jpg
00000125-PHOTO-2022-5-4-7-58-0.jpg,.jpg,0.1468,data\raw\cgmacros\CGMacros\CGMacros-041\photos\00000125-PHOTO-2022-5-4-7-58-0.jpg
00000126-PHOTO-2022-5-4-8-10-0.jpg,.jpg,0.1559,data\raw\cgmacros\CGMacros\CGMacros-041\photos\00000126-PHOTO-2022-5-4-8-10-0.jpg
00000130-PHOTO-2022-5-4-11-28-0.jpg,.jpg,0.2027,data\raw\cgmacros\CGMacros\CGMacros-041\photos\00000130-PHOTO-2022-5-4-11-28-0.jpg
00000133-PHOTO-2022-5-4-15-11-0.jpg,.jpg,0.1312,data\raw\cgmacros\CGMacros\CGMacros-041\photos\00000133-PHOTO-2022-5-4-15-11-0.jpg
00000134-PHOTO-2022-5-4-15-19-0.jpg,.jpg,0.1782,data\raw\cgmacros\CGMacros\CGMacros-041\photos\00000134-PHOTO-2022-5-4-15-19-0.jpg
00000136-PHOTO-2022-5-4-18-56-0.jpg,.jpg,0.1824,data\raw\cgmacros\CGMacros\CGMacros-041\photos\00000136-PHOTO-2022-5-4-18-56-0.jpg
00000137-PHOTO-2022-5-4-19-17-0.jpg,.jpg,0.2462,data\raw\cgmacros\CGMacros\CGMacros-041\photos\00000137-PHOTO-2022-5-4-19-17-0.jpg
00000138-PHOTO-2022-5-4-19-40-0.jpg,.jpg,0.2227,data\raw\cgmacros\CGMacros\CGMacros-041\photos\00000138-PHOTO-2022-5-4-19-40-0.jpg
00000139-PHOTO-2022-5-4-19-50-0.jpg,.jpg,0.2753,data\raw\cgmacros\CGMacros\CGMacros-041\photos\00000139-PHOTO-2022-5-4-19-50-0.jpg
00000140-PHOTO-2022-5-5-7-59-0.jpg,.jpg,0.1206,data\raw\cgmacros\CGMacros\CGMacros-041\photos\00000140-PHOTO-2022-5-5-7-59-0.jpg
00000141-PHOTO-2022-5-5-8-10-0.jpg,.jpg,0.3016,data\raw\cgmacros\CGMacros\CGMacros-041\photos\00000141-PHOTO-2022-5-5-8-10-0.jpg
00000143-PHOTO-2022-5-5-11-15-0.jpg,.jpg,0.268,data\raw\cgmacros\CGMacros\CGMacros-041\photos\00000143-PHOTO-2022-5-5-11-15-0.jpg
00000144-PHOTO-2022-5-5-11-35-0.jpg,.jpg,0.3944,data\raw\cgmacros\CGMacros\CGMacros-041\photos\00000144-PHOTO-2022-5-5-11-35-0.jpg
00000146-PHOTO-2022-5-5-14-30-0.jpg,.jpg,0.1735,data\raw\cgmacros\CGMacros\CGMacros-041\photos\00000146-PHOTO-2022-5-5-14-30-0.jpg
00000147-PHOTO-2022-5-5-14-59-0.jpg,.jpg,0.2697,data\raw\cgmacros\CGMacros\CGMacros-041\photos\00000147-PHOTO-2022-5-5-14-59-0.jpg
00000148-PHOTO-2022-5-5-16-50-0.jpg,.jpg,0.2265,data\raw\cgmacros\CGMacros\CGMacros-041\photos\00000148-PHOTO-2022-5-5-16-50-0.jpg
00000149-PHOTO-2022-5-5-17-1-0.jpg,.jpg,0.2295,data\raw\cgmacros\CGMacros\CGMacros-041\photos\00000149-PHOTO-2022-5-5-17-1-0.jpg
00000150-PHOTO-2022-5-5-17-14-0.jpg,.jpg,0.321,data\raw\cgmacros\CGMacros\CGMacros-041\photos\00000150-PHOTO-2022-5-5-17-14-0.jpg
00000151-PHOTO-2022-5-5-20-53-0.jpg,.jpg,0.2087,data\raw\cgmacros\CGMacros\CGMacros-041\photos\00000151-PHOTO-2022-5-5-20-53-0.jpg
00000152-PHOTO-2022-5-5-21-2-0.jpg,.jpg,0.0949,data\raw\cgmacros\CGMacros\CGMacros-041\photos\00000152-PHOTO-2022-5-5-21-2-0.jpg
00000153-PHOTO-2022-5-6-8-10-0.jpg,.jpg,0.2168,data\raw\cgmacros\CGMacros\CGMacros-041\photos\00000153-PHOTO-2022-5-6-8-10-0.jpg
00000154-PHOTO-2022-5-6-8-23-0.jpg,.jpg,0.2314,data\raw\cgmacros\CGMacros\CGMacros-041\photos\00000154-PHOTO-2022-5-6-8-23-0.jpg
00000006-PHOTO-2025-2-7-8-19-0.jpg,.jpg,0.0929,data\raw\cgmacros\CGMacros\CGMacros-039\photos\00000006-PHOTO-2025-2-7-8-19-0.jpg
00000008-PHOTO-2025-2-7-11-19-0.jpg,.jpg,0.2972,data\raw\cgmacros\CGMacros\CGMacros-039\photos\00000008-PHOTO-2025-2-7-11-19-0.jpg
00000009-PHOTO-2025-2-7-11-36-0.jpg,.jpg,0.2136,data\raw\cgmacros\CGMacros\CGMacros-039\photos\00000009-PHOTO-2025-2-7-11-36-0.jpg
00000010-PHOTO-2025-2-7-14-32-0.jpg,.jpg,0.1905,data\raw\cgmacros\CGMacros\CGMacros-039\photos\00000010-PHOTO-2025-2-7-14-32-0.jpg
00000011-PHOTO-2025-2-7-14-43-0.jpg,.jpg,0.1276,data\raw\cgmacros\CGMacros\CGMacros-039\photos\00000011-PHOTO-2025-2-7-14-43-0.jpg
00000012-PHOTO-2025-2-7-17-54-0.jpg,.jpg,0.1618,data\raw\cgmacros\CGMacros\CGMacros-039\photos\00000012-PHOTO-2025-2-7-17-54-0.jpg
00000013-PHOTO-2025-2-7-18-0-0.jpg,.jpg,0.1459,data\raw\cgmacros\CGMacros\CGMacros-039\photos\00000013-PHOTO-2025-2-7-18-0-0.jpg
00000014-PHOTO-2025-2-8-8-57-0.jpg,.jpg,0.0731,data\raw\cgmacros\CGMacros\CGMacros-039\photos\00000014-PHOTO-2025-2-8-8-57-0.jpg
00000015-PHOTO-2025-2-8-9-1-0.jpg,.jpg,0.0836,data\raw\cgmacros\CGMacros\CGMacros-039\photos\00000015-PHOTO-2025-2-8-9-1-0.jpg
00000018-PHOTO-2025-2-8-12-7-0.jpg,.jpg,0.2151,data\raw\cgmacros\CGMacros\CGMacros-039\photos\00000018-PHOTO-2025-2-8-12-7-0.jpg
00000021-PHOTO-2025-2-8-12-19-0.jpg,.jpg,0.2328,data\raw\cgmacros\CGMacros\CGMacros-039\photos\00000021-PHOTO-2025-2-8-12-19-0.jpg
00000022-PHOTO-2025-2-8-15-21-0.jpg,.jpg,0.1376,data\raw\cgmacros\CGMacros\CGMacros-039\photos\00000022-PHOTO-2025-2-8-15-21-0.jpg
00000023-PHOTO-2025-2-8-15-38-0.jpg,.jpg,0.0911,data\raw\cgmacros\CGMacros\CGMacros-039\photos\00000023-PHOTO-2025-2-8-15-38-0.jpg
00000024-PHOTO-2025-2-8-16-12-0.jpg,.jpg,0.1976,data\raw\cgmacros\CGMacros\CGMacros-039\photos\00000024-PHOTO-2025-2-8-16-12-0.jpg
00000026-PHOTO-2025-2-8-16-38-0.jpg,.jpg,0.1568,data\raw\cgmacros\CGMacros\CGMacros-039\photos\00000026-PHOTO-2025-2-8-16-38-0.jpg
00000027-PHOTO-2025-2-9-8-6-0.jpg,.jpg,0.2015,data\raw\cgmacros\CGMacros\CGMacros-039\photos\00000027-PHOTO-2025-2-9-8-6-0.jpg
00000028-PHOTO-2025-2-9-8-6-0.jpg,.jpg,0.0994,data\raw\cgmacros\CGMacros\CGMacros-039\photos\00000028-PHOTO-2025-2-9-8-6-0.jpg
00000033-PHOTO-2025-2-9-12-18-0.jpg,.jpg,0.3915,data\raw\cgmacros\CGMacros\CGMacros-039\photos\00000033-PHOTO-2025-2-9-12-18-0.jpg
00000034-PHOTO-2025-2-9-12-30-0.jpg,.jpg,0.3016,data\raw\cgmacros\CGMacros\CGMacros-039\photos\00000034-PHOTO-2025-2-9-12-30-0.jpg
00000035-PHOTO-2025-2-9-15-29-0.jpg,.jpg,0.2046,data\raw\cgmacros\CGMacros\CGMacros-039\photos\00000035-PHOTO-2025-2-9-15-29-0.jpg
00000037-PHOTO-2025-2-9-15-39-0.jpg,.jpg,0.163,data\raw\cgmacros\CGMacros\CGMacros-039\photos\00000037-PHOTO-2025-2-9-15-39-0.jpg
00000040-PHOTO-2025-2-9-16-50-0.jpg,.jpg,0.144,data\raw\cgmacros\CGMacros\CGMacros-039\photos\00000040-PHOTO-2025-2-9-16-50-0.jpg
00000041-PHOTO-2025-2-9-17-1-0.jpg,.jpg,0.1744,data\raw\cgmacros\CGMacros\CGMacros-039\photos\00000041-PHOTO-2025-2-9-17-1-0.jpg
00000042-PHOTO-2025-2-10-8-54-0.jpg,.jpg,0.068,data\raw\cgmacros\CGMacros\CGMacros-039\photos\00000042-PHOTO-2025-2-10-8-54-0.jpg
00000043-PHOTO-2025-2-10-8-54-0.jpg,.jpg,0.0748,data\raw\cgmacros\CGMacros\CGMacros-039\photos\00000043-PHOTO-2025-2-10-8-54-0.jpg
00000046-PHOTO-2025-2-10-11-54-0.jpg,.jpg,0.1839,data\raw\cgmacros\CGMacros\CGMacros-039\photos\00000046-PHOTO-2025-2-10-11-54-0.jpg
00000048-PHOTO-2025-2-10-12-4-0.jpg,.jpg,0.1335,data\raw\cgmacros\CGMacros\CGMacros-039\photos\00000048-PHOTO-2025-2-10-12-4-0.jpg
00000049-PHOTO-2025-2-10-12-5-0.jpg,.jpg,0.1684,data\raw\cgmacros\CGMacros\CGMacros-039\photos\00000049-PHOTO-2025-2-10-12-5-0.jpg
00000051-PHOTO-2025-2-10-15-5-0.jpg,.jpg,0.1702,data\raw\cgmacros\CGMacros\CGMacros-039\photos\00000051-PHOTO-2025-2-10-15-5-0.jpg
00000052-PHOTO-2025-2-10-15-19-0.jpg,.jpg,0.1356,data\raw\cgmacros\CGMacros\CGMacros-039\photos\00000052-PHOTO-2025-2-10-15-19-0.jpg
00000053-PHOTO-2025-2-10-18-4-0.jpg,.jpg,0.4008,data\raw\cgmacros\CGMacros\CGMacros-039\photos\00000053-PHOTO-2025-2-10-18-4-0.jpg
00000054-PHOTO-2025-2-10-18-16-0.jpg,.jpg,0.1377,data\raw\cgmacros\CGMacros\CGMacros-039\photos\00000054-PHOTO-2025-2-10-18-16-0.jpg
00000055-PHOTO-2025-2-11-8-30-0.jpg,.jpg,0.089,data\raw\cgmacros\CGMacros\CGMacros-039\photos\00000055-PHOTO-2025-2-11-8-30-0.jpg
00000056-PHOTO-2025-2-11-8-34-0.jpg,.jpg,0.093,data\raw\cgmacros\CGMacros\CGMacros-039\photos\00000056-PHOTO-2025-2-11-8-34-0.jpg
00000059-PHOTO-2025-2-11-11-38-0.jpg,.jpg,0.1896,data\raw\cgmacros\CGMacros\CGMacros-039\photos\00000059-PHOTO-2025-2-11-11-38-0.jpg
00000060-PHOTO-2025-2-11-11-49-0.jpg,.jpg,0.1872,data\raw\cgmacros\CGMacros\CGMacros-039\photos\00000060-PHOTO-2025-2-11-11-49-0.jpg
00000061-PHOTO-2025-2-11-16-44-0.jpg,.jpg,0.1619,data\raw\cgmacros\CGMacros\CGMacros-039\photos\00000061-PHOTO-2025-2-11-16-44-0.jpg
00000062-PHOTO-2025-2-11-16-54-0.jpg,.jpg,0.1687,data\raw\cgmacros\CGMacros\CGMacros-039\photos\00000062-PHOTO-2025-2-11-16-54-0.jpg
00000063-PHOTO-2025-2-12-9-11-0.jpg,.jpg,0.1344,data\raw\cgmacros\CGMacros\CGMacros-039\photos\00000063-PHOTO-2025-2-12-9-11-0.jpg
00000064-PHOTO-2025-2-12-9-13-0.jpg,.jpg,0.0878,data\raw\cgmacros\CGMacros\CGMacros-039\photos\00000064-PHOTO-2025-2-12-9-13-0.jpg
00000065-PHOTO-2025-2-12-12-21-0.jpg,.jpg,0.3185,data\raw\cgmacros\CGMacros\CGMacros-039\photos\00000065-PHOTO-2025-2-12-12-21-0.jpg
00000066-PHOTO-2025-2-12-12-48-0.jpg,.jpg,0.218,data\raw\cgmacros\CGMacros\CGMacros-039\photos\00000066-PHOTO-2025-2-12-12-48-0.jpg
00000067-PHOTO-2025-2-12-15-36-0.jpg,.jpg,0.1481,data\raw\cgmacros\CGMacros\CGMacros-039\photos\00000067-PHOTO-2025-2-12-15-36-0.jpg
00000068-PHOTO-2025-2-12-15-42-0.jpg,.jpg,0.1089,data\raw\cgmacros\CGMacros\CGMacros-039\photos\00000068-PHOTO-2025-2-12-15-42-0.jpg
00000069-PHOTO-2025-2-13-8-4-0.jpg,.jpg,0.0923,data\raw\cgmacros\CGMacros\CGMacros-039\photos\00000069-PHOTO-2025-2-13-8-4-0.jpg
00000070-PHOTO-2025-2-13-8-4-0.jpg,.jpg,0.1202,data\raw\cgmacros\CGMacros\CGMacros-039\photos\00000070-PHOTO-2025-2-13-8-4-0.jpg
00000072-PHOTO-2025-2-13-11-45-0.jpg,.jpg,0.2834,data\raw\cgmacros\CGMacros\CGMacros-039\photos\00000072-PHOTO-2025-2-13-11-45-0.jpg
00000073-PHOTO-2025-2-13-12-1-0.jpg,.jpg,0.2952,data\raw\cgmacros\CGMacros\CGMacros-039\photos\00000073-PHOTO-2025-2-13-12-1-0.jpg
00000074-PHOTO-2025-2-13-15-1-0.jpg,.jpg,0.2784,data\raw\cgmacros\CGMacros\CGMacros-039\photos\00000074-PHOTO-2025-2-13-15-1-0.jpg
00000075-PHOTO-2025-2-13-15-12-0.jpg,.jpg,0.1731,data\raw\cgmacros\CGMacros\CGMacros-039\photos\00000075-PHOTO-2025-2-13-15-12-0.jpg
00000076-PHOTO-2025-2-14-6-51-0.jpg,.jpg,0.0797,data\raw\cgmacros\CGMacros\CGMacros-039\photos\00000076-PHOTO-2025-2-14-6-51-0.jpg
00000077-PHOTO-2025-2-14-6-53-0.jpg,.jpg,0.0767,data\raw\cgmacros\CGMacros\CGMacros-039\photos\00000077-PHOTO-2025-2-14-6-53-0.jpg
00000078-PHOTO-2025-2-14-10-6-0.jpg,.jpg,0.1198,data\raw\cgmacros\CGMacros\CGMacros-039\photos\00000078-PHOTO-2025-2-14-10-6-0.jpg
00000081-PHOTO-2025-2-14-11-39-0.jpg,.jpg,0.288,data\raw\cgmacros\CGMacros\CGMacros-039\photos\00000081-PHOTO-2025-2-14-11-39-0.jpg
00000085-PHOTO-2025-2-14-12-1-0.jpg,.jpg,0.262,data\raw\cgmacros\CGMacros\CGMacros-039\photos\00000085-PHOTO-2025-2-14-12-1-0.jpg
00000086-PHOTO-2025-2-14-15-29-0.jpg,.jpg,0.1886,data\raw\cgmacros\CGMacros\CGMacros-039\photos\00000086-PHOTO-2025-2-14-15-29-0.jpg
00000087-PHOTO-2025-2-14-15-41-0.jpg,.jpg,0.1783,data\raw\cgmacros\CGMacros\CGMacros-039\photos\00000087-PHOTO-2025-2-14-15-41-0.jpg
00000088-PHOTO-2025-2-15-8-28-0.jpg,.jpg,0.0972,data\raw\cgmacros\CGMacros\CGMacros-039\photos\00000088-PHOTO-2025-2-15-8-28-0.jpg
00000089-PHOTO-2025-2-15-8-35-0.jpg,.jpg,0.0701,data\raw\cgmacros\CGMacros\CGMacros-039\photos\00000089-PHOTO-2025-2-15-8-35-0.jpg
00000092-PHOTO-2025-2-15-11-25-0.jpg,.jpg,0.311,data\raw\cgmacros\CGMacros\CGMacros-039\photos\00000092-PHOTO-2025-2-15-11-25-0.jpg
00000093-PHOTO-2025-2-15-11-33-0.jpg,.jpg,0.3675,data\raw\cgmacros\CGMacros\CGMacros-039\photos\00000093-PHOTO-2025-2-15-11-33-0.jpg
00000094-PHOTO-2025-2-15-18-22-0.jpg,.jpg,0.1123,data\raw\cgmacros\CGMacros\CGMacros-039\photos\00000094-PHOTO-2025-2-15-18-22-0.jpg
00000095-PHOTO-2025-2-15-18-33-0.jpg,.jpg,0.1247,data\raw\cgmacros\CGMacros\CGMacros-039\photos\00000095-PHOTO-2025-2-15-18-33-0.jpg
00000096-PHOTO-2025-2-16-7-13-0.jpg,.jpg,0.1537,data\raw\cgmacros\CGMacros\CGMacros-039\photos\00000096-PHOTO-2025-2-16-7-13-0.jpg
00000097-PHOTO-2025-2-16-7-20-0.jpg,.jpg,0.0663,data\raw\cgmacros\CGMacros\CGMacros-039\photos\00000097-PHOTO-2025-2-16-7-20-0.jpg
00000099-PHOTO-2025-2-16-12-5-0.jpg,.jpg,0.2159,data\raw\cgmacros\CGMacros\CGMacros-039\photos\00000099-PHOTO-2025-2-16-12-5-0.jpg
00000101-PHOTO-2025-2-16-12-14-0.jpg,.jpg,0.245,data\raw\cgmacros\CGMacros\CGMacros-039\photos\00000101-PHOTO-2025-2-16-12-14-0.jpg
00000102-PHOTO-2025-2-16-17-52-0.jpg,.jpg,0.186,data\raw\cgmacros\CGMacros\CGMacros-039\photos\00000102-PHOTO-2025-2-16-17-52-0.jpg
00000103-PHOTO-2025-2-16-17-52-0.jpg,.jpg,0.1056,data\raw\cgmacros\CGMacros\CGMacros-039\photos\00000103-PHOTO-2025-2-16-17-52-0.jpg
00000104-PHOTO-2025-2-17-9-17-0.jpg,.jpg,0.1114,data\raw\cgmacros\CGMacros\CGMacros-039\photos\00000104-PHOTO-2025-2-17-9-17-0.jpg
00000105-PHOTO-2025-2-17-9-20-0.jpg,.jpg,0.0816,data\raw\cgmacros\CGMacros\CGMacros-039\photos\00000105-PHOTO-2025-2-17-9-20-0.jpg
00000005-PHOTO-2022-1-25-7-52-0.jpg,.jpg,0.1033,data\raw\cgmacros\CGMacros\CGMacros-038\photos\00000005-PHOTO-2022-1-25-7-52-0.jpg
00000006-PHOTO-2022-1-25-11-50-0.jpg,.jpg,0.2574,data\raw\cgmacros\CGMacros\CGMacros-038\photos\00000006-PHOTO-2022-1-25-11-50-0.jpg
00000008-PHOTO-2022-1-25-12-19-0.jpg,.jpg,0.169,data\raw\cgmacros\CGMacros\CGMacros-038\photos\00000008-PHOTO-2022-1-25-12-19-0.jpg
00000009-PHOTO-2022-1-26-8-0-0.jpg,.jpg,0.0818,data\raw\cgmacros\CGMacros\CGMacros-038\photos\00000009-PHOTO-2022-1-26-8-0-0.jpg
00000014-PHOTO-2022-1-26-11-48-0.jpg,.jpg,0.3284,data\raw\cgmacros\CGMacros\CGMacros-038\photos\00000014-PHOTO-2022-1-26-11-48-0.jpg
00000015-PHOTO-2022-1-26-12-0-0.jpg,.jpg,0.1807,data\raw\cgmacros\CGMacros\CGMacros-038\photos\00000015-PHOTO-2022-1-26-12-0-0.jpg
00000016-PHOTO-2022-1-26-12-8-0.jpg,.jpg,0.3483,data\raw\cgmacros\CGMacros\CGMacros-038\photos\00000016-PHOTO-2022-1-26-12-8-0.jpg
00000017-PHOTO-2022-1-26-16-18-0.jpg,.jpg,0.1001,data\raw\cgmacros\CGMacros\CGMacros-038\photos\00000017-PHOTO-2022-1-26-16-18-0.jpg
00000018-PHOTO-2022-1-26-16-31-0.jpg,.jpg,0.1644,data\raw\cgmacros\CGMacros\CGMacros-038\photos\00000018-PHOTO-2022-1-26-16-31-0.jpg
00000019-PHOTO-2022-1-27-6-27-0.jpg,.jpg,0.1038,data\raw\cgmacros\CGMacros\CGMacros-038\photos\00000019-PHOTO-2022-1-27-6-27-0.jpg
00000020-PHOTO-2022-1-27-6-29-0.jpg,.jpg,0.1091,data\raw\cgmacros\CGMacros\CGMacros-038\photos\00000020-PHOTO-2022-1-27-6-29-0.jpg
00000022-PHOTO-2022-1-27-11-22-0.jpg,.jpg,0.2021,data\raw\cgmacros\CGMacros\CGMacros-038\photos\00000022-PHOTO-2022-1-27-11-22-0.jpg
00000023-PHOTO-2022-1-27-11-40-0.jpg,.jpg,0.2236,data\raw\cgmacros\CGMacros\CGMacros-038\photos\00000023-PHOTO-2022-1-27-11-40-0.jpg
00000024-PHOTO-2022-1-27-11-46-0.jpg,.jpg,0.1244,data\raw\cgmacros\CGMacros\CGMacros-038\photos\00000024-PHOTO-2022-1-27-11-46-0.jpg
00000031-PHOTO-2022-1-27-15-59-0.jpg,.jpg,0.1934,data\raw\cgmacros\CGMacros\CGMacros-038\photos\00000031-PHOTO-2022-1-27-15-59-0.jpg
00000032-PHOTO-2022-1-27-17-46-0.jpg,.jpg,0.2477,data\raw\cgmacros\CGMacros\CGMacros-038\photos\00000032-PHOTO-2022-1-27-17-46-0.jpg
00000033-PHOTO-2022-1-28-6-16-0.jpg,.jpg,0.1129,data\raw\cgmacros\CGMacros\CGMacros-038\photos\00000033-PHOTO-2022-1-28-6-16-0.jpg
00000034-PHOTO-2022-1-28-6-18-0.jpg,.jpg,0.1063,data\raw\cgmacros\CGMacros\CGMacros-038\photos\00000034-PHOTO-2022-1-28-6-18-0.jpg
00000035-PHOTO-2022-1-28-11-24-0.jpg,.jpg,0.2466,data\raw\cgmacros\CGMacros\CGMacros-038\photos\00000035-PHOTO-2022-1-28-11-24-0.jpg
00000036-PHOTO-2022-1-28-11-39-0.jpg,.jpg,0.2426,data\raw\cgmacros\CGMacros\CGMacros-038\photos\00000036-PHOTO-2022-1-28-11-39-0.jpg
00000038-PHOTO-2022-1-28-15-47-0.jpg,.jpg,0.1481,data\raw\cgmacros\CGMacros\CGMacros-038\photos\00000038-PHOTO-2022-1-28-15-47-0.jpg
00000039-PHOTO-2022-1-28-17-0-0.jpg,.jpg,0.1447,data\raw\cgmacros\CGMacros\CGMacros-038\photos\00000039-PHOTO-2022-1-28-17-0-0.jpg
00000041-PHOTO-2022-1-29-6-38-0.jpg,.jpg,0.1066,data\raw\cgmacros\CGMacros\CGMacros-038\photos\00000041-PHOTO-2022-1-29-6-38-0.jpg
00000042-PHOTO-2022-1-29-6-39-0.jpg,.jpg,0.0874,data\raw\cgmacros\CGMacros\CGMacros-038\photos\00000042-PHOTO-2022-1-29-6-39-0.jpg
00000043-PHOTO-2022-1-29-11-29-0.jpg,.jpg,0.2246,data\raw\cgmacros\CGMacros\CGMacros-038\photos\00000043-PHOTO-2022-1-29-11-29-0.jpg
00000044-PHOTO-2022-1-29-12-0-0.jpg,.jpg,0.1816,data\raw\cgmacros\CGMacros\CGMacros-038\photos\00000044-PHOTO-2022-1-29-12-0-0.jpg
00000045-PHOTO-2022-1-29-16-23-0.jpg,.jpg,0.1766,data\raw\cgmacros\CGMacros\CGMacros-038\photos\00000045-PHOTO-2022-1-29-16-23-0.jpg
00000046-PHOTO-2022-1-29-16-25-0.jpg,.jpg,0.2503,data\raw\cgmacros\CGMacros\CGMacros-038\photos\00000046-PHOTO-2022-1-29-16-25-0.jpg
00000048-PHOTO-2022-1-29-16-57-0.jpg,.jpg,0.3227,data\raw\cgmacros\CGMacros\CGMacros-038\photos\00000048-PHOTO-2022-1-29-16-57-0.jpg
00000050-PHOTO-2022-1-30-6-48-0.jpg,.jpg,0.1024,data\raw\cgmacros\CGMacros\CGMacros-038\photos\00000050-PHOTO-2022-1-30-6-48-0.jpg
00000051-PHOTO-2022-1-30-6-49-0.jpg,.jpg,0.1578,data\raw\cgmacros\CGMacros\CGMacros-038\photos\00000051-PHOTO-2022-1-30-6-49-0.jpg
00000052-PHOTO-2022-1-30-11-23-0.jpg,.jpg,0.3911,data\raw\cgmacros\CGMacros\CGMacros-038\photos\00000052-PHOTO-2022-1-30-11-23-0.jpg
00000053-PHOTO-2022-1-30-11-53-0.jpg,.jpg,0.3601,data\raw\cgmacros\CGMacros\CGMacros-038\photos\00000053-PHOTO-2022-1-30-11-53-0.jpg
00000054-PHOTO-2022-1-30-14-59-0.jpg,.jpg,0.2485,data\raw\cgmacros\CGMacros\CGMacros-038\photos\00000054-PHOTO-2022-1-30-14-59-0.jpg
00000056-PHOTO-2022-1-30-18-20-0.jpg,.jpg,0.2641,data\raw\cgmacros\CGMacros\CGMacros-038\photos\00000056-PHOTO-2022-1-30-18-20-0.jpg
00000058-PHOTO-2022-1-31-7-3-0.jpg,.jpg,0.1978,data\raw\cgmacros\CGMacros\CGMacros-038\photos\00000058-PHOTO-2022-1-31-7-3-0.jpg
00000059-PHOTO-2022-1-31-7-4-0.jpg,.jpg,0.1565,data\raw\cgmacros\CGMacros\CGMacros-038\photos\00000059-PHOTO-2022-1-31-7-4-0.jpg
00000060-PHOTO-2022-1-31-11-30-0.jpg,.jpg,0.2665,data\raw\cgmacros\CGMacros\CGMacros-038\photos\00000060-PHOTO-2022-1-31-11-30-0.jpg
00000061-PHOTO-2022-1-31-11-43-0.jpg,.jpg,0.1758,data\raw\cgmacros\CGMacros\CGMacros-038\photos\00000061-PHOTO-2022-1-31-11-43-0.jpg
00000062-PHOTO-2022-1-31-14-38-0.jpg,.jpg,0.1919,data\raw\cgmacros\CGMacros\CGMacros-038\photos\00000062-PHOTO-2022-1-31-14-38-0.jpg
00000064-PHOTO-2022-1-31-17-9-0.jpg,.jpg,0.3141,data\raw\cgmacros\CGMacros\CGMacros-038\photos\00000064-PHOTO-2022-1-31-17-9-0.jpg
00000066-PHOTO-2022-2-1-7-18-0.jpg,.jpg,0.1058,data\raw\cgmacros\CGMacros\CGMacros-038\photos\00000066-PHOTO-2022-2-1-7-18-0.jpg
00000067-PHOTO-2022-2-1-7-19-0.jpg,.jpg,0.1076,data\raw\cgmacros\CGMacros\CGMacros-038\photos\00000067-PHOTO-2022-2-1-7-19-0.jpg
00000068-PHOTO-2022-2-1-11-13-0.jpg,.jpg,0.0921,data\raw\cgmacros\CGMacros\CGMacros-038\photos\00000068-PHOTO-2022-2-1-11-13-0.jpg
00000069-PHOTO-2022-2-1-11-55-0.jpg,.jpg,0.0955,data\raw\cgmacros\CGMacros\CGMacros-038\photos\00000069-PHOTO-2022-2-1-11-55-0.jpg
00000072-PHOTO-2022-2-1-15-22-0.jpg,.jpg,0.1464,data\raw\cgmacros\CGMacros\CGMacros-038\photos\00000072-PHOTO-2022-2-1-15-22-0.jpg
00000073-PHOTO-2022-2-1-17-12-0.jpg,.jpg,0.1657,data\raw\cgmacros\CGMacros\CGMacros-038\photos\00000073-PHOTO-2022-2-1-17-12-0.jpg
00000074-PHOTO-2022-2-2-7-2-0.jpg,.jpg,0.2016,data\raw\cgmacros\CGMacros\CGMacros-038\photos\00000074-PHOTO-2022-2-2-7-2-0.jpg
00000075-PHOTO-2022-2-2-7-2-0.jpg,.jpg,0.144,data\raw\cgmacros\CGMacros\CGMacros-038\photos\00000075-PHOTO-2022-2-2-7-2-0.jpg
00000076-PHOTO-2022-2-2-11-34-0.jpg,.jpg,0.3449,data\raw\cgmacros\CGMacros\CGMacros-038\photos\00000076-PHOTO-2022-2-2-11-34-0.jpg
00000077-PHOTO-2022-2-2-11-50-0.jpg,.jpg,0.2924,data\raw\cgmacros\CGMacros\CGMacros-038\photos\00000077-PHOTO-2022-2-2-11-50-0.jpg
00000080-PHOTO-2022-2-2-15-14-0.jpg,.jpg,0.1263,data\raw\cgmacros\CGMacros\CGMacros-038\photos\00000080-PHOTO-2022-2-2-15-14-0.jpg
00000082-PHOTO-2022-2-2-16-4-0.jpg,.jpg,0.1488,data\raw\cgmacros\CGMacros\CGMacros-038\photos\00000082-PHOTO-2022-2-2-16-4-0.jpg
00000084-PHOTO-2022-2-3-7-17-0.jpg,.jpg,0.1871,data\raw\cgmacros\CGMacros\CGMacros-038\photos\00000084-PHOTO-2022-2-3-7-17-0.jpg
00000085-PHOTO-2022-2-3-7-17-0.jpg,.jpg,0.1578,data\raw\cgmacros\CGMacros\CGMacros-038\photos\00000085-PHOTO-2022-2-3-7-17-0.jpg
00000086-PHOTO-2022-2-3-11-3-0.jpg,.jpg,0.3845,data\raw\cgmacros\CGMacros\CGMacros-038\photos\00000086-PHOTO-2022-2-3-11-3-0.jpg
00000088-PHOTO-2022-2-3-11-21-0.jpg,.jpg,0.247,data\raw\cgmacros\CGMacros\CGMacros-038\photos\00000088-PHOTO-2022-2-3-11-21-0.jpg
00000089-PHOTO-2022-2-3-13-41-0.jpg,.jpg,0.3694,data\raw\cgmacros\CGMacros\CGMacros-038\photos\00000089-PHOTO-2022-2-3-13-41-0.jpg
00000090-PHOTO-2022-2-3-16-39-0.jpg,.jpg,0.2498,data\raw\cgmacros\CGMacros\CGMacros-038\photos\00000090-PHOTO-2022-2-3-16-39-0.jpg
00000091-PHOTO-2022-2-4-6-2-0.jpg,.jpg,0.1614,data\raw\cgmacros\CGMacros\CGMacros-038\photos\00000091-PHOTO-2022-2-4-6-2-0.jpg
00000092-PHOTO-2022-2-4-6-3-0.jpg,.jpg,0.1516,data\raw\cgmacros\CGMacros\CGMacros-038\photos\00000092-PHOTO-2022-2-4-6-3-0.jpg
00000002-PHOTO-2022-3-29-9-12-0.jpg,.jpg,0.1193,data\raw\cgmacros\CGMacros\CGMacros-036\photos\00000002-PHOTO-2022-3-29-9-12-0.jpg
00000003-PHOTO-2022-3-29-11-46-0.jpg,.jpg,0.1519,data\raw\cgmacros\CGMacros\CGMacros-036\photos\00000003-PHOTO-2022-3-29-11-46-0.jpg
00000004-PHOTO-2022-3-29-12-26-0.jpg,.jpg,0.171,data\raw\cgmacros\CGMacros\CGMacros-036\photos\00000004-PHOTO-2022-3-29-12-26-0.jpg
00000005-PHOTO-2022-3-29-17-38-0.jpg,.jpg,0.305,data\raw\cgmacros\CGMacros\CGMacros-036\photos\00000005-PHOTO-2022-3-29-17-38-0.jpg
00000006-PHOTO-2022-3-29-17-47-0.jpg,.jpg,0.3981,data\raw\cgmacros\CGMacros\CGMacros-036\photos\00000006-PHOTO-2022-3-29-17-47-0.jpg
00000008-PHOTO-2022-3-30-8-9-0.jpg,.jpg,0.1358,data\raw\cgmacros\CGMacros\CGMacros-036\photos\00000008-PHOTO-2022-3-30-8-9-0.jpg
00000010-PHOTO-2022-3-30-12-7-0.jpg,.jpg,0.1399,data\raw\cgmacros\CGMacros\CGMacros-036\photos\00000010-PHOTO-2022-3-30-12-7-0.jpg
00000011-PHOTO-2022-3-30-12-14-0.jpg,.jpg,0.1312,data\raw\cgmacros\CGMacros\CGMacros-036\photos\00000011-PHOTO-2022-3-30-12-14-0.jpg
00000012-PHOTO-2022-3-30-17-21-0.jpg,.jpg,0.3431,data\raw\cgmacros\CGMacros\CGMacros-036\photos\00000012-PHOTO-2022-3-30-17-21-0.jpg
00000013-PHOTO-2022-3-30-18-0-0.jpg,.jpg,0.4014,data\raw\cgmacros\CGMacros\CGMacros-036\photos\00000013-PHOTO-2022-3-30-18-0-0.jpg
00000014-PHOTO-2022-3-31-7-58-0.jpg,.jpg,0.0891,data\raw\cgmacros\CGMacros\CGMacros-036\photos\00000014-PHOTO-2022-3-31-7-58-0.jpg
00000015-PHOTO-2022-3-31-11-25-0.jpg,.jpg,0.1471,data\raw\cgmacros\CGMacros\CGMacros-036\photos\00000015-PHOTO-2022-3-31-11-25-0.jpg
00000016-PHOTO-2022-3-31-11-39-0.jpg,.jpg,0.2424,data\raw\cgmacros\CGMacros\CGMacros-036\photos\00000016-PHOTO-2022-3-31-11-39-0.jpg
00000018-PHOTO-2022-3-31-11-59-0.jpg,.jpg,0.2243,data\raw\cgmacros\CGMacros\CGMacros-036\photos\00000018-PHOTO-2022-3-31-11-59-0.jpg
00000019-PHOTO-2022-3-31-16-36-0.jpg,.jpg,0.3922,data\raw\cgmacros\CGMacros\CGMacros-036\photos\00000019-PHOTO-2022-3-31-16-36-0.jpg
00000020-PHOTO-2022-3-31-16-48-0.jpg,.jpg,0.4752,data\raw\cgmacros\CGMacros\CGMacros-036\photos\00000020-PHOTO-2022-3-31-16-48-0.jpg
00000021-PHOTO-2022-4-1-7-35-0.jpg,.jpg,0.104,data\raw\cgmacros\CGMacros\CGMacros-036\photos\00000021-PHOTO-2022-4-1-7-35-0.jpg
00000022-PHOTO-2022-4-1-7-38-0.jpg,.jpg,0.0951,data\raw\cgmacros\CGMacros\CGMacros-036\photos\00000022-PHOTO-2022-4-1-7-38-0.jpg
00000023-PHOTO-2022-4-1-11-44-0.jpg,.jpg,0.1384,data\raw\cgmacros\CGMacros\CGMacros-036\photos\00000023-PHOTO-2022-4-1-11-44-0.jpg
00000024-PHOTO-2022-4-1-12-2-0.jpg,.jpg,0.3768,data\raw\cgmacros\CGMacros\CGMacros-036\photos\00000024-PHOTO-2022-4-1-12-2-0.jpg
00000026-PHOTO-2022-4-1-16-28-0.jpg,.jpg,0.3019,data\raw\cgmacros\CGMacros\CGMacros-036\photos\00000026-PHOTO-2022-4-1-16-28-0.jpg
00000027-PHOTO-2022-4-1-16-58-0.jpg,.jpg,0.3581,data\raw\cgmacros\CGMacros\CGMacros-036\photos\00000027-PHOTO-2022-4-1-16-58-0.jpg
00000028-PHOTO-2022-4-2-7-37-0.jpg,.jpg,0.2082,data\raw\cgmacros\CGMacros\CGMacros-036\photos\00000028-PHOTO-2022-4-2-7-37-0.jpg
00000029-PHOTO-2022-4-2-7-41-0.jpg,.jpg,0.197,data\raw\cgmacros\CGMacros\CGMacros-036\photos\00000029-PHOTO-2022-4-2-7-41-0.jpg
00000031-PHOTO-2022-4-2-11-40-0.jpg,.jpg,0.384,data\raw\cgmacros\CGMacros\CGMacros-036\photos\00000031-PHOTO-2022-4-2-11-40-0.jpg
00000032-PHOTO-2022-4-2-12-7-0.jpg,.jpg,0.2255,data\raw\cgmacros\CGMacros\CGMacros-036\photos\00000032-PHOTO-2022-4-2-12-7-0.jpg
00000033-PHOTO-2022-4-2-17-54-0.jpg,.jpg,0.4436,data\raw\cgmacros\CGMacros\CGMacros-036\photos\00000033-PHOTO-2022-4-2-17-54-0.jpg
00000034-PHOTO-2022-4-2-18-15-0.jpg,.jpg,0.3363,data\raw\cgmacros\CGMacros\CGMacros-036\photos\00000034-PHOTO-2022-4-2-18-15-0.jpg
00000035-PHOTO-2022-4-3-7-37-0.jpg,.jpg,0.1126,data\raw\cgmacros\CGMacros\CGMacros-036\photos\00000035-PHOTO-2022-4-3-7-37-0.jpg
00000036-PHOTO-2022-4-3-7-40-0.jpg,.jpg,0.1163,data\raw\cgmacros\CGMacros\CGMacros-036\photos\00000036-PHOTO-2022-4-3-7-40-0.jpg
00000039-PHOTO-2022-4-3-11-45-0.jpg,.jpg,0.2498,data\raw\cgmacros\CGMacros\CGMacros-036\photos\00000039-PHOTO-2022-4-3-11-45-0.jpg
00000040-PHOTO-2022-4-3-12-9-0.jpg,.jpg,0.1422,data\raw\cgmacros\CGMacros\CGMacros-036\photos\00000040-PHOTO-2022-4-3-12-9-0.jpg
00000042-PHOTO-2022-4-3-17-53-0.jpg,.jpg,0.2071,data\raw\cgmacros\CGMacros\CGMacros-036\photos\00000042-PHOTO-2022-4-3-17-53-0.jpg
00000043-PHOTO-2022-4-3-18-12-0.jpg,.jpg,0.2537,data\raw\cgmacros\CGMacros\CGMacros-036\photos\00000043-PHOTO-2022-4-3-18-12-0.jpg
00000044-PHOTO-2022-4-4-8-18-0.jpg,.jpg,0.3063,data\raw\cgmacros\CGMacros\CGMacros-036\photos\00000044-PHOTO-2022-4-4-8-18-0.jpg
00000045-PHOTO-2022-4-4-8-20-0.jpg,.jpg,0.2788,data\raw\cgmacros\CGMacros\CGMacros-036\photos\00000045-PHOTO-2022-4-4-8-20-0.jpg
00000048-PHOTO-2022-4-4-11-58-0.jpg,.jpg,0.2683,data\raw\cgmacros\CGMacros\CGMacros-036\photos\00000048-PHOTO-2022-4-4-11-58-0.jpg
00000049-PHOTO-2022-4-4-12-17-0.jpg,.jpg,0.343,data\raw\cgmacros\CGMacros\CGMacros-036\photos\00000049-PHOTO-2022-4-4-12-17-0.jpg
00000050-PHOTO-2022-4-4-17-24-0.jpg,.jpg,0.3572,data\raw\cgmacros\CGMacros\CGMacros-036\photos\00000050-PHOTO-2022-4-4-17-24-0.jpg
00000051-PHOTO-2022-4-4-17-42-0.jpg,.jpg,0.275,data\raw\cgmacros\CGMacros\CGMacros-036\photos\00000051-PHOTO-2022-4-4-17-42-0.jpg
00000052-PHOTO-2022-4-5-8-14-0.jpg,.jpg,0.1718,data\raw\cgmacros\CGMacros\CGMacros-036\photos\00000052-PHOTO-2022-4-5-8-14-0.jpg
00000053-PHOTO-2022-4-5-8-17-0.jpg,.jpg,0.1093,data\raw\cgmacros\CGMacros\CGMacros-036\photos\00000053-PHOTO-2022-4-5-8-17-0.jpg
00000057-PHOTO-2022-4-5-11-59-0.jpg,.jpg,0.3327,data\raw\cgmacros\CGMacros\CGMacros-036\photos\00000057-PHOTO-2022-4-5-11-59-0.jpg
00000058-PHOTO-2022-4-5-12-20-0.jpg,.jpg,0.179,data\raw\cgmacros\CGMacros\CGMacros-036\photos\00000058-PHOTO-2022-4-5-12-20-0.jpg
00000059-PHOTO-2022-4-5-17-5-0.jpg,.jpg,0.2798,data\raw\cgmacros\CGMacros\CGMacros-036\photos\00000059-PHOTO-2022-4-5-17-5-0.jpg
00000060-PHOTO-2022-4-5-17-14-0.jpg,.jpg,0.1444,data\raw\cgmacros\CGMacros\CGMacros-036\photos\00000060-PHOTO-2022-4-5-17-14-0.jpg
00000061-PHOTO-2022-4-6-8-1-0.jpg,.jpg,0.1435,data\raw\cgmacros\CGMacros\CGMacros-036\photos\00000061-PHOTO-2022-4-6-8-1-0.jpg
00000062-PHOTO-2022-4-6-8-3-0.jpg,.jpg,0.174,data\raw\cgmacros\CGMacros\CGMacros-036\photos\00000062-PHOTO-2022-4-6-8-3-0.jpg
00000064-PHOTO-2022-4-6-11-57-0.jpg,.jpg,0.2143,data\raw\cgmacros\CGMacros\CGMacros-036\photos\00000064-PHOTO-2022-4-6-11-57-0.jpg
00000065-PHOTO-2022-4-6-12-26-0.jpg,.jpg,0.3244,data\raw\cgmacros\CGMacros\CGMacros-036\photos\00000065-PHOTO-2022-4-6-12-26-0.jpg
00000066-PHOTO-2022-4-6-16-53-0.jpg,.jpg,0.3599,data\raw\cgmacros\CGMacros\CGMacros-036\photos\00000066-PHOTO-2022-4-6-16-53-0.jpg
00000067-PHOTO-2022-4-6-17-7-0.jpg,.jpg,0.464,data\raw\cgmacros\CGMacros\CGMacros-036\photos\00000067-PHOTO-2022-4-6-17-7-0.jpg
00000068-PHOTO-2022-4-7-7-54-0.jpg,.jpg,0.1534,data\raw\cgmacros\CGMacros\CGMacros-036\photos\00000068-PHOTO-2022-4-7-7-54-0.jpg
00000069-PHOTO-2022-4-7-7-56-0.jpg,.jpg,0.1892,data\raw\cgmacros\CGMacros\CGMacros-036\photos\00000069-PHOTO-2022-4-7-7-56-0.jpg
00000071-PHOTO-2022-4-7-12-36-0.jpg,.jpg,0.173,data\raw\cgmacros\CGMacros\CGMacros-036\photos\00000071-PHOTO-2022-4-7-12-36-0.jpg
00000072-PHOTO-2022-4-7-12-52-0.jpg,.jpg,0.0814,data\raw\cgmacros\CGMacros\CGMacros-036\photos\00000072-PHOTO-2022-4-7-12-52-0.jpg
00000073-PHOTO-2022-4-7-17-32-0.jpg,.jpg,0.1437,data\raw\cgmacros\CGMacros\CGMacros-036\photos\00000073-PHOTO-2022-4-7-17-32-0.jpg
00000074-PHOTO-2022-4-7-17-53-0.jpg,.jpg,0.1589,data\raw\cgmacros\CGMacros\CGMacros-036\photos\00000074-PHOTO-2022-4-7-17-53-0.jpg
00000075-PHOTO-2022-4-8-8-0-0.jpg,.jpg,0.1207,data\raw\cgmacros\CGMacros\CGMacros-036\photos\00000075-PHOTO-2022-4-8-8-0-0.jpg
00000076-PHOTO-2022-4-8-8-4-0.jpg,.jpg,0.0786,data\raw\cgmacros\CGMacros\CGMacros-036\photos\00000076-PHOTO-2022-4-8-8-4-0.jpg
00000003-PHOTO-2024-12-12-12-42-0.jpg,.jpg,0.4007,data\raw\cgmacros\CGMacros\CGMacros-035\photos\00000003-PHOTO-2024-12-12-12-42-0.jpg
00000008-PHOTO-2024-12-13-8-2-0.jpg,.jpg,0.1011,data\raw\cgmacros\CGMacros\CGMacros-035\photos\00000008-PHOTO-2024-12-13-8-2-0.jpg
00000012-PHOTO-2024-12-13-8-56-0.jpg,.jpg,0.0753,data\raw\cgmacros\CGMacros\CGMacros-035\photos\00000012-PHOTO-2024-12-13-8-56-0.jpg
00000019-PHOTO-2024-12-13-12-15-0.jpg,.jpg,0.2805,data\raw\cgmacros\CGMacros\CGMacros-035\photos\00000019-PHOTO-2024-12-13-12-15-0.jpg
00000020-PHOTO-2024-12-13-12-49-0.jpg,.jpg,0.2362,data\raw\cgmacros\CGMacros\CGMacros-035\photos\00000020-PHOTO-2024-12-13-12-49-0.jpg
00000021-PHOTO-2024-12-13-20-56-0.jpg,.jpg,0.362,data\raw\cgmacros\CGMacros\CGMacros-035\photos\00000021-PHOTO-2024-12-13-20-56-0.jpg
00000022-PHOTO-2024-12-13-20-56-0.jpg,.jpg,0.2531,data\raw\cgmacros\CGMacros\CGMacros-035\photos\00000022-PHOTO-2024-12-13-20-56-0.jpg
00000023-PHOTO-2024-12-14-7-10-0.jpg,.jpg,0.154,data\raw\cgmacros\CGMacros\CGMacros-035\photos\00000023-PHOTO-2024-12-14-7-10-0.jpg
00000024-PHOTO-2024-12-14-8-1-0.jpg,.jpg,0.0584,data\raw\cgmacros\CGMacros\CGMacros-035\photos\00000024-PHOTO-2024-12-14-8-1-0.jpg
00000028-PHOTO-2024-12-14-12-4-0.jpg,.jpg,0.3073,data\raw\cgmacros\CGMacros\CGMacros-035\photos\00000028-PHOTO-2024-12-14-12-4-0.jpg
00000029-PHOTO-2024-12-14-12-33-0.jpg,.jpg,0.2988,data\raw\cgmacros\CGMacros\CGMacros-035\photos\00000029-PHOTO-2024-12-14-12-33-0.jpg
00000034-PHOTO-2024-12-14-20-57-0.jpg,.jpg,0.1562,data\raw\cgmacros\CGMacros\CGMacros-035\photos\00000034-PHOTO-2024-12-14-20-57-0.jpg
00000035-PHOTO-2024-12-14-21-1-0.jpg,.jpg,0.1601,data\raw\cgmacros\CGMacros\CGMacros-035\photos\00000035-PHOTO-2024-12-14-21-1-0.jpg
00000038-PHOTO-2024-12-15-6-20-0.jpg,.jpg,0.1697,data\raw\cgmacros\CGMacros\CGMacros-035\photos\00000038-PHOTO-2024-12-15-6-20-0.jpg
00000039-PHOTO-2024-12-15-6-23-0.jpg,.jpg,0.0591,data\raw\cgmacros\CGMacros\CGMacros-035\photos\00000039-PHOTO-2024-12-15-6-23-0.jpg
00000042-PHOTO-2024-12-15-14-2-0.jpg,.jpg,0.1845,data\raw\cgmacros\CGMacros\CGMacros-035\photos\00000042-PHOTO-2024-12-15-14-2-0.jpg
00000043-PHOTO-2024-12-15-14-2-0.jpg,.jpg,0.4103,data\raw\cgmacros\CGMacros\CGMacros-035\photos\00000043-PHOTO-2024-12-15-14-2-0.jpg
00000044-PHOTO-2024-12-15-20-26-0.jpg,.jpg,0.3175,data\raw\cgmacros\CGMacros\CGMacros-035\photos\00000044-PHOTO-2024-12-15-20-26-0.jpg
00000045-PHOTO-2024-12-15-20-39-0.jpg,.jpg,0.1658,data\raw\cgmacros\CGMacros\CGMacros-035\photos\00000045-PHOTO-2024-12-15-20-39-0.jpg
00000046-PHOTO-2024-12-16-8-32-0.jpg,.jpg,0.1654,data\raw\cgmacros\CGMacros\CGMacros-035\photos\00000046-PHOTO-2024-12-16-8-32-0.jpg
00000047-PHOTO-2024-12-16-9-9-0.jpg,.jpg,0.0776,data\raw\cgmacros\CGMacros\CGMacros-035\photos\00000047-PHOTO-2024-12-16-9-9-0.jpg
00000051-PHOTO-2024-12-16-13-13-0.jpg,.jpg,0.2024,data\raw\cgmacros\CGMacros\CGMacros-035\photos\00000051-PHOTO-2024-12-16-13-13-0.jpg
00000054-PHOTO-2024-12-16-13-26-0.jpg,.jpg,0.2095,data\raw\cgmacros\CGMacros\CGMacros-035\photos\00000054-PHOTO-2024-12-16-13-26-0.jpg
00000057-PHOTO-2024-12-16-18-50-0.jpg,.jpg,0.0884,data\raw\cgmacros\CGMacros\CGMacros-035\photos\00000057-PHOTO-2024-12-16-18-50-0.jpg
00000060-PHOTO-2024-12-16-19-7-0.jpg,.jpg,0.0749,data\raw\cgmacros\CGMacros\CGMacros-035\photos\00000060-PHOTO-2024-12-16-19-7-0.jpg
00000061-PHOTO-2024-12-17-6-29-0.jpg,.jpg,0.1387,data\raw\cgmacros\CGMacros\CGMacros-035\photos\00000061-PHOTO-2024-12-17-6-29-0.jpg
00000062-PHOTO-2024-12-17-6-44-0.jpg,.jpg,0.1181,data\raw\cgmacros\CGMacros\CGMacros-035\photos\00000062-PHOTO-2024-12-17-6-44-0.jpg
00000066-PHOTO-2024-12-17-12-19-0.jpg,.jpg,0.1543,data\raw\cgmacros\CGMacros\CGMacros-035\photos\00000066-PHOTO-2024-12-17-12-19-0.jpg
00000067-PHOTO-2024-12-17-19-5-0.jpg,.jpg,0.1972,data\raw\cgmacros\CGMacros\CGMacros-035\photos\00000067-PHOTO-2024-12-17-19-5-0.jpg
00000068-PHOTO-2024-12-17-19-31-0.jpg,.jpg,0.1392,data\raw\cgmacros\CGMacros\CGMacros-035\photos\00000068-PHOTO-2024-12-17-19-31-0.jpg
00000070-PHOTO-2024-12-18-7-10-0.jpg,.jpg,0.1779,data\raw\cgmacros\CGMacros\CGMacros-035\photos\00000070-PHOTO-2024-12-18-7-10-0.jpg
00000073-PHOTO-2024-12-18-9-15-0.jpg,.jpg,0.0586,data\raw\cgmacros\CGMacros\CGMacros-035\photos\00000073-PHOTO-2024-12-18-9-15-0.jpg
00000077-PHOTO-2024-12-18-13-2-0.jpg,.jpg,0.3649,data\raw\cgmacros\CGMacros\CGMacros-035\photos\00000077-PHOTO-2024-12-18-13-2-0.jpg
00000078-PHOTO-2024-12-18-13-35-0.jpg,.jpg,0.2299,data\raw\cgmacros\CGMacros\CGMacros-035\photos\00000078-PHOTO-2024-12-18-13-35-0.jpg
00000081-PHOTO-2024-12-18-20-9-0.jpg,.jpg,0.0906,data\raw\cgmacros\CGMacros\CGMacros-035\photos\00000081-PHOTO-2024-12-18-20-9-0.jpg
00000082-PHOTO-2024-12-18-20-19-0.jpg,.jpg,0.0552,data\raw\cgmacros\CGMacros\CGMacros-035\photos\00000082-PHOTO-2024-12-18-20-19-0.jpg
00000084-PHOTO-2024-12-19-6-25-0.jpg,.jpg,0.2332,data\raw\cgmacros\CGMacros\CGMacros-035\photos\00000084-PHOTO-2024-12-19-6-25-0.jpg
00000085-PHOTO-2024-12-19-6-33-0.jpg,.jpg,0.0866,data\raw\cgmacros\CGMacros\CGMacros-035\photos\00000085-PHOTO-2024-12-19-6-33-0.jpg
00000087-PHOTO-2024-12-19-12-9-0.jpg,.jpg,0.2876,data\raw\cgmacros\CGMacros\CGMacros-035\photos\00000087-PHOTO-2024-12-19-12-9-0.jpg
00000088-PHOTO-2024-12-19-12-51-0.jpg,.jpg,0.1443,data\raw\cgmacros\CGMacros\CGMacros-035\photos\00000088-PHOTO-2024-12-19-12-51-0.jpg
00000089-PHOTO-2024-12-19-12-51-0.jpg,.jpg,0.1792,data\raw\cgmacros\CGMacros\CGMacros-035\photos\00000089-PHOTO-2024-12-19-12-51-0.jpg
00000092-PHOTO-2024-12-19-18-42-0.jpg,.jpg,0.0952,data\raw\cgmacros\CGMacros\CGMacros-035\photos\00000092-PHOTO-2024-12-19-18-42-0.jpg
00000093-PHOTO-2024-12-19-19-4-0.jpg,.jpg,0.076,data\raw\cgmacros\CGMacros\CGMacros-035\photos\00000093-PHOTO-2024-12-19-19-4-0.jpg
00000094-PHOTO-2024-12-20-6-39-0.jpg,.jpg,0.1309,data\raw\cgmacros\CGMacros\CGMacros-035\photos\00000094-PHOTO-2024-12-20-6-39-0.jpg
00000095-PHOTO-2024-12-20-7-37-0.jpg,.jpg,0.0959,data\raw\cgmacros\CGMacros\CGMacros-035\photos\00000095-PHOTO-2024-12-20-7-37-0.jpg
00000102-PHOTO-2024-12-20-12-45-0.jpg,.jpg,0.1989,data\raw\cgmacros\CGMacros\CGMacros-035\photos\00000102-PHOTO-2024-12-20-12-45-0.jpg
00000103-PHOTO-2024-12-20-12-45-0.jpg,.jpg,0.2103,data\raw\cgmacros\CGMacros\CGMacros-035\photos\00000103-PHOTO-2024-12-20-12-45-0.jpg
00000104-PHOTO-2024-12-20-18-58-0.jpg,.jpg,0.2161,data\raw\cgmacros\CGMacros\CGMacros-035\photos\00000104-PHOTO-2024-12-20-18-58-0.jpg
00000105-PHOTO-2024-12-20-19-9-0.jpg,.jpg,0.1011,data\raw\cgmacros\CGMacros\CGMacros-035\photos\00000105-PHOTO-2024-12-20-19-9-0.jpg
00000106-PHOTO-2024-12-21-6-53-0.jpg,.jpg,0.0849,data\raw\cgmacros\CGMacros\CGMacros-035\photos\00000106-PHOTO-2024-12-21-6-53-0.jpg
00000107-PHOTO-2024-12-21-8-8-0.jpg,.jpg,0.0887,data\raw\cgmacros\CGMacros\CGMacros-035\photos\00000107-PHOTO-2024-12-21-8-8-0.jpg
00000110-PHOTO-2024-12-21-12-58-0.jpg,.jpg,0.2667,data\raw\cgmacros\CGMacros\CGMacros-035\photos\00000110-PHOTO-2024-12-21-12-58-0.jpg
00000111-PHOTO-2024-12-21-13-38-0.jpg,.jpg,0.536,data\raw\cgmacros\CGMacros\CGMacros-035\photos\00000111-PHOTO-2024-12-21-13-38-0.jpg
00000114-PHOTO-2024-12-22-7-19-0.jpg,.jpg,0.1946,data\raw\cgmacros\CGMacros\CGMacros-035\photos\00000114-PHOTO-2024-12-22-7-19-0.jpg
00000115-PHOTO-2024-12-22-7-27-0.jpg,.jpg,0.0843,data\raw\cgmacros\CGMacros\CGMacros-035\photos\00000115-PHOTO-2024-12-22-7-27-0.jpg
00000117-PHOTO-2024-12-22-8-45-0.jpg,.jpg,0.0679,data\raw\cgmacros\CGMacros\CGMacros-035\photos\00000117-PHOTO-2024-12-22-8-45-0.jpg
00000118-PHOTO-2024-12-22-8-45-0.jpg,.jpg,0.0855,data\raw\cgmacros\CGMacros\CGMacros-035\photos\00000118-PHOTO-2024-12-22-8-45-0.jpg
00000119-PHOTO-2024-12-22-8-45-0.jpg,.jpg,0.1006,data\raw\cgmacros\CGMacros\CGMacros-035\photos\00000119-PHOTO-2024-12-22-8-45-0.jpg
00000120-PHOTO-2024-12-22-8-45-0.jpg,.jpg,0.1023,data\raw\cgmacros\CGMacros\CGMacros-035\photos\00000120-PHOTO-2024-12-22-8-45-0.jpg
00000121-PHOTO-2024-12-22-8-45-0.jpg,.jpg,0.0785,data\raw\cgmacros\CGMacros\CGMacros-035\photos\00000121-PHOTO-2024-12-22-8-45-0.jpg
00000003-PHOTO-2022-3-2-8-7-0.jpg,.jpg,0.0836,data\raw\cgmacros\CGMacros\CGMacros-034\photos\00000003-PHOTO-2022-3-2-8-7-0.jpg
00000004-PHOTO-2022-3-2-8-10-0.jpg,.jpg,0.1208,data\raw\cgmacros\CGMacros\CGMacros-034\photos\00000004-PHOTO-2022-3-2-8-10-0.jpg
00000005-PHOTO-2022-3-2-11-19-0.jpg,.jpg,0.1109,data\raw\cgmacros\CGMacros\CGMacros-034\photos\00000005-PHOTO-2022-3-2-11-19-0.jpg
00000006-PHOTO-2022-3-2-11-49-0.jpg,.jpg,0.104,data\raw\cgmacros\CGMacros\CGMacros-034\photos\00000006-PHOTO-2022-3-2-11-49-0.jpg
00000007-PHOTO-2022-3-2-12-10-0.jpg,.jpg,0.2277,data\raw\cgmacros\CGMacros\CGMacros-034\photos\00000007-PHOTO-2022-3-2-12-10-0.jpg
00000008-PHOTO-2022-3-2-12-39-0.jpg,.jpg,0.1648,data\raw\cgmacros\CGMacros\CGMacros-034\photos\00000008-PHOTO-2022-3-2-12-39-0.jpg
00000010-PHOTO-2022-3-2-17-18-0.jpg,.jpg,0.1102,data\raw\cgmacros\CGMacros\CGMacros-034\photos\00000010-PHOTO-2022-3-2-17-18-0.jpg
00000011-PHOTO-2022-3-2-17-19-0.jpg,.jpg,0.0918,data\raw\cgmacros\CGMacros\CGMacros-034\photos\00000011-PHOTO-2022-3-2-17-19-0.jpg
00000015-PHOTO-2022-3-2-19-7-0.jpg,.jpg,0.168,data\raw\cgmacros\CGMacros\CGMacros-034\photos\00000015-PHOTO-2022-3-2-19-7-0.jpg
00000017-PHOTO-2022-3-3-7-38-0.jpg,.jpg,0.0912,data\raw\cgmacros\CGMacros\CGMacros-034\photos\00000017-PHOTO-2022-3-3-7-38-0.jpg
00000018-PHOTO-2022-3-3-7-45-0.jpg,.jpg,0.1457,data\raw\cgmacros\CGMacros\CGMacros-034\photos\00000018-PHOTO-2022-3-3-7-45-0.jpg
00000021-PHOTO-2022-3-3-9-50-0.jpg,.jpg,0.1079,data\raw\cgmacros\CGMacros\CGMacros-034\photos\00000021-PHOTO-2022-3-3-9-50-0.jpg
00000023-PHOTO-2022-3-3-10-57-0.jpg,.jpg,0.113,data\raw\cgmacros\CGMacros\CGMacros-034\photos\00000023-PHOTO-2022-3-3-10-57-0.jpg
00000025-PHOTO-2022-3-3-11-11-0.jpg,.jpg,0.1047,data\raw\cgmacros\CGMacros\CGMacros-034\photos\00000025-PHOTO-2022-3-3-11-11-0.jpg
00000026-PHOTO-2022-3-3-11-12-0.jpg,.jpg,0.1475,data\raw\cgmacros\CGMacros\CGMacros-034\photos\00000026-PHOTO-2022-3-3-11-12-0.jpg
00000027-PHOTO-2022-3-3-11-32-0.jpg,.jpg,0.2342,data\raw\cgmacros\CGMacros\CGMacros-034\photos\00000027-PHOTO-2022-3-3-11-32-0.jpg
00000028-PHOTO-2022-3-3-12-13-0.jpg,.jpg,0.1942,data\raw\cgmacros\CGMacros\CGMacros-034\photos\00000028-PHOTO-2022-3-3-12-13-0.jpg
00000029-PHOTO-2022-3-3-12-14-0.jpg,.jpg,0.1901,data\raw\cgmacros\CGMacros\CGMacros-034\photos\00000029-PHOTO-2022-3-3-12-14-0.jpg
00000030-PHOTO-2022-3-3-12-35-0.jpg,.jpg,0.2173,data\raw\cgmacros\CGMacros\CGMacros-034\photos\00000030-PHOTO-2022-3-3-12-35-0.jpg
00000033-PHOTO-2022-3-3-17-23-0.jpg,.jpg,0.1321,data\raw\cgmacros\CGMacros\CGMacros-034\photos\00000033-PHOTO-2022-3-3-17-23-0.jpg
00000036-PHOTO-2022-3-3-19-44-0.jpg,.jpg,0.2949,data\raw\cgmacros\CGMacros\CGMacros-034\photos\00000036-PHOTO-2022-3-3-19-44-0.jpg
00000037-PHOTO-2022-3-3-19-44-0.jpg,.jpg,0.2127,data\raw\cgmacros\CGMacros\CGMacros-034\photos\00000037-PHOTO-2022-3-3-19-44-0.jpg
00000038-PHOTO-2022-3-3-19-51-0.jpg,.jpg,0.1562,data\raw\cgmacros\CGMacros\CGMacros-034\photos\00000038-PHOTO-2022-3-3-19-51-0.jpg
00000039-PHOTO-2022-3-3-19-52-0.jpg,.jpg,0.1268,data\raw\cgmacros\CGMacros\CGMacros-034\photos\00000039-PHOTO-2022-3-3-19-52-0.jpg
00000040-PHOTO-2022-3-3-20-29-0.jpg,.jpg,0.14,data\raw\cgmacros\CGMacros\CGMacros-034\photos\00000040-PHOTO-2022-3-3-20-29-0.jpg
00000041-PHOTO-2022-3-4-6-43-0.jpg,.jpg,0.1421,data\raw\cgmacros\CGMacros\CGMacros-034\photos\00000041-PHOTO-2022-3-4-6-43-0.jpg
00000042-PHOTO-2022-3-4-6-51-0.jpg,.jpg,0.1166,data\raw\cgmacros\CGMacros\CGMacros-034\photos\00000042-PHOTO-2022-3-4-6-51-0.jpg
00000043-PHOTO-2022-3-4-10-7-0.jpg,.jpg,0.1695,data\raw\cgmacros\CGMacros\CGMacros-034\photos\00000043-PHOTO-2022-3-4-10-7-0.jpg
00000044-PHOTO-2022-3-4-12-26-0.jpg,.jpg,0.2292,data\raw\cgmacros\CGMacros\CGMacros-034\photos\00000044-PHOTO-2022-3-4-12-26-0.jpg
00000045-PHOTO-2022-3-4-14-0-0.jpg,.jpg,0.2376,data\raw\cgmacros\CGMacros\CGMacros-034\photos\00000045-PHOTO-2022-3-4-14-0-0.jpg
00000046-PHOTO-2022-3-4-17-14-0.jpg,.jpg,0.1565,data\raw\cgmacros\CGMacros\CGMacros-034\photos\00000046-PHOTO-2022-3-4-17-14-0.jpg
00000047-PHOTO-2022-3-4-17-15-0.jpg,.jpg,0.2259,data\raw\cgmacros\CGMacros\CGMacros-034\photos\00000047-PHOTO-2022-3-4-17-15-0.jpg
00000048-PHOTO-2022-3-4-18-52-0.jpg,.jpg,0.3251,data\raw\cgmacros\CGMacros\CGMacros-034\photos\00000048-PHOTO-2022-3-4-18-52-0.jpg
00000049-PHOTO-2022-3-4-18-54-0.jpg,.jpg,0.255,data\raw\cgmacros\CGMacros\CGMacros-034\photos\00000049-PHOTO-2022-3-4-18-54-0.jpg
00000050-PHOTO-2022-3-5-6-21-0.jpg,.jpg,0.1466,data\raw\cgmacros\CGMacros\CGMacros-034\photos\00000050-PHOTO-2022-3-5-6-21-0.jpg
00000051-PHOTO-2022-3-5-6-21-0.jpg,.jpg,0.1364,data\raw\cgmacros\CGMacros\CGMacros-034\photos\00000051-PHOTO-2022-3-5-6-21-0.jpg
00000052-PHOTO-2022-3-5-8-22-0.jpg,.jpg,0.1461,data\raw\cgmacros\CGMacros\CGMacros-034\photos\00000052-PHOTO-2022-3-5-8-22-0.jpg
00000053-PHOTO-2022-3-5-8-26-0.jpg,.jpg,0.2107,data\raw\cgmacros\CGMacros\CGMacros-034\photos\00000053-PHOTO-2022-3-5-8-26-0.jpg
00000059-PHOTO-2022-3-5-12-35-0.jpg,.jpg,0.2035,data\raw\cgmacros\CGMacros\CGMacros-034\photos\00000059-PHOTO-2022-3-5-12-35-0.jpg
00000060-PHOTO-2022-3-5-12-47-0.jpg,.jpg,0.4152,data\raw\cgmacros\CGMacros\CGMacros-034\photos\00000060-PHOTO-2022-3-5-12-47-0.jpg
00000061-PHOTO-2022-3-5-15-26-0.jpg,.jpg,0.1441,data\raw\cgmacros\CGMacros\CGMacros-034\photos\00000061-PHOTO-2022-3-5-15-26-0.jpg
00000063-PHOTO-2022-3-5-15-51-0.jpg,.jpg,0.1664,data\raw\cgmacros\CGMacros\CGMacros-034\photos\00000063-PHOTO-2022-3-5-15-51-0.jpg
00000064-PHOTO-2022-3-5-16-19-0.jpg,.jpg,0.1532,data\raw\cgmacros\CGMacros\CGMacros-034\photos\00000064-PHOTO-2022-3-5-16-19-0.jpg
00000067-PHOTO-2022-3-5-19-52-0.jpg,.jpg,0.1482,data\raw\cgmacros\CGMacros\CGMacros-034\photos\00000067-PHOTO-2022-3-5-19-52-0.jpg
00000069-PHOTO-2022-3-5-21-41-0.jpg,.jpg,0.1401,data\raw\cgmacros\CGMacros\CGMacros-034\photos\00000069-PHOTO-2022-3-5-21-41-0.jpg
00000070-PHOTO-2022-3-5-22-2-0.jpg,.jpg,0.1125,data\raw\cgmacros\CGMacros\CGMacros-034\photos\00000070-PHOTO-2022-3-5-22-2-0.jpg
00000072-PHOTO-2022-3-6-9-56-0.jpg,.jpg,0.1275,data\raw\cgmacros\CGMacros\CGMacros-034\photos\00000072-PHOTO-2022-3-6-9-56-0.jpg
00000074-PHOTO-2022-3-6-10-3-0.jpg,.jpg,0.1125,data\raw\cgmacros\CGMacros\CGMacros-034\photos\00000074-PHOTO-2022-3-6-10-3-0.jpg
00000075-PHOTO-2022-3-6-12-59-0.jpg,.jpg,0.2517,data\raw\cgmacros\CGMacros\CGMacros-034\photos\00000075-PHOTO-2022-3-6-12-59-0.jpg
00000076-PHOTO-2022-3-6-13-9-0.jpg,.jpg,0.2952,data\raw\cgmacros\CGMacros\CGMacros-034\photos\00000076-PHOTO-2022-3-6-13-9-0.jpg
00000077-PHOTO-2022-3-6-17-11-0.jpg,.jpg,0.1328,data\raw\cgmacros\CGMacros\CGMacros-034\photos\00000077-PHOTO-2022-3-6-17-11-0.jpg
00000078-PHOTO-2022-3-6-17-18-0.jpg,.jpg,0.1371,data\raw\cgmacros\CGMacros\CGMacros-034\photos\00000078-PHOTO-2022-3-6-17-18-0.jpg
00000079-PHOTO-2022-3-6-18-59-0.jpg,.jpg,0.3697,data\raw\cgmacros\CGMacros\CGMacros-034\photos\00000079-PHOTO-2022-3-6-18-59-0.jpg
00000080-PHOTO-2022-3-6-19-1-0.jpg,.jpg,0.3386,data\raw\cgmacros\CGMacros\CGMacros-034\photos\00000080-PHOTO-2022-3-6-19-1-0.jpg
00000082-PHOTO-2022-3-6-19-22-0.jpg,.jpg,0.2779,data\raw\cgmacros\CGMacros\CGMacros-034\photos\00000082-PHOTO-2022-3-6-19-22-0.jpg
00000083-PHOTO-2022-3-6-22-5-0.jpg,.jpg,0.1112,data\raw\cgmacros\CGMacros\CGMacros-034\photos\00000083-PHOTO-2022-3-6-22-5-0.jpg
00000084-PHOTO-2022-3-6-22-13-0.jpg,.jpg,0.1942,data\raw\cgmacros\CGMacros\CGMacros-034\photos\00000084-PHOTO-2022-3-6-22-13-0.jpg
00000085-PHOTO-2022-3-7-6-46-0.jpg,.jpg,0.1597,data\raw\cgmacros\CGMacros\CGMacros-034\photos\00000085-PHOTO-2022-3-7-6-46-0.jpg
00000086-PHOTO-2022-3-7-6-50-0.jpg,.jpg,0.1199,data\raw\cgmacros\CGMacros\CGMacros-034\photos\00000086-PHOTO-2022-3-7-6-50-0.jpg
00000089-PHOTO-2022-3-7-11-53-0.jpg,.jpg,0.3399,data\raw\cgmacros\CGMacros\CGMacros-034\photos\00000089-PHOTO-2022-3-7-11-53-0.jpg
00000090-PHOTO-2022-3-7-16-41-0.jpg,.jpg,0.2182,data\raw\cgmacros\CGMacros\CGMacros-034\photos\00000090-PHOTO-2022-3-7-16-41-0.jpg
00000091-PHOTO-2022-3-7-16-41-0.jpg,.jpg,0.2202,data\raw\cgmacros\CGMacros\CGMacros-034\photos\00000091-PHOTO-2022-3-7-16-41-0.jpg
00000092-PHOTO-2022-3-7-17-7-0.jpg,.jpg,0.1528,data\raw\cgmacros\CGMacros\CGMacros-034\photos\00000092-PHOTO-2022-3-7-17-7-0.jpg
00000093-PHOTO-2022-3-7-17-7-0.jpg,.jpg,0.173,data\raw\cgmacros\CGMacros\CGMacros-034\photos\00000093-PHOTO-2022-3-7-17-7-0.jpg
00000094-PHOTO-2022-3-7-20-32-0.jpg,.jpg,0.3419,data\raw\cgmacros\CGMacros\CGMacros-034\photos\00000094-PHOTO-2022-3-7-20-32-0.jpg
00000095-PHOTO-2022-3-7-20-39-0.jpg,.jpg,0.2922,data\raw\cgmacros\CGMacros\CGMacros-034\photos\00000095-PHOTO-2022-3-7-20-39-0.jpg
00000096-PHOTO-2022-3-8-6-16-0.jpg,.jpg,0.1392,data\raw\cgmacros\CGMacros\CGMacros-034\photos\00000096-PHOTO-2022-3-8-6-16-0.jpg
00000097-PHOTO-2022-3-8-6-43-0.jpg,.jpg,0.1001,data\raw\cgmacros\CGMacros\CGMacros-034\photos\00000097-PHOTO-2022-3-8-6-43-0.jpg
00000098-PHOTO-2022-3-8-9-42-0.jpg,.jpg,0.2417,data\raw\cgmacros\CGMacros\CGMacros-034\photos\00000098-PHOTO-2022-3-8-9-42-0.jpg
00000099-PHOTO-2022-3-8-10-0-0.jpg,.jpg,0.2045,data\raw\cgmacros\CGMacros\CGMacros-034\photos\00000099-PHOTO-2022-3-8-10-0-0.jpg
00000100-PHOTO-2022-3-8-11-58-0.jpg,.jpg,0.1939,data\raw\cgmacros\CGMacros\CGMacros-034\photos\00000100-PHOTO-2022-3-8-11-58-0.jpg
00000101-PHOTO-2022-3-8-12-32-0.jpg,.jpg,0.1792,data\raw\cgmacros\CGMacros\CGMacros-034\photos\00000101-PHOTO-2022-3-8-12-32-0.jpg
00000102-PHOTO-2022-3-8-12-44-0.jpg,.jpg,0.3094,data\raw\cgmacros\CGMacros\CGMacros-034\photos\00000102-PHOTO-2022-3-8-12-44-0.jpg
00000103-PHOTO-2022-3-8-17-59-0.jpg,.jpg,0.0743,data\raw\cgmacros\CGMacros\CGMacros-034\photos\00000103-PHOTO-2022-3-8-17-59-0.jpg
00000104-PHOTO-2022-3-8-18-0-0.jpg,.jpg,0.2333,data\raw\cgmacros\CGMacros\CGMacros-034\photos\00000104-PHOTO-2022-3-8-18-0-0.jpg
00000105-PHOTO-2022-3-8-19-32-0.jpg,.jpg,0.3711,data\raw\cgmacros\CGMacros\CGMacros-034\photos\00000105-PHOTO-2022-3-8-19-32-0.jpg
00000106-PHOTO-2022-3-8-19-57-0.jpg,.jpg,0.2723,data\raw\cgmacros\CGMacros\CGMacros-034\photos\00000106-PHOTO-2022-3-8-19-57-0.jpg
00000107-PHOTO-2022-3-9-7-18-0.jpg,.jpg,0.1536,data\raw\cgmacros\CGMacros\CGMacros-034\photos\00000107-PHOTO-2022-3-9-7-18-0.jpg
00000108-PHOTO-2022-3-9-7-30-0.jpg,.jpg,0.289,data\raw\cgmacros\CGMacros\CGMacros-034\photos\00000108-PHOTO-2022-3-9-7-30-0.jpg
00000109-PHOTO-2022-3-9-13-15-0.jpg,.jpg,0.3862,data\raw\cgmacros\CGMacros\CGMacros-034\photos\00000109-PHOTO-2022-3-9-13-15-0.jpg
00000110-PHOTO-2022-3-9-13-54-0.jpg,.jpg,0.312,data\raw\cgmacros\CGMacros\CGMacros-034\photos\00000110-PHOTO-2022-3-9-13-54-0.jpg
00000111-PHOTO-2022-3-9-19-5-0.jpg,.jpg,0.3708,data\raw\cgmacros\CGMacros\CGMacros-034\photos\00000111-PHOTO-2022-3-9-19-5-0.jpg
00000112-PHOTO-2022-3-9-19-8-0.jpg,.jpg,0.3205,data\raw\cgmacros\CGMacros\CGMacros-034\photos\00000112-PHOTO-2022-3-9-19-8-0.jpg
00000113-PHOTO-2022-3-9-19-19-0.jpg,.jpg,0.2598,data\raw\cgmacros\CGMacros\CGMacros-034\photos\00000113-PHOTO-2022-3-9-19-19-0.jpg
00000114-PHOTO-2022-3-9-19-20-0.jpg,.jpg,0.2612,data\raw\cgmacros\CGMacros\CGMacros-034\photos\00000114-PHOTO-2022-3-9-19-20-0.jpg
00000115-PHOTO-2022-3-9-19-27-0.jpg,.jpg,0.2287,data\raw\cgmacros\CGMacros\CGMacros-034\photos\00000115-PHOTO-2022-3-9-19-27-0.jpg
00000117-PHOTO-2022-3-10-7-12-0.jpg,.jpg,0.2688,data\raw\cgmacros\CGMacros\CGMacros-034\photos\00000117-PHOTO-2022-3-10-7-12-0.jpg
00000118-PHOTO-2022-3-10-7-14-0.jpg,.jpg,0.1341,data\raw\cgmacros\CGMacros\CGMacros-034\photos\00000118-PHOTO-2022-3-10-7-14-0.jpg
00000122-PHOTO-2022-3-10-13-37-0.jpg,.jpg,0.3232,data\raw\cgmacros\CGMacros\CGMacros-034\photos\00000122-PHOTO-2022-3-10-13-37-0.jpg
00000123-PHOTO-2022-3-10-14-54-0.jpg,.jpg,0.1836,data\raw\cgmacros\CGMacros\CGMacros-034\photos\00000123-PHOTO-2022-3-10-14-54-0.jpg
00000124-PHOTO-2022-3-10-17-45-0.jpg,.jpg,0.3141,data\raw\cgmacros\CGMacros\CGMacros-034\photos\00000124-PHOTO-2022-3-10-17-45-0.jpg
00000125-PHOTO-2022-3-10-19-12-0.jpg,.jpg,0.3663,data\raw\cgmacros\CGMacros\CGMacros-034\photos\00000125-PHOTO-2022-3-10-19-12-0.jpg
00000126-PHOTO-2022-3-10-19-42-0.jpg,.jpg,0.2715,data\raw\cgmacros\CGMacros\CGMacros-034\photos\00000126-PHOTO-2022-3-10-19-42-0.jpg
00000130-PHOTO-2022-3-10-20-27-0.jpg,.jpg,0.33,data\raw\cgmacros\CGMacros\CGMacros-034\photos\00000130-PHOTO-2022-3-10-20-27-0.jpg
00000131-PHOTO-2022-3-10-20-32-0.jpg,.jpg,0.2497,data\raw\cgmacros\CGMacros\CGMacros-034\photos\00000131-PHOTO-2022-3-10-20-32-0.jpg
00000132-PHOTO-2022-3-11-7-24-0.jpg,.jpg,0.126,data\raw\cgmacros\CGMacros\CGMacros-034\photos\00000132-PHOTO-2022-3-11-7-24-0.jpg
00000133-PHOTO-2022-3-11-7-27-0.jpg,.jpg,0.2655,data\raw\cgmacros\CGMacros\CGMacros-034\photos\00000133-PHOTO-2022-3-11-7-27-0.jpg
00000137-PHOTO-2022-3-11-10-45-0.jpg,.jpg,0.2491,data\raw\cgmacros\CGMacros\CGMacros-034\photos\00000137-PHOTO-2022-3-11-10-45-0.jpg
00000138-PHOTO-2022-3-11-10-52-0.jpg,.jpg,0.1417,data\raw\cgmacros\CGMacros\CGMacros-034\photos\00000138-PHOTO-2022-3-11-10-52-0.jpg
00000139-PHOTO-2022-3-11-12-10-0.jpg,.jpg,0.2383,data\raw\cgmacros\CGMacros\CGMacros-034\photos\00000139-PHOTO-2022-3-11-12-10-0.jpg
00000140-PHOTO-2022-3-11-12-33-0.jpg,.jpg,0.2837,data\raw\cgmacros\CGMacros\CGMacros-034\photos\00000140-PHOTO-2022-3-11-12-33-0.jpg
00000143-PHOTO-2022-3-11-18-13-0.jpg,.jpg,0.1201,data\raw\cgmacros\CGMacros\CGMacros-034\photos\00000143-PHOTO-2022-3-11-18-13-0.jpg
00000147-PHOTO-2022-3-12-9-0-0.jpg,.jpg,0.2398,data\raw\cgmacros\CGMacros\CGMacros-034\photos\00000147-PHOTO-2022-3-12-9-0-0.jpg
00000148-PHOTO-2022-3-12-9-9-0.jpg,.jpg,0.0904,data\raw\cgmacros\CGMacros\CGMacros-034\photos\00000148-PHOTO-2022-3-12-9-9-0.jpg
00000002-PHOTO-2022-4-16-8-27-0.jpg,.jpg,0.072,data\raw\cgmacros\CGMacros\CGMacros-033\photos\00000002-PHOTO-2022-4-16-8-27-0.jpg
00000003-PHOTO-2022-4-16-11-45-0.jpg,.jpg,0.4569,data\raw\cgmacros\CGMacros\CGMacros-033\photos\00000003-PHOTO-2022-4-16-11-45-0.jpg
00000004-PHOTO-2022-4-16-11-57-0.jpg,.jpg,0.2828,data\raw\cgmacros\CGMacros\CGMacros-033\photos\00000004-PHOTO-2022-4-16-11-57-0.jpg
00000005-PHOTO-2022-4-16-15-12-0.jpg,.jpg,0.2297,data\raw\cgmacros\CGMacros\CGMacros-033\photos\00000005-PHOTO-2022-4-16-15-12-0.jpg
00000006-PHOTO-2022-4-16-19-32-0.jpg,.jpg,0.4997,data\raw\cgmacros\CGMacros\CGMacros-033\photos\00000006-PHOTO-2022-4-16-19-32-0.jpg
00000007-PHOTO-2022-4-16-19-42-0.jpg,.jpg,0.1596,data\raw\cgmacros\CGMacros\CGMacros-033\photos\00000007-PHOTO-2022-4-16-19-42-0.jpg
00000009-PHOTO-2022-4-17-7-29-0.jpg,.jpg,0.2118,data\raw\cgmacros\CGMacros\CGMacros-033\photos\00000009-PHOTO-2022-4-17-7-29-0.jpg
00000011-PHOTO-2022-4-17-11-48-0.jpg,.jpg,0.2142,data\raw\cgmacros\CGMacros\CGMacros-033\photos\00000011-PHOTO-2022-4-17-11-48-0.jpg
00000015-PHOTO-2022-4-17-12-7-0.jpg,.jpg,0.1503,data\raw\cgmacros\CGMacros\CGMacros-033\photos\00000015-PHOTO-2022-4-17-12-7-0.jpg
00000017-PHOTO-2022-4-17-19-18-0.jpg,.jpg,0.2719,data\raw\cgmacros\CGMacros\CGMacros-033\photos\00000017-PHOTO-2022-4-17-19-18-0.jpg
00000018-PHOTO-2022-4-17-19-18-0.jpg,.jpg,0.2109,data\raw\cgmacros\CGMacros\CGMacros-033\photos\00000018-PHOTO-2022-4-17-19-18-0.jpg
00000019-PHOTO-2022-4-18-7-51-0.jpg,.jpg,0.1924,data\raw\cgmacros\CGMacros\CGMacros-033\photos\00000019-PHOTO-2022-4-18-7-51-0.jpg
00000020-PHOTO-2022-4-18-7-59-0.jpg,.jpg,0.1032,data\raw\cgmacros\CGMacros\CGMacros-033\photos\00000020-PHOTO-2022-4-18-7-59-0.jpg
00000021-PHOTO-2022-4-18-11-44-0.jpg,.jpg,0.381,data\raw\cgmacros\CGMacros\CGMacros-033\photos\00000021-PHOTO-2022-4-18-11-44-0.jpg
00000022-PHOTO-2022-4-18-12-4-0.jpg,.jpg,0.2155,data\raw\cgmacros\CGMacros\CGMacros-033\photos\00000022-PHOTO-2022-4-18-12-4-0.jpg
00000024-PHOTO-2022-4-19-8-47-0.jpg,.jpg,0.375,data\raw\cgmacros\CGMacros\CGMacros-033\photos\00000024-PHOTO-2022-4-19-8-47-0.jpg
00000025-PHOTO-2022-4-19-8-47-0.jpg,.jpg,0.3479,data\raw\cgmacros\CGMacros\CGMacros-033\photos\00000025-PHOTO-2022-4-19-8-47-0.jpg
00000026-PHOTO-2022-4-19-8-48-0.jpg,.jpg,0.1253,data\raw\cgmacros\CGMacros\CGMacros-033\photos\00000026-PHOTO-2022-4-19-8-48-0.jpg
00000027-PHOTO-2022-4-19-8-51-0.jpg,.jpg,0.1265,data\raw\cgmacros\CGMacros\CGMacros-033\photos\00000027-PHOTO-2022-4-19-8-51-0.jpg
00000028-PHOTO-2022-4-19-11-34-0.jpg,.jpg,0.3043,data\raw\cgmacros\CGMacros\CGMacros-033\photos\00000028-PHOTO-2022-4-19-11-34-0.jpg
00000029-PHOTO-2022-4-19-11-48-0.jpg,.jpg,0.2926,data\raw\cgmacros\CGMacros\CGMacros-033\photos\00000029-PHOTO-2022-4-19-11-48-0.jpg
00000031-PHOTO-2022-4-19-19-49-0.jpg,.jpg,0.381,data\raw\cgmacros\CGMacros\CGMacros-033\photos\00000031-PHOTO-2022-4-19-19-49-0.jpg
00000032-PHOTO-2022-4-19-20-2-0.jpg,.jpg,0.2996,data\raw\cgmacros\CGMacros\CGMacros-033\photos\00000032-PHOTO-2022-4-19-20-2-0.jpg
00000033-PHOTO-2022-4-20-8-41-0.jpg,.jpg,0.1302,data\raw\cgmacros\CGMacros\CGMacros-033\photos\00000033-PHOTO-2022-4-20-8-41-0.jpg
00000034-PHOTO-2022-4-20-8-50-0.jpg,.jpg,0.0924,data\raw\cgmacros\CGMacros\CGMacros-033\photos\00000034-PHOTO-2022-4-20-8-50-0.jpg
00000036-PHOTO-2022-4-20-12-15-0.jpg,.jpg,0.3682,data\raw\cgmacros\CGMacros\CGMacros-033\photos\00000036-PHOTO-2022-4-20-12-15-0.jpg
00000037-PHOTO-2022-4-20-12-33-0.jpg,.jpg,0.2875,data\raw\cgmacros\CGMacros\CGMacros-033\photos\00000037-PHOTO-2022-4-20-12-33-0.jpg
00000040-PHOTO-2022-4-20-19-12-0.jpg,.jpg,0.2442,data\raw\cgmacros\CGMacros\CGMacros-033\photos\00000040-PHOTO-2022-4-20-19-12-0.jpg
00000041-PHOTO-2022-4-20-19-43-0.jpg,.jpg,0.2176,data\raw\cgmacros\CGMacros\CGMacros-033\photos\00000041-PHOTO-2022-4-20-19-43-0.jpg
00000043-PHOTO-2022-4-21-7-58-0.jpg,.jpg,0.1103,data\raw\cgmacros\CGMacros\CGMacros-033\photos\00000043-PHOTO-2022-4-21-7-58-0.jpg
00000044-PHOTO-2022-4-21-8-0-0.jpg,.jpg,0.1452,data\raw\cgmacros\CGMacros\CGMacros-033\photos\00000044-PHOTO-2022-4-21-8-0-0.jpg
00000045-PHOTO-2022-4-21-12-41-0.jpg,.jpg,0.3446,data\raw\cgmacros\CGMacros\CGMacros-033\photos\00000045-PHOTO-2022-4-21-12-41-0.jpg
00000046-PHOTO-2022-4-21-12-53-0.jpg,.jpg,0.412,data\raw\cgmacros\CGMacros\CGMacros-033\photos\00000046-PHOTO-2022-4-21-12-53-0.jpg
00000047-PHOTO-2022-4-21-19-17-0.jpg,.jpg,0.3185,data\raw\cgmacros\CGMacros\CGMacros-033\photos\00000047-PHOTO-2022-4-21-19-17-0.jpg
00000048-PHOTO-2022-4-22-9-56-0.jpg,.jpg,0.2308,data\raw\cgmacros\CGMacros\CGMacros-033\photos\00000048-PHOTO-2022-4-22-9-56-0.jpg
00000049-PHOTO-2022-4-22-9-58-0.jpg,.jpg,0.2433,data\raw\cgmacros\CGMacros\CGMacros-033\photos\00000049-PHOTO-2022-4-22-9-58-0.jpg
00000051-PHOTO-2022-4-22-13-13-0.jpg,.jpg,0.331,data\raw\cgmacros\CGMacros\CGMacros-033\photos\00000051-PHOTO-2022-4-22-13-13-0.jpg
00000052-PHOTO-2022-4-22-13-32-0.jpg,.jpg,0.264,data\raw\cgmacros\CGMacros\CGMacros-033\photos\00000052-PHOTO-2022-4-22-13-32-0.jpg
00000054-PHOTO-2022-4-22-19-41-0.jpg,.jpg,0.2072,data\raw\cgmacros\CGMacros\CGMacros-033\photos\00000054-PHOTO-2022-4-22-19-41-0.jpg
00000055-PHOTO-2022-4-22-19-51-0.jpg,.jpg,0.1407,data\raw\cgmacros\CGMacros\CGMacros-033\photos\00000055-PHOTO-2022-4-22-19-51-0.jpg
00000057-PHOTO-2022-4-23-7-50-0.jpg,.jpg,0.1866,data\raw\cgmacros\CGMacros\CGMacros-033\photos\00000057-PHOTO-2022-4-23-7-50-0.jpg
00000058-PHOTO-2022-4-23-7-50-0.jpg,.jpg,0.096,data\raw\cgmacros\CGMacros\CGMacros-033\photos\00000058-PHOTO-2022-4-23-7-50-0.jpg
00000060-PHOTO-2022-4-23-12-33-0.jpg,.jpg,0.3543,data\raw\cgmacros\CGMacros\CGMacros-033\photos\00000060-PHOTO-2022-4-23-12-33-0.jpg
00000061-PHOTO-2022-4-23-12-56-0.jpg,.jpg,0.3189,data\raw\cgmacros\CGMacros\CGMacros-033\photos\00000061-PHOTO-2022-4-23-12-56-0.jpg
00000066-PHOTO-2022-4-23-20-39-0.jpg,.jpg,0.2333,data\raw\cgmacros\CGMacros\CGMacros-033\photos\00000066-PHOTO-2022-4-23-20-39-0.jpg
00000067-PHOTO-2022-4-23-20-50-0.jpg,.jpg,0.2585,data\raw\cgmacros\CGMacros\CGMacros-033\photos\00000067-PHOTO-2022-4-23-20-50-0.jpg
00000068-PHOTO-2022-4-24-7-40-0.jpg,.jpg,0.2183,data\raw\cgmacros\CGMacros\CGMacros-033\photos\00000068-PHOTO-2022-4-24-7-40-0.jpg
00000069-PHOTO-2022-4-24-7-41-0.jpg,.jpg,0.0372,data\raw\cgmacros\CGMacros\CGMacros-033\photos\00000069-PHOTO-2022-4-24-7-41-0.jpg
00000070-PHOTO-2022-4-24-13-7-0.jpg,.jpg,0.2875,data\raw\cgmacros\CGMacros\CGMacros-033\photos\00000070-PHOTO-2022-4-24-13-7-0.jpg
00000071-PHOTO-2022-4-24-13-27-0.jpg,.jpg,0.2484,data\raw\cgmacros\CGMacros\CGMacros-033\photos\00000071-PHOTO-2022-4-24-13-27-0.jpg
00000074-PHOTO-2022-4-24-21-46-0.jpg,.jpg,0.2594,data\raw\cgmacros\CGMacros\CGMacros-033\photos\00000074-PHOTO-2022-4-24-21-46-0.jpg
00000075-PHOTO-2022-4-24-21-53-0.jpg,.jpg,0.3102,data\raw\cgmacros\CGMacros\CGMacros-033\photos\00000075-PHOTO-2022-4-24-21-53-0.jpg
00000076-PHOTO-2022-4-25-7-22-0.jpg,.jpg,0.1086,data\raw\cgmacros\CGMacros\CGMacros-033\photos\00000076-PHOTO-2022-4-25-7-22-0.jpg
00000077-PHOTO-2022-4-25-7-23-0.jpg,.jpg,0.1148,data\raw\cgmacros\CGMacros\CGMacros-033\photos\00000077-PHOTO-2022-4-25-7-23-0.jpg
00000078-PHOTO-2022-4-25-11-55-0.jpg,.jpg,0.3384,data\raw\cgmacros\CGMacros\CGMacros-033\photos\00000078-PHOTO-2022-4-25-11-55-0.jpg
00000079-PHOTO-2022-4-25-12-12-0.jpg,.jpg,0.4031,data\raw\cgmacros\CGMacros\CGMacros-033\photos\00000079-PHOTO-2022-4-25-12-12-0.jpg
00000081-PHOTO-2022-4-25-20-24-0.jpg,.jpg,0.1874,data\raw\cgmacros\CGMacros\CGMacros-033\photos\00000081-PHOTO-2022-4-25-20-24-0.jpg
00000082-PHOTO-2022-4-25-20-38-0.jpg,.jpg,0.1539,data\raw\cgmacros\CGMacros\CGMacros-033\photos\00000082-PHOTO-2022-4-25-20-38-0.jpg
00000083-PHOTO-2022-4-26-8-0-0.jpg,.jpg,0.1866,data\raw\cgmacros\CGMacros\CGMacros-033\photos\00000083-PHOTO-2022-4-26-8-0-0.jpg
00000085-PHOTO-2022-4-26-10-1-0.jpg,.jpg,0.1448,data\raw\cgmacros\CGMacros\CGMacros-033\photos\00000085-PHOTO-2022-4-26-10-1-0.jpg
00000002-PHOTO-2022-1-1-8-33-0.jpg,.jpg,0.083,data\raw\cgmacros\CGMacros\CGMacros-032\photos\00000002-PHOTO-2022-1-1-8-33-0.jpg
00000003-PHOTO-2022-1-1-8-37-0.jpg,.jpg,0.1081,data\raw\cgmacros\CGMacros\CGMacros-032\photos\00000003-PHOTO-2022-1-1-8-37-0.jpg
00000004-PHOTO-2022-1-1-12-11-0.jpg,.jpg,0.1283,data\raw\cgmacros\CGMacros\CGMacros-032\photos\00000004-PHOTO-2022-1-1-12-11-0.jpg
00000005-PHOTO-2022-1-1-12-35-0.jpg,.jpg,0.1772,data\raw\cgmacros\CGMacros\CGMacros-032\photos\00000005-PHOTO-2022-1-1-12-35-0.jpg
00000006-PHOTO-2022-1-1-19-52-0.jpg,.jpg,0.1439,data\raw\cgmacros\CGMacros\CGMacros-032\photos\00000006-PHOTO-2022-1-1-19-52-0.jpg
00000007-PHOTO-2022-1-1-20-31-0.jpg,.jpg,0.1507,data\raw\cgmacros\CGMacros\CGMacros-032\photos\00000007-PHOTO-2022-1-1-20-31-0.jpg
00000008-PHOTO-2022-1-2-6-59-0.jpg,.jpg,0.0956,data\raw\cgmacros\CGMacros\CGMacros-032\photos\00000008-PHOTO-2022-1-2-6-59-0.jpg
00000009-PHOTO-2022-1-2-7-25-0.jpg,.jpg,0.0744,data\raw\cgmacros\CGMacros\CGMacros-032\photos\00000009-PHOTO-2022-1-2-7-25-0.jpg
00000010-PHOTO-2022-1-2-12-12-0.jpg,.jpg,0.1565,data\raw\cgmacros\CGMacros\CGMacros-032\photos\00000010-PHOTO-2022-1-2-12-12-0.jpg
00000011-PHOTO-2022-1-2-12-43-0.jpg,.jpg,0.1407,data\raw\cgmacros\CGMacros\CGMacros-032\photos\00000011-PHOTO-2022-1-2-12-43-0.jpg
00000012-PHOTO-2022-1-3-5-10-0.jpg,.jpg,0.1255,data\raw\cgmacros\CGMacros\CGMacros-032\photos\00000012-PHOTO-2022-1-3-5-10-0.jpg
00000013-PHOTO-2022-1-3-12-6-0.jpg,.jpg,0.1401,data\raw\cgmacros\CGMacros\CGMacros-032\photos\00000013-PHOTO-2022-1-3-12-6-0.jpg
00000014-PHOTO-2022-1-3-12-6-0.jpg,.jpg,0.1678,data\raw\cgmacros\CGMacros\CGMacros-032\photos\00000014-PHOTO-2022-1-3-12-6-0.jpg
00000015-PHOTO-2022-1-3-12-45-0.jpg,.jpg,0.1414,data\raw\cgmacros\CGMacros\CGMacros-032\photos\00000015-PHOTO-2022-1-3-12-45-0.jpg
00000016-PHOTO-2022-1-4-5-53-0.jpg,.jpg,0.1337,data\raw\cgmacros\CGMacros\CGMacros-032\photos\00000016-PHOTO-2022-1-4-5-53-0.jpg
00000017-PHOTO-2022-1-4-6-20-0.jpg,.jpg,0.1367,data\raw\cgmacros\CGMacros\CGMacros-032\photos\00000017-PHOTO-2022-1-4-6-20-0.jpg
00000018-PHOTO-2022-1-4-13-0-0.jpg,.jpg,0.1503,data\raw\cgmacros\CGMacros\CGMacros-032\photos\00000018-PHOTO-2022-1-4-13-0-0.jpg
00000019-PHOTO-2022-1-4-13-39-0.jpg,.jpg,0.1581,data\raw\cgmacros\CGMacros\CGMacros-032\photos\00000019-PHOTO-2022-1-4-13-39-0.jpg
00000020-PHOTO-2022-1-5-6-8-0.jpg,.jpg,0.1501,data\raw\cgmacros\CGMacros\CGMacros-032\photos\00000020-PHOTO-2022-1-5-6-8-0.jpg
00000021-PHOTO-2022-1-5-6-51-0.jpg,.jpg,0.1524,data\raw\cgmacros\CGMacros\CGMacros-032\photos\00000021-PHOTO-2022-1-5-6-51-0.jpg
00000022-PHOTO-2022-1-5-12-38-0.jpg,.jpg,0.2236,data\raw\cgmacros\CGMacros\CGMacros-032\photos\00000022-PHOTO-2022-1-5-12-38-0.jpg
00000023-PHOTO-2022-1-5-13-22-0.jpg,.jpg,0.2215,data\raw\cgmacros\CGMacros\CGMacros-032\photos\00000023-PHOTO-2022-1-5-13-22-0.jpg
00000024-PHOTO-2022-1-6-4-23-0.jpg,.jpg,0.1521,data\raw\cgmacros\CGMacros\CGMacros-032\photos\00000024-PHOTO-2022-1-6-4-23-0.jpg
00000025-PHOTO-2022-1-6-12-47-0.jpg,.jpg,0.2341,data\raw\cgmacros\CGMacros\CGMacros-032\photos\00000025-PHOTO-2022-1-6-12-47-0.jpg
00000026-PHOTO-2022-1-6-13-9-0.jpg,.jpg,0.2109,data\raw\cgmacros\CGMacros\CGMacros-032\photos\00000026-PHOTO-2022-1-6-13-9-0.jpg
00000027-PHOTO-2022-1-7-7-1-0.jpg,.jpg,0.1102,data\raw\cgmacros\CGMacros\CGMacros-032\photos\00000027-PHOTO-2022-1-7-7-1-0.jpg
00000028-PHOTO-2022-1-7-7-14-0.jpg,.jpg,0.1183,data\raw\cgmacros\CGMacros\CGMacros-032\photos\00000028-PHOTO-2022-1-7-7-14-0.jpg
00000029-PHOTO-2022-1-7-12-33-0.jpg,.jpg,0.145,data\raw\cgmacros\CGMacros\CGMacros-032\photos\00000029-PHOTO-2022-1-7-12-33-0.jpg
00000030-PHOTO-2022-1-8-6-37-0.jpg,.jpg,0.1188,data\raw\cgmacros\CGMacros\CGMacros-032\photos\00000030-PHOTO-2022-1-8-6-37-0.jpg
00000031-PHOTO-2022-1-8-6-56-0.jpg,.jpg,0.1188,data\raw\cgmacros\CGMacros\CGMacros-032\photos\00000031-PHOTO-2022-1-8-6-56-0.jpg
00000032-PHOTO-2022-1-8-12-18-0.jpg,.jpg,0.1606,data\raw\cgmacros\CGMacros\CGMacros-032\photos\00000032-PHOTO-2022-1-8-12-18-0.jpg
00000033-PHOTO-2022-1-8-12-57-0.jpg,.jpg,0.1469,data\raw\cgmacros\CGMacros\CGMacros-032\photos\00000033-PHOTO-2022-1-8-12-57-0.jpg
00000034-PHOTO-2022-1-8-19-56-0.jpg,.jpg,0.1535,data\raw\cgmacros\CGMacros\CGMacros-032\photos\00000034-PHOTO-2022-1-8-19-56-0.jpg
00000035-PHOTO-2022-1-9-5-32-0.jpg,.jpg,0.112,data\raw\cgmacros\CGMacros\CGMacros-032\photos\00000035-PHOTO-2022-1-9-5-32-0.jpg
00000036-PHOTO-2022-1-9-5-57-0.jpg,.jpg,0.1456,data\raw\cgmacros\CGMacros\CGMacros-032\photos\00000036-PHOTO-2022-1-9-5-57-0.jpg
00000037-PHOTO-2022-1-9-12-50-0.jpg,.jpg,0.2009,data\raw\cgmacros\CGMacros\CGMacros-032\photos\00000037-PHOTO-2022-1-9-12-50-0.jpg
00000038-PHOTO-2022-1-10-5-10-0.jpg,.jpg,0.1952,data\raw\cgmacros\CGMacros\CGMacros-032\photos\00000038-PHOTO-2022-1-10-5-10-0.jpg
00000039-PHOTO-2022-1-10-13-31-0.jpg,.jpg,0.2786,data\raw\cgmacros\CGMacros\CGMacros-032\photos\00000039-PHOTO-2022-1-10-13-31-0.jpg
00000040-PHOTO-2022-1-10-14-12-0.jpg,.jpg,0.259,data\raw\cgmacros\CGMacros\CGMacros-032\photos\00000040-PHOTO-2022-1-10-14-12-0.jpg
00000041-PHOTO-2022-1-10-19-35-0.jpg,.jpg,0.1566,data\raw\cgmacros\CGMacros\CGMacros-032\photos\00000041-PHOTO-2022-1-10-19-35-0.jpg
00000042-PHOTO-2022-1-11-7-48-0.jpg,.jpg,0.1013,data\raw\cgmacros\CGMacros\CGMacros-032\photos\00000042-PHOTO-2022-1-11-7-48-0.jpg
00000043-PHOTO-2022-1-11-8-33-0.jpg,.jpg,0.0925,data\raw\cgmacros\CGMacros\CGMacros-032\photos\00000043-PHOTO-2022-1-11-8-33-0.jpg
00000002-PHOTO-2022-6-29-8-6-0.jpg,.jpg,0.1296,data\raw\cgmacros\CGMacros\CGMacros-031\photos\00000002-PHOTO-2022-6-29-8-6-0.jpg
00000003-PHOTO-2022-6-29-12-7-0.jpg,.jpg,0.2871,data\raw\cgmacros\CGMacros\CGMacros-031\photos\00000003-PHOTO-2022-6-29-12-7-0.jpg
00000004-PHOTO-2022-6-29-12-16-0.jpg,.jpg,0.1142,data\raw\cgmacros\CGMacros\CGMacros-031\photos\00000004-PHOTO-2022-6-29-12-16-0.jpg
00000005-PHOTO-2022-6-30-7-19-0.jpg,.jpg,0.0668,data\raw\cgmacros\CGMacros\CGMacros-031\photos\00000005-PHOTO-2022-6-30-7-19-0.jpg
00000006-PHOTO-2022-6-30-7-22-0.jpg,.jpg,0.0366,data\raw\cgmacros\CGMacros\CGMacros-031\photos\00000006-PHOTO-2022-6-30-7-22-0.jpg
00000007-PHOTO-2022-6-30-12-26-0.jpg,.jpg,0.2094,data\raw\cgmacros\CGMacros\CGMacros-031\photos\00000007-PHOTO-2022-6-30-12-26-0.jpg
00000008-PHOTO-2022-6-30-12-35-0.jpg,.jpg,0.1623,data\raw\cgmacros\CGMacros\CGMacros-031\photos\00000008-PHOTO-2022-6-30-12-35-0.jpg
00000009-PHOTO-2022-7-1-7-17-0.jpg,.jpg,0.0807,data\raw\cgmacros\CGMacros\CGMacros-031\photos\00000009-PHOTO-2022-7-1-7-17-0.jpg
00000010-PHOTO-2022-7-1-7-30-0.jpg,.jpg,0.0657,data\raw\cgmacros\CGMacros\CGMacros-031\photos\00000010-PHOTO-2022-7-1-7-30-0.jpg
00000011-PHOTO-2022-7-1-12-32-0.jpg,.jpg,0.1658,data\raw\cgmacros\CGMacros\CGMacros-031\photos\00000011-PHOTO-2022-7-1-12-32-0.jpg
00000012-PHOTO-2022-7-1-12-42-0.jpg,.jpg,0.1775,data\raw\cgmacros\CGMacros\CGMacros-031\photos\00000012-PHOTO-2022-7-1-12-42-0.jpg
00000013-PHOTO-2022-7-1-16-7-0.jpg,.jpg,0.1292,data\raw\cgmacros\CGMacros\CGMacros-031\photos\00000013-PHOTO-2022-7-1-16-7-0.jpg
00000014-PHOTO-2022-7-1-18-4-0.jpg,.jpg,0.0746,data\raw\cgmacros\CGMacros\CGMacros-031\photos\00000014-PHOTO-2022-7-1-18-4-0.jpg
00000017-PHOTO-2022-7-1-18-7-0.jpg,.jpg,0.1047,data\raw\cgmacros\CGMacros\CGMacros-031\photos\00000017-PHOTO-2022-7-1-18-7-0.jpg
00000018-PHOTO-2022-7-2-7-34-0.jpg,.jpg,0.1023,data\raw\cgmacros\CGMacros\CGMacros-031\photos\00000018-PHOTO-2022-7-2-7-34-0.jpg
00000019-PHOTO-2022-7-2-7-38-0.jpg,.jpg,0.0606,data\raw\cgmacros\CGMacros\CGMacros-031\photos\00000019-PHOTO-2022-7-2-7-38-0.jpg
00000020-PHOTO-2022-7-2-12-13-0.jpg,.jpg,0.2186,data\raw\cgmacros\CGMacros\CGMacros-031\photos\00000020-PHOTO-2022-7-2-12-13-0.jpg
00000021-PHOTO-2022-7-2-12-21-0.jpg,.jpg,0.2585,data\raw\cgmacros\CGMacros\CGMacros-031\photos\00000021-PHOTO-2022-7-2-12-21-0.jpg
00000026-PHOTO-2022-7-2-15-33-0.jpg,.jpg,0.109,data\raw\cgmacros\CGMacros\CGMacros-031\photos\00000026-PHOTO-2022-7-2-15-33-0.jpg
00000029-PHOTO-2022-7-2-16-18-0.jpg,.jpg,0.0539,data\raw\cgmacros\CGMacros\CGMacros-031\photos\00000029-PHOTO-2022-7-2-16-18-0.jpg
00000030-PHOTO-2022-7-2-16-20-0.jpg,.jpg,0.0518,data\raw\cgmacros\CGMacros\CGMacros-031\photos\00000030-PHOTO-2022-7-2-16-20-0.jpg
00000033-PHOTO-2022-7-2-17-40-0.jpg,.jpg,0.1566,data\raw\cgmacros\CGMacros\CGMacros-031\photos\00000033-PHOTO-2022-7-2-17-40-0.jpg
00000034-PHOTO-2022-7-2-19-18-0.jpg,.jpg,0.11,data\raw\cgmacros\CGMacros\CGMacros-031\photos\00000034-PHOTO-2022-7-2-19-18-0.jpg
00000036-PHOTO-2022-7-2-19-41-0.jpg,.jpg,0.1116,data\raw\cgmacros\CGMacros\CGMacros-031\photos\00000036-PHOTO-2022-7-2-19-41-0.jpg
00000037-PHOTO-2022-7-2-20-15-0.jpg,.jpg,0.1248,data\raw\cgmacros\CGMacros\CGMacros-031\photos\00000037-PHOTO-2022-7-2-20-15-0.jpg
00000039-PHOTO-2022-7-2-20-32-0.jpg,.jpg,0.1352,data\raw\cgmacros\CGMacros\CGMacros-031\photos\00000039-PHOTO-2022-7-2-20-32-0.jpg
00000040-PHOTO-2022-7-2-21-4-0.jpg,.jpg,0.1499,data\raw\cgmacros\CGMacros\CGMacros-031\photos\00000040-PHOTO-2022-7-2-21-4-0.jpg
00000042-PHOTO-2022-7-3-8-44-0.jpg,.jpg,0.0761,data\raw\cgmacros\CGMacros\CGMacros-031\photos\00000042-PHOTO-2022-7-3-8-44-0.jpg
00000044-PHOTO-2022-7-3-8-53-0.jpg,.jpg,0.0677,data\raw\cgmacros\CGMacros\CGMacros-031\photos\00000044-PHOTO-2022-7-3-8-53-0.jpg
00000048-PHOTO-2022-7-3-11-43-0.jpg,.jpg,0.2329,data\raw\cgmacros\CGMacros\CGMacros-031\photos\00000048-PHOTO-2022-7-3-11-43-0.jpg
00000050-PHOTO-2022-7-3-11-52-0.jpg,.jpg,0.2228,data\raw\cgmacros\CGMacros\CGMacros-031\photos\00000050-PHOTO-2022-7-3-11-52-0.jpg
00000051-PHOTO-2022-7-3-18-11-0.jpg,.jpg,0.1248,data\raw\cgmacros\CGMacros\CGMacros-031\photos\00000051-PHOTO-2022-7-3-18-11-0.jpg
00000053-PHOTO-2022-7-4-8-9-0.jpg,.jpg,0.0592,data\raw\cgmacros\CGMacros\CGMacros-031\photos\00000053-PHOTO-2022-7-4-8-9-0.jpg
00000054-PHOTO-2022-7-4-8-17-0.jpg,.jpg,0.1015,data\raw\cgmacros\CGMacros\CGMacros-031\photos\00000054-PHOTO-2022-7-4-8-17-0.jpg
00000056-PHOTO-2022-7-4-11-52-0.jpg,.jpg,0.1354,data\raw\cgmacros\CGMacros\CGMacros-031\photos\00000056-PHOTO-2022-7-4-11-52-0.jpg
00000057-PHOTO-2022-7-4-12-3-0.jpg,.jpg,0.058,data\raw\cgmacros\CGMacros\CGMacros-031\photos\00000057-PHOTO-2022-7-4-12-3-0.jpg
00000058-PHOTO-2022-7-4-15-25-0.jpg,.jpg,0.1006,data\raw\cgmacros\CGMacros\CGMacros-031\photos\00000058-PHOTO-2022-7-4-15-25-0.jpg
00000059-PHOTO-2022-7-4-16-24-0.jpg,.jpg,0.0935,data\raw\cgmacros\CGMacros\CGMacros-031\photos\00000059-PHOTO-2022-7-4-16-24-0.jpg
00000060-PHOTO-2022-7-4-19-29-0.jpg,.jpg,0.1199,data\raw\cgmacros\CGMacros\CGMacros-031\photos\00000060-PHOTO-2022-7-4-19-29-0.jpg
00000061-PHOTO-2022-7-4-19-36-0.jpg,.jpg,0.1701,data\raw\cgmacros\CGMacros\CGMacros-031\photos\00000061-PHOTO-2022-7-4-19-36-0.jpg
00000062-PHOTO-2022-7-4-19-46-0.jpg,.jpg,0.1921,data\raw\cgmacros\CGMacros\CGMacros-031\photos\00000062-PHOTO-2022-7-4-19-46-0.jpg
00000063-PHOTO-2022-7-5-7-45-0.jpg,.jpg,0.0774,data\raw\cgmacros\CGMacros\CGMacros-031\photos\00000063-PHOTO-2022-7-5-7-45-0.jpg
00000064-PHOTO-2022-7-5-7-48-0.jpg,.jpg,0.1345,data\raw\cgmacros\CGMacros\CGMacros-031\photos\00000064-PHOTO-2022-7-5-7-48-0.jpg
00000066-PHOTO-2022-7-5-12-22-0.jpg,.jpg,0.099,data\raw\cgmacros\CGMacros\CGMacros-031\photos\00000066-PHOTO-2022-7-5-12-22-0.jpg
00000068-PHOTO-2022-7-5-12-27-0.jpg,.jpg,0.1468,data\raw\cgmacros\CGMacros\CGMacros-031\photos\00000068-PHOTO-2022-7-5-12-27-0.jpg
00000071-PHOTO-2022-7-5-16-16-0.jpg,.jpg,0.0864,data\raw\cgmacros\CGMacros\CGMacros-031\photos\00000071-PHOTO-2022-7-5-16-16-0.jpg
00000075-PHOTO-2022-7-5-18-10-0.jpg,.jpg,0.1571,data\raw\cgmacros\CGMacros\CGMacros-031\photos\00000075-PHOTO-2022-7-5-18-10-0.jpg
00000077-PHOTO-2022-7-5-18-24-0.jpg,.jpg,0.0877,data\raw\cgmacros\CGMacros\CGMacros-031\photos\00000077-PHOTO-2022-7-5-18-24-0.jpg
00000079-PHOTO-2022-7-6-7-56-0.jpg,.jpg,0.141,data\raw\cgmacros\CGMacros\CGMacros-031\photos\00000079-PHOTO-2022-7-6-7-56-0.jpg
00000080-PHOTO-2022-7-6-8-5-0.jpg,.jpg,0.1049,data\raw\cgmacros\CGMacros\CGMacros-031\photos\00000080-PHOTO-2022-7-6-8-5-0.jpg
00000081-PHOTO-2022-7-6-12-4-0.jpg,.jpg,0.1852,data\raw\cgmacros\CGMacros\CGMacros-031\photos\00000081-PHOTO-2022-7-6-12-4-0.jpg
00000082-PHOTO-2022-7-6-12-20-0.jpg,.jpg,0.1783,data\raw\cgmacros\CGMacros\CGMacros-031\photos\00000082-PHOTO-2022-7-6-12-20-0.jpg
00000084-PHOTO-2022-7-6-15-29-0.jpg,.jpg,0.1475,data\raw\cgmacros\CGMacros\CGMacros-031\photos\00000084-PHOTO-2022-7-6-15-29-0.jpg
00000085-PHOTO-2022-7-6-17-25-0.jpg,.jpg,0.1064,data\raw\cgmacros\CGMacros\CGMacros-031\photos\00000085-PHOTO-2022-7-6-17-25-0.jpg
00000087-PHOTO-2022-7-7-7-4-0.jpg,.jpg,0.1285,data\raw\cgmacros\CGMacros\CGMacros-031\photos\00000087-PHOTO-2022-7-7-7-4-0.jpg
00000088-PHOTO-2022-7-7-7-7-0.jpg,.jpg,0.0835,data\raw\cgmacros\CGMacros\CGMacros-031\photos\00000088-PHOTO-2022-7-7-7-7-0.jpg
00000090-PHOTO-2022-7-7-12-9-0.jpg,.jpg,0.167,data\raw\cgmacros\CGMacros\CGMacros-031\photos\00000090-PHOTO-2022-7-7-12-9-0.jpg
00000092-PHOTO-2022-7-7-12-17-0.jpg,.jpg,0.1601,data\raw\cgmacros\CGMacros\CGMacros-031\photos\00000092-PHOTO-2022-7-7-12-17-0.jpg
00000093-PHOTO-2022-7-7-15-14-0.jpg,.jpg,0.0905,data\raw\cgmacros\CGMacros\CGMacros-031\photos\00000093-PHOTO-2022-7-7-15-14-0.jpg
00000095-PHOTO-2022-7-7-15-20-0.jpg,.jpg,0.107,data\raw\cgmacros\CGMacros\CGMacros-031\photos\00000095-PHOTO-2022-7-7-15-20-0.jpg
00000098-PHOTO-2022-7-8-7-18-0.jpg,.jpg,0.082,data\raw\cgmacros\CGMacros\CGMacros-031\photos\00000098-PHOTO-2022-7-8-7-18-0.jpg
00000099-PHOTO-2022-7-8-7-22-0.jpg,.jpg,0.1122,data\raw\cgmacros\CGMacros\CGMacros-031\photos\00000099-PHOTO-2022-7-8-7-22-0.jpg
00000103-PHOTO-2022-7-8-11-54-0.jpg,.jpg,0.2148,data\raw\cgmacros\CGMacros\CGMacros-031\photos\00000103-PHOTO-2022-7-8-11-54-0.jpg
00000106-PHOTO-2022-7-8-12-0-0.jpg,.jpg,0.2152,data\raw\cgmacros\CGMacros\CGMacros-031\photos\00000106-PHOTO-2022-7-8-12-0-0.jpg
00000112-PHOTO-2022-7-8-15-0-0.jpg,.jpg,0.0949,data\raw\cgmacros\CGMacros\CGMacros-031\photos\00000112-PHOTO-2022-7-8-15-0-0.jpg
00000126-PHOTO-2022-7-8-17-31-0.jpg,.jpg,0.1024,data\raw\cgmacros\CGMacros\CGMacros-031\photos\00000126-PHOTO-2022-7-8-17-31-0.jpg
00000128-PHOTO-2022-7-8-18-7-0.jpg,.jpg,0.0715,data\raw\cgmacros\CGMacros\CGMacros-031\photos\00000128-PHOTO-2022-7-8-18-7-0.jpg
00000130-PHOTO-2022-7-8-20-6-0.jpg,.jpg,0.1499,data\raw\cgmacros\CGMacros\CGMacros-031\photos\00000130-PHOTO-2022-7-8-20-6-0.jpg
00000132-PHOTO-2022-7-9-6-51-0.jpg,.jpg,0.1597,data\raw\cgmacros\CGMacros\CGMacros-031\photos\00000132-PHOTO-2022-7-9-6-51-0.jpg
00000134-PHOTO-2022-7-9-6-57-0.jpg,.jpg,0.1016,data\raw\cgmacros\CGMacros\CGMacros-031\photos\00000134-PHOTO-2022-7-9-6-57-0.jpg
00000002-PHOTO-2021-1-21-14-27-0.jpg,.jpg,0.106,data\raw\cgmacros\CGMacros\CGMacros-030\photos\00000002-PHOTO-2021-1-21-14-27-0.jpg
00000003-PHOTO-2021-1-23-8-10-0.jpg,.jpg,0.0906,data\raw\cgmacros\CGMacros\CGMacros-030\photos\00000003-PHOTO-2021-1-23-8-10-0.jpg
00000004-PHOTO-2021-1-23-8-12-0.jpg,.jpg,0.1349,data\raw\cgmacros\CGMacros\CGMacros-030\photos\00000004-PHOTO-2021-1-23-8-12-0.jpg
00000005-PHOTO-2021-1-23-11-24-0.jpg,.jpg,0.2347,data\raw\cgmacros\CGMacros\CGMacros-030\photos\00000005-PHOTO-2021-1-23-11-24-0.jpg
00000006-PHOTO-2021-1-23-17-36-0.jpg,.jpg,0.2091,data\raw\cgmacros\CGMacros\CGMacros-030\photos\00000006-PHOTO-2021-1-23-17-36-0.jpg
00000007-PHOTO-2021-1-24-11-48-0.jpg,.jpg,0.1423,data\raw\cgmacros\CGMacros\CGMacros-030\photos\00000007-PHOTO-2021-1-24-11-48-0.jpg
00000008-PHOTO-2021-1-24-14-5-0.jpg,.jpg,0.1042,data\raw\cgmacros\CGMacros\CGMacros-030\photos\00000008-PHOTO-2021-1-24-14-5-0.jpg
00000009-PHOTO-2021-1-24-18-4-0.jpg,.jpg,0.1733,data\raw\cgmacros\CGMacros\CGMacros-030\photos\00000009-PHOTO-2021-1-24-18-4-0.jpg
00000010-PHOTO-2021-1-25-7-57-0.jpg,.jpg,0.1527,data\raw\cgmacros\CGMacros\CGMacros-030\photos\00000010-PHOTO-2021-1-25-7-57-0.jpg
00000011-PHOTO-2021-1-25-7-59-0.jpg,.jpg,0.1263,data\raw\cgmacros\CGMacros\CGMacros-030\photos\00000011-PHOTO-2021-1-25-7-59-0.jpg
00000012-PHOTO-2021-1-25-11-44-0.jpg,.jpg,0.1554,data\raw\cgmacros\CGMacros\CGMacros-030\photos\00000012-PHOTO-2021-1-25-11-44-0.jpg
00000013-PHOTO-2021-1-25-12-5-0.jpg,.jpg,0.1366,data\raw\cgmacros\CGMacros\CGMacros-030\photos\00000013-PHOTO-2021-1-25-12-5-0.jpg
00000014-PHOTO-2021-1-25-18-5-0.jpg,.jpg,0.1622,data\raw\cgmacros\CGMacros\CGMacros-030\photos\00000014-PHOTO-2021-1-25-18-5-0.jpg
00000015-PHOTO-2021-1-26-7-55-0.jpg,.jpg,0.1181,data\raw\cgmacros\CGMacros\CGMacros-030\photos\00000015-PHOTO-2021-1-26-7-55-0.jpg
00000016-PHOTO-2021-1-26-7-55-0.jpg,.jpg,0.097,data\raw\cgmacros\CGMacros\CGMacros-030\photos\00000016-PHOTO-2021-1-26-7-55-0.jpg
00000017-PHOTO-2021-1-26-7-57-0.jpg,.jpg,0.1627,data\raw\cgmacros\CGMacros\CGMacros-030\photos\00000017-PHOTO-2021-1-26-7-57-0.jpg
00000018-PHOTO-2021-1-26-13-14-0.jpg,.jpg,0.1506,data\raw\cgmacros\CGMacros\CGMacros-030\photos\00000018-PHOTO-2021-1-26-13-14-0.jpg
00000019-PHOTO-2021-1-26-13-23-0.jpg,.jpg,0.1997,data\raw\cgmacros\CGMacros\CGMacros-030\photos\00000019-PHOTO-2021-1-26-13-23-0.jpg
00000020-PHOTO-2021-1-26-18-30-0.jpg,.jpg,0.193,data\raw\cgmacros\CGMacros\CGMacros-030\photos\00000020-PHOTO-2021-1-26-18-30-0.jpg
00000021-PHOTO-2021-1-27-11-57-0.jpg,.jpg,0.2053,data\raw\cgmacros\CGMacros\CGMacros-030\photos\00000021-PHOTO-2021-1-27-11-57-0.jpg
00000024-PHOTO-2021-1-27-12-33-0.jpg,.jpg,0.1856,data\raw\cgmacros\CGMacros\CGMacros-030\photos\00000024-PHOTO-2021-1-27-12-33-0.jpg
00000025-PHOTO-2021-1-27-17-40-0.jpg,.jpg,0.1459,data\raw\cgmacros\CGMacros\CGMacros-030\photos\00000025-PHOTO-2021-1-27-17-40-0.jpg
00000026-PHOTO-2021-1-28-7-31-0.jpg,.jpg,0.151,data\raw\cgmacros\CGMacros\CGMacros-030\photos\00000026-PHOTO-2021-1-28-7-31-0.jpg
00000027-PHOTO-2021-1-28-7-34-0.jpg,.jpg,0.1327,data\raw\cgmacros\CGMacros\CGMacros-030\photos\00000027-PHOTO-2021-1-28-7-34-0.jpg
00000028-PHOTO-2021-1-28-11-48-0.jpg,.jpg,0.1843,data\raw\cgmacros\CGMacros\CGMacros-030\photos\00000028-PHOTO-2021-1-28-11-48-0.jpg
00000029-PHOTO-2021-1-28-11-48-0.jpg,.jpg,0.1931,data\raw\cgmacros\CGMacros\CGMacros-030\photos\00000029-PHOTO-2021-1-28-11-48-0.jpg
00000030-PHOTO-2021-1-28-18-22-0.jpg,.jpg,0.1178,data\raw\cgmacros\CGMacros\CGMacros-030\photos\00000030-PHOTO-2021-1-28-18-22-0.jpg
00000031-PHOTO-2021-1-29-7-46-0.jpg,.jpg,0.117,data\raw\cgmacros\CGMacros\CGMacros-030\photos\00000031-PHOTO-2021-1-29-7-46-0.jpg
00000032-PHOTO-2021-1-29-7-47-0.jpg,.jpg,0.1574,data\raw\cgmacros\CGMacros\CGMacros-030\photos\00000032-PHOTO-2021-1-29-7-47-0.jpg
00000033-PHOTO-2021-1-29-12-46-0.jpg,.jpg,0.1949,data\raw\cgmacros\CGMacros\CGMacros-030\photos\00000033-PHOTO-2021-1-29-12-46-0.jpg
00000034-PHOTO-2021-1-29-12-57-0.jpg,.jpg,0.2044,data\raw\cgmacros\CGMacros\CGMacros-030\photos\00000034-PHOTO-2021-1-29-12-57-0.jpg
00000035-PHOTO-2021-1-29-16-46-0.jpg,.jpg,0.2054,data\raw\cgmacros\CGMacros\CGMacros-030\photos\00000035-PHOTO-2021-1-29-16-46-0.jpg
00000036-PHOTO-2021-1-30-8-30-0.jpg,.jpg,0.2429,data\raw\cgmacros\CGMacros\CGMacros-030\photos\00000036-PHOTO-2021-1-30-8-30-0.jpg
00000037-PHOTO-2021-1-30-8-33-0.jpg,.jpg,0.308,data\raw\cgmacros\CGMacros\CGMacros-030\photos\00000037-PHOTO-2021-1-30-8-33-0.jpg
00000038-PHOTO-2021-1-30-12-30-0.jpg,.jpg,0.3006,data\raw\cgmacros\CGMacros\CGMacros-030\photos\00000038-PHOTO-2021-1-30-12-30-0.jpg
00000039-PHOTO-2021-1-30-12-30-0.jpg,.jpg,0.2609,data\raw\cgmacros\CGMacros\CGMacros-030\photos\00000039-PHOTO-2021-1-30-12-30-0.jpg
00000040-PHOTO-2021-1-30-17-56-0.jpg,.jpg,0.1352,data\raw\cgmacros\CGMacros\CGMacros-030\photos\00000040-PHOTO-2021-1-30-17-56-0.jpg
00000041-PHOTO-2021-1-31-8-16-0.jpg,.jpg,0.2642,data\raw\cgmacros\CGMacros\CGMacros-030\photos\00000041-PHOTO-2021-1-31-8-16-0.jpg
00000042-PHOTO-2021-1-31-8-18-0.jpg,.jpg,0.2689,data\raw\cgmacros\CGMacros\CGMacros-030\photos\00000042-PHOTO-2021-1-31-8-18-0.jpg
00000043-PHOTO-2021-1-31-12-13-0.jpg,.jpg,0.1204,data\raw\cgmacros\CGMacros\CGMacros-030\photos\00000043-PHOTO-2021-1-31-12-13-0.jpg
00000044-PHOTO-2021-1-31-12-13-0.jpg,.jpg,0.1134,data\raw\cgmacros\CGMacros\CGMacros-030\photos\00000044-PHOTO-2021-1-31-12-13-0.jpg
00000046-PHOTO-2021-1-31-19-0-0.jpg,.jpg,0.1482,data\raw\cgmacros\CGMacros\CGMacros-030\photos\00000046-PHOTO-2021-1-31-19-0-0.jpg
00000047-PHOTO-2021-2-1-9-34-0.jpg,.jpg,0.1101,data\raw\cgmacros\CGMacros\CGMacros-030\photos\00000047-PHOTO-2021-2-1-9-34-0.jpg
00000048-PHOTO-2021-2-1-9-37-0.jpg,.jpg,0.1116,data\raw\cgmacros\CGMacros\CGMacros-030\photos\00000048-PHOTO-2021-2-1-9-37-0.jpg
00000049-PHOTO-2021-2-1-12-42-0.jpg,.jpg,0.2815,data\raw\cgmacros\CGMacros\CGMacros-030\photos\00000049-PHOTO-2021-2-1-12-42-0.jpg
00000050-PHOTO-2021-2-1-12-59-0.jpg,.jpg,0.2709,data\raw\cgmacros\CGMacros\CGMacros-030\photos\00000050-PHOTO-2021-2-1-12-59-0.jpg
00000051-PHOTO-2021-2-1-20-5-0.jpg,.jpg,0.1644,data\raw\cgmacros\CGMacros\CGMacros-030\photos\00000051-PHOTO-2021-2-1-20-5-0.jpg
00000052-PHOTO-2021-2-2-8-56-0.jpg,.jpg,0.2539,data\raw\cgmacros\CGMacros\CGMacros-030\photos\00000052-PHOTO-2021-2-2-8-56-0.jpg
00000053-PHOTO-2021-2-2-8-58-0.jpg,.jpg,0.2269,data\raw\cgmacros\CGMacros\CGMacros-030\photos\00000053-PHOTO-2021-2-2-8-58-0.jpg
00000002-PHOTO-2024-1-16-17-18-0.jpg,.jpg,0.0925,data\raw\cgmacros\CGMacros\CGMacros-029\photos\00000002-PHOTO-2024-1-16-17-18-0.jpg
00000003-PHOTO-2024-1-17-8-20-0.jpg,.jpg,0.0836,data\raw\cgmacros\CGMacros\CGMacros-029\photos\00000003-PHOTO-2024-1-17-8-20-0.jpg
00000004-PHOTO-2024-1-17-8-23-0.jpg,.jpg,0.0959,data\raw\cgmacros\CGMacros\CGMacros-029\photos\00000004-PHOTO-2024-1-17-8-23-0.jpg
00000005-PHOTO-2024-1-17-12-6-0.jpg,.jpg,0.2281,data\raw\cgmacros\CGMacros\CGMacros-029\photos\00000005-PHOTO-2024-1-17-12-6-0.jpg
00000006-PHOTO-2024-1-17-12-20-0.jpg,.jpg,0.3075,data\raw\cgmacros\CGMacros\CGMacros-029\photos\00000006-PHOTO-2024-1-17-12-20-0.jpg
00000007-PHOTO-2024-1-17-17-22-0.jpg,.jpg,0.1477,data\raw\cgmacros\CGMacros\CGMacros-029\photos\00000007-PHOTO-2024-1-17-17-22-0.jpg
00000008-PHOTO-2024-1-17-17-40-0.jpg,.jpg,0.0642,data\raw\cgmacros\CGMacros\CGMacros-029\photos\00000008-PHOTO-2024-1-17-17-40-0.jpg
00000009-PHOTO-2024-1-18-5-44-0.jpg,.jpg,0.0682,data\raw\cgmacros\CGMacros\CGMacros-029\photos\00000009-PHOTO-2024-1-18-5-44-0.jpg
00000011-PHOTO-2024-1-18-11-56-0.jpg,.jpg,0.2291,data\raw\cgmacros\CGMacros\CGMacros-029\photos\00000011-PHOTO-2024-1-18-11-56-0.jpg
00000014-PHOTO-2024-1-18-17-4-0.jpg,.jpg,0.327,data\raw\cgmacros\CGMacros\CGMacros-029\photos\00000014-PHOTO-2024-1-18-17-4-0.jpg
00000015-PHOTO-2024-1-18-17-18-0.jpg,.jpg,0.2729,data\raw\cgmacros\CGMacros\CGMacros-029\photos\00000015-PHOTO-2024-1-18-17-18-0.jpg
00000016-PHOTO-2024-1-19-6-18-0.jpg,.jpg,0.1885,data\raw\cgmacros\CGMacros\CGMacros-029\photos\00000016-PHOTO-2024-1-19-6-18-0.jpg
00000017-PHOTO-2024-1-19-6-21-0.jpg,.jpg,0.1836,data\raw\cgmacros\CGMacros\CGMacros-029\photos\00000017-PHOTO-2024-1-19-6-21-0.jpg
00000018-PHOTO-2024-1-19-11-38-0.jpg,.jpg,0.1822,data\raw\cgmacros\CGMacros\CGMacros-029\photos\00000018-PHOTO-2024-1-19-11-38-0.jpg
00000019-PHOTO-2024-1-19-11-54-0.jpg,.jpg,0.178,data\raw\cgmacros\CGMacros\CGMacros-029\photos\00000019-PHOTO-2024-1-19-11-54-0.jpg
00000020-PHOTO-2024-1-19-16-20-0.jpg,.jpg,0.1972,data\raw\cgmacros\CGMacros\CGMacros-029\photos\00000020-PHOTO-2024-1-19-16-20-0.jpg
00000021-PHOTO-2024-1-19-16-29-0.jpg,.jpg,0.2656,data\raw\cgmacros\CGMacros\CGMacros-029\photos\00000021-PHOTO-2024-1-19-16-29-0.jpg
00000022-PHOTO-2024-1-20-6-22-0.jpg,.jpg,0.2513,data\raw\cgmacros\CGMacros\CGMacros-029\photos\00000022-PHOTO-2024-1-20-6-22-0.jpg
00000023-PHOTO-2024-1-20-6-25-0.jpg,.jpg,0.2075,data\raw\cgmacros\CGMacros\CGMacros-029\photos\00000023-PHOTO-2024-1-20-6-25-0.jpg
00000024-PHOTO-2024-1-20-11-53-0.jpg,.jpg,0.2396,data\raw\cgmacros\CGMacros\CGMacros-029\photos\00000024-PHOTO-2024-1-20-11-53-0.jpg
00000025-PHOTO-2024-1-20-12-0-0.jpg,.jpg,0.2019,data\raw\cgmacros\CGMacros\CGMacros-029\photos\00000025-PHOTO-2024-1-20-12-0-0.jpg
00000026-PHOTO-2024-1-20-17-19-0.jpg,.jpg,0.3423,data\raw\cgmacros\CGMacros\CGMacros-029\photos\00000026-PHOTO-2024-1-20-17-19-0.jpg
00000027-PHOTO-2024-1-20-17-35-0.jpg,.jpg,0.3445,data\raw\cgmacros\CGMacros\CGMacros-029\photos\00000027-PHOTO-2024-1-20-17-35-0.jpg
00000028-PHOTO-2024-1-21-6-30-0.jpg,.jpg,0.1194,data\raw\cgmacros\CGMacros\CGMacros-029\photos\00000028-PHOTO-2024-1-21-6-30-0.jpg
00000029-PHOTO-2024-1-21-6-33-0.jpg,.jpg,0.2118,data\raw\cgmacros\CGMacros\CGMacros-029\photos\00000029-PHOTO-2024-1-21-6-33-0.jpg
00000030-PHOTO-2024-1-21-11-55-0.jpg,.jpg,0.1936,data\raw\cgmacros\CGMacros\CGMacros-029\photos\00000030-PHOTO-2024-1-21-11-55-0.jpg
00000031-PHOTO-2024-1-21-12-5-0.jpg,.jpg,0.2416,data\raw\cgmacros\CGMacros\CGMacros-029\photos\00000031-PHOTO-2024-1-21-12-5-0.jpg
00000032-PHOTO-2024-1-21-17-37-0.jpg,.jpg,0.3103,data\raw\cgmacros\CGMacros\CGMacros-029\photos\00000032-PHOTO-2024-1-21-17-37-0.jpg
00000033-PHOTO-2024-1-21-17-48-0.jpg,.jpg,0.3503,data\raw\cgmacros\CGMacros\CGMacros-029\photos\00000033-PHOTO-2024-1-21-17-48-0.jpg
00000034-PHOTO-2024-1-22-5-40-0.jpg,.jpg,0.1582,data\raw\cgmacros\CGMacros\CGMacros-029\photos\00000034-PHOTO-2024-1-22-5-40-0.jpg
00000035-PHOTO-2024-1-22-6-36-0.jpg,.jpg,0.169,data\raw\cgmacros\CGMacros\CGMacros-029\photos\00000035-PHOTO-2024-1-22-6-36-0.jpg
00000036-PHOTO-2024-1-22-11-40-0.jpg,.jpg,0.3999,data\raw\cgmacros\CGMacros\CGMacros-029\photos\00000036-PHOTO-2024-1-22-11-40-0.jpg
00000037-PHOTO-2024-1-22-11-54-0.jpg,.jpg,0.4478,data\raw\cgmacros\CGMacros\CGMacros-029\photos\00000037-PHOTO-2024-1-22-11-54-0.jpg
00000038-PHOTO-2024-1-22-17-35-0.jpg,.jpg,0.3881,data\raw\cgmacros\CGMacros\CGMacros-029\photos\00000038-PHOTO-2024-1-22-17-35-0.jpg
00000039-PHOTO-2024-1-22-17-45-0.jpg,.jpg,0.1503,data\raw\cgmacros\CGMacros\CGMacros-029\photos\00000039-PHOTO-2024-1-22-17-45-0.jpg
00000040-PHOTO-2024-1-23-5-57-0.jpg,.jpg,0.1294,data\raw\cgmacros\CGMacros\CGMacros-029\photos\00000040-PHOTO-2024-1-23-5-57-0.jpg
00000041-PHOTO-2024-1-23-5-58-0.jpg,.jpg,0.1486,data\raw\cgmacros\CGMacros\CGMacros-029\photos\00000041-PHOTO-2024-1-23-5-58-0.jpg
00000042-PHOTO-2024-1-23-11-41-0.jpg,.jpg,0.434,data\raw\cgmacros\CGMacros\CGMacros-029\photos\00000042-PHOTO-2024-1-23-11-41-0.jpg
00000043-PHOTO-2024-1-23-11-53-0.jpg,.jpg,0.4574,data\raw\cgmacros\CGMacros\CGMacros-029\photos\00000043-PHOTO-2024-1-23-11-53-0.jpg
00000044-PHOTO-2024-1-23-17-36-0.jpg,.jpg,0.351,data\raw\cgmacros\CGMacros\CGMacros-029\photos\00000044-PHOTO-2024-1-23-17-36-0.jpg
00000045-PHOTO-2024-1-23-17-48-0.jpg,.jpg,0.311,data\raw\cgmacros\CGMacros\CGMacros-029\photos\00000045-PHOTO-2024-1-23-17-48-0.jpg
00000046-PHOTO-2024-1-24-6-19-0.jpg,.jpg,0.1566,data\raw\cgmacros\CGMacros\CGMacros-029\photos\00000046-PHOTO-2024-1-24-6-19-0.jpg
00000047-PHOTO-2024-1-24-6-21-0.jpg,.jpg,0.222,data\raw\cgmacros\CGMacros\CGMacros-029\photos\00000047-PHOTO-2024-1-24-6-21-0.jpg
00000048-PHOTO-2024-1-24-11-39-0.jpg,.jpg,0.3471,data\raw\cgmacros\CGMacros\CGMacros-029\photos\00000048-PHOTO-2024-1-24-11-39-0.jpg
00000050-PHOTO-2024-1-24-16-0-0.jpg,.jpg,0.4848,data\raw\cgmacros\CGMacros\CGMacros-029\photos\00000050-PHOTO-2024-1-24-16-0-0.jpg
00000051-PHOTO-2024-1-24-16-7-0.jpg,.jpg,0.2816,data\raw\cgmacros\CGMacros\CGMacros-029\photos\00000051-PHOTO-2024-1-24-16-7-0.jpg
00000052-PHOTO-2024-1-25-5-51-0.jpg,.jpg,0.1648,data\raw\cgmacros\CGMacros\CGMacros-029\photos\00000052-PHOTO-2024-1-25-5-51-0.jpg
00000053-PHOTO-2024-1-25-5-54-0.jpg,.jpg,0.0636,data\raw\cgmacros\CGMacros\CGMacros-029\photos\00000053-PHOTO-2024-1-25-5-54-0.jpg
00000054-PHOTO-2024-1-25-11-39-0.jpg,.jpg,0.3261,data\raw\cgmacros\CGMacros\CGMacros-029\photos\00000054-PHOTO-2024-1-25-11-39-0.jpg
00000055-PHOTO-2024-1-25-11-50-0.jpg,.jpg,0.2221,data\raw\cgmacros\CGMacros\CGMacros-029\photos\00000055-PHOTO-2024-1-25-11-50-0.jpg
00000056-PHOTO-2024-1-25-16-34-0.jpg,.jpg,0.4226,data\raw\cgmacros\CGMacros\CGMacros-029\photos\00000056-PHOTO-2024-1-25-16-34-0.jpg
00000057-PHOTO-2024-1-25-16-46-0.jpg,.jpg,0.3275,data\raw\cgmacros\CGMacros\CGMacros-029\photos\00000057-PHOTO-2024-1-25-16-46-0.jpg
00000058-PHOTO-2024-1-26-5-37-0.jpg,.jpg,0.1283,data\raw\cgmacros\CGMacros\CGMacros-029\photos\00000058-PHOTO-2024-1-26-5-37-0.jpg
00000059-PHOTO-2024-1-26-5-39-0.jpg,.jpg,0.2009,data\raw\cgmacros\CGMacros\CGMacros-029\photos\00000059-PHOTO-2024-1-26-5-39-0.jpg
00000060-PHOTO-2024-1-26-11-39-0.jpg,.jpg,0.3338,data\raw\cgmacros\CGMacros\CGMacros-029\photos\00000060-PHOTO-2024-1-26-11-39-0.jpg
00000061-PHOTO-2024-1-26-11-55-0.jpg,.jpg,0.4297,data\raw\cgmacros\CGMacros\CGMacros-029\photos\00000061-PHOTO-2024-1-26-11-55-0.jpg
00000062-PHOTO-2024-1-26-18-13-0.jpg,.jpg,0.2879,data\raw\cgmacros\CGMacros\CGMacros-029\photos\00000062-PHOTO-2024-1-26-18-13-0.jpg
00000063-PHOTO-2024-1-26-18-35-0.jpg,.jpg,0.1594,data\raw\cgmacros\CGMacros\CGMacros-029\photos\00000063-PHOTO-2024-1-26-18-35-0.jpg
00000064-PHOTO-2024-1-27-6-31-0.jpg,.jpg,0.1758,data\raw\cgmacros\CGMacros\CGMacros-029\photos\00000064-PHOTO-2024-1-27-6-31-0.jpg
00000065-PHOTO-2024-1-27-6-33-0.jpg,.jpg,0.1299,data\raw\cgmacros\CGMacros\CGMacros-029\photos\00000065-PHOTO-2024-1-27-6-33-0.jpg
00000002-PHOTO-2023-11-27-10-29-0.jpg,.jpg,0.1073,data\raw\cgmacros\CGMacros\CGMacros-028\photos\00000002-PHOTO-2023-11-27-10-29-0.jpg
00000003-PHOTO-2023-11-28-8-8-0.jpg,.jpg,0.0771,data\raw\cgmacros\CGMacros\CGMacros-028\photos\00000003-PHOTO-2023-11-28-8-8-0.jpg
00000004-PHOTO-2023-11-28-8-11-0.jpg,.jpg,0.0664,data\raw\cgmacros\CGMacros\CGMacros-028\photos\00000004-PHOTO-2023-11-28-8-11-0.jpg
00000005-PHOTO-2023-11-28-12-40-0.jpg,.jpg,0.0772,data\raw\cgmacros\CGMacros\CGMacros-028\photos\00000005-PHOTO-2023-11-28-12-40-0.jpg
00000006-PHOTO-2023-11-28-12-58-0.jpg,.jpg,0.1457,data\raw\cgmacros\CGMacros\CGMacros-028\photos\00000006-PHOTO-2023-11-28-12-58-0.jpg
00000008-PHOTO-2023-11-28-18-57-0.jpg,.jpg,0.1096,data\raw\cgmacros\CGMacros\CGMacros-028\photos\00000008-PHOTO-2023-11-28-18-57-0.jpg
00000009-PHOTO-2023-11-28-19-13-0.jpg,.jpg,0.1024,data\raw\cgmacros\CGMacros\CGMacros-028\photos\00000009-PHOTO-2023-11-28-19-13-0.jpg
00000010-PHOTO-2023-11-29-9-4-0.jpg,.jpg,0.0794,data\raw\cgmacros\CGMacros\CGMacros-028\photos\00000010-PHOTO-2023-11-29-9-4-0.jpg
00000011-PHOTO-2023-11-29-9-16-0.jpg,.jpg,0.0677,data\raw\cgmacros\CGMacros\CGMacros-028\photos\00000011-PHOTO-2023-11-29-9-16-0.jpg
00000012-PHOTO-2023-11-29-12-51-0.jpg,.jpg,0.1233,data\raw\cgmacros\CGMacros\CGMacros-028\photos\00000012-PHOTO-2023-11-29-12-51-0.jpg
00000013-PHOTO-2023-11-29-13-14-0.jpg,.jpg,0.0952,data\raw\cgmacros\CGMacros\CGMacros-028\photos\00000013-PHOTO-2023-11-29-13-14-0.jpg
00000014-PHOTO-2023-11-29-16-33-0.jpg,.jpg,0.094,data\raw\cgmacros\CGMacros\CGMacros-028\photos\00000014-PHOTO-2023-11-29-16-33-0.jpg
00000015-PHOTO-2023-11-29-18-58-0.jpg,.jpg,0.0992,data\raw\cgmacros\CGMacros\CGMacros-028\photos\00000015-PHOTO-2023-11-29-18-58-0.jpg
00000016-PHOTO-2023-11-30-9-25-0.jpg,.jpg,0.0671,data\raw\cgmacros\CGMacros\CGMacros-028\photos\00000016-PHOTO-2023-11-30-9-25-0.jpg
00000017-PHOTO-2023-11-30-9-38-0.jpg,.jpg,0.0743,data\raw\cgmacros\CGMacros\CGMacros-028\photos\00000017-PHOTO-2023-11-30-9-38-0.jpg
00000018-PHOTO-2023-11-30-12-40-0.jpg,.jpg,0.1289,data\raw\cgmacros\CGMacros\CGMacros-028\photos\00000018-PHOTO-2023-11-30-12-40-0.jpg
00000019-PHOTO-2023-11-30-13-6-0.jpg,.jpg,0.1102,data\raw\cgmacros\CGMacros\CGMacros-028\photos\00000019-PHOTO-2023-11-30-13-6-0.jpg
00000020-PHOTO-2023-11-30-18-53-0.jpg,.jpg,0.1096,data\raw\cgmacros\CGMacros\CGMacros-028\photos\00000020-PHOTO-2023-11-30-18-53-0.jpg
00000021-PHOTO-2023-11-30-19-12-0.jpg,.jpg,0.0801,data\raw\cgmacros\CGMacros\CGMacros-028\photos\00000021-PHOTO-2023-11-30-19-12-0.jpg
00000022-PHOTO-2023-12-1-9-12-0.jpg,.jpg,0.082,data\raw\cgmacros\CGMacros\CGMacros-028\photos\00000022-PHOTO-2023-12-1-9-12-0.jpg
00000023-PHOTO-2023-12-1-9-17-0.jpg,.jpg,0.1103,data\raw\cgmacros\CGMacros\CGMacros-028\photos\00000023-PHOTO-2023-12-1-9-17-0.jpg
00000024-PHOTO-2023-12-1-12-29-0.jpg,.jpg,0.132,data\raw\cgmacros\CGMacros\CGMacros-028\photos\00000024-PHOTO-2023-12-1-12-29-0.jpg
00000025-PHOTO-2023-12-1-12-49-0.jpg,.jpg,0.1419,data\raw\cgmacros\CGMacros\CGMacros-028\photos\00000025-PHOTO-2023-12-1-12-49-0.jpg
00000027-PHOTO-2023-12-1-19-53-0.jpg,.jpg,0.1228,data\raw\cgmacros\CGMacros\CGMacros-028\photos\00000027-PHOTO-2023-12-1-19-53-0.jpg
00000028-PHOTO-2023-12-2-8-59-0.jpg,.jpg,0.14,data\raw\cgmacros\CGMacros\CGMacros-028\photos\00000028-PHOTO-2023-12-2-8-59-0.jpg
00000029-PHOTO-2023-12-2-9-16-0.jpg,.jpg,0.0913,data\raw\cgmacros\CGMacros\CGMacros-028\photos\00000029-PHOTO-2023-12-2-9-16-0.jpg
00000030-PHOTO-2023-12-2-12-51-0.jpg,.jpg,0.1343,data\raw\cgmacros\CGMacros\CGMacros-028\photos\00000030-PHOTO-2023-12-2-12-51-0.jpg
00000031-PHOTO-2023-12-2-13-11-0.jpg,.jpg,0.113,data\raw\cgmacros\CGMacros\CGMacros-028\photos\00000031-PHOTO-2023-12-2-13-11-0.jpg
00000032-PHOTO-2023-12-2-18-9-0.jpg,.jpg,0.1502,data\raw\cgmacros\CGMacros\CGMacros-028\photos\00000032-PHOTO-2023-12-2-18-9-0.jpg
00000033-PHOTO-2023-12-2-19-52-0.jpg,.jpg,0.1042,data\raw\cgmacros\CGMacros\CGMacros-028\photos\00000033-PHOTO-2023-12-2-19-52-0.jpg
00000034-PHOTO-2023-12-3-9-38-0.jpg,.jpg,0.1531,data\raw\cgmacros\CGMacros\CGMacros-028\photos\00000034-PHOTO-2023-12-3-9-38-0.jpg
00000035-PHOTO-2023-12-3-9-44-0.jpg,.jpg,0.1021,data\raw\cgmacros\CGMacros\CGMacros-028\photos\00000035-PHOTO-2023-12-3-9-44-0.jpg
00000036-PHOTO-2023-12-3-12-23-0.jpg,.jpg,0.1079,data\raw\cgmacros\CGMacros\CGMacros-028\photos\00000036-PHOTO-2023-12-3-12-23-0.jpg
00000037-PHOTO-2023-12-3-12-52-0.jpg,.jpg,0.1566,data\raw\cgmacros\CGMacros\CGMacros-028\photos\00000037-PHOTO-2023-12-3-12-52-0.jpg
00000038-PHOTO-2023-12-3-18-47-0.jpg,.jpg,0.1353,data\raw\cgmacros\CGMacros\CGMacros-028\photos\00000038-PHOTO-2023-12-3-18-47-0.jpg
00000039-PHOTO-2023-12-4-9-11-0.jpg,.jpg,0.0964,data\raw\cgmacros\CGMacros\CGMacros-028\photos\00000039-PHOTO-2023-12-4-9-11-0.jpg
00000040-PHOTO-2023-12-4-9-22-0.jpg,.jpg,0.0633,data\raw\cgmacros\CGMacros\CGMacros-028\photos\00000040-PHOTO-2023-12-4-9-22-0.jpg
00000041-PHOTO-2023-12-4-13-1-0.jpg,.jpg,0.2344,data\raw\cgmacros\CGMacros\CGMacros-028\photos\00000041-PHOTO-2023-12-4-13-1-0.jpg
00000042-PHOTO-2023-12-4-13-19-0.jpg,.jpg,0.174,data\raw\cgmacros\CGMacros\CGMacros-028\photos\00000042-PHOTO-2023-12-4-13-19-0.jpg
00000043-PHOTO-2023-12-4-19-56-0.jpg,.jpg,0.1686,data\raw\cgmacros\CGMacros\CGMacros-028\photos\00000043-PHOTO-2023-12-4-19-56-0.jpg
00000044-PHOTO-2023-12-5-9-45-0.jpg,.jpg,0.1215,data\raw\cgmacros\CGMacros\CGMacros-028\photos\00000044-PHOTO-2023-12-5-9-45-0.jpg
00000045-PHOTO-2023-12-5-9-51-0.jpg,.jpg,0.1569,data\raw\cgmacros\CGMacros\CGMacros-028\photos\00000045-PHOTO-2023-12-5-9-51-0.jpg
00000046-PHOTO-2023-12-5-12-30-0.jpg,.jpg,0.1536,data\raw\cgmacros\CGMacros\CGMacros-028\photos\00000046-PHOTO-2023-12-5-12-30-0.jpg
00000047-PHOTO-2023-12-5-13-3-0.jpg,.jpg,0.1561,data\raw\cgmacros\CGMacros\CGMacros-028\photos\00000047-PHOTO-2023-12-5-13-3-0.jpg
00000048-PHOTO-2023-12-5-16-16-0.jpg,.jpg,0.0821,data\raw\cgmacros\CGMacros\CGMacros-028\photos\00000048-PHOTO-2023-12-5-16-16-0.jpg
00000049-PHOTO-2023-12-5-20-39-0.jpg,.jpg,0.1088,data\raw\cgmacros\CGMacros\CGMacros-028\photos\00000049-PHOTO-2023-12-5-20-39-0.jpg
00000050-PHOTO-2023-12-6-8-59-0.jpg,.jpg,0.1796,data\raw\cgmacros\CGMacros\CGMacros-028\photos\00000050-PHOTO-2023-12-6-8-59-0.jpg
00000051-PHOTO-2023-12-6-9-10-0.jpg,.jpg,0.1597,data\raw\cgmacros\CGMacros\CGMacros-028\photos\00000051-PHOTO-2023-12-6-9-10-0.jpg
00000052-PHOTO-2023-12-6-12-39-0.jpg,.jpg,0.1297,data\raw\cgmacros\CGMacros\CGMacros-028\photos\00000052-PHOTO-2023-12-6-12-39-0.jpg
00000053-PHOTO-2023-12-6-20-10-0.jpg,.jpg,0.1608,data\raw\cgmacros\CGMacros\CGMacros-028\photos\00000053-PHOTO-2023-12-6-20-10-0.jpg
00000054-PHOTO-2023-12-7-9-33-0.jpg,.jpg,0.1134,data\raw\cgmacros\CGMacros\CGMacros-028\photos\00000054-PHOTO-2023-12-7-9-33-0.jpg
00000055-PHOTO-2023-12-7-9-40-0.jpg,.jpg,0.0737,data\raw\cgmacros\CGMacros\CGMacros-028\photos\00000055-PHOTO-2023-12-7-9-40-0.jpg
00000056-PHOTO-2023-12-7-12-33-0.jpg,.jpg,0.1476,data\raw\cgmacros\CGMacros\CGMacros-028\photos\00000056-PHOTO-2023-12-7-12-33-0.jpg
00000057-PHOTO-2023-12-7-12-55-0.jpg,.jpg,0.1183,data\raw\cgmacros\CGMacros\CGMacros-028\photos\00000057-PHOTO-2023-12-7-12-55-0.jpg
00000058-PHOTO-2023-12-8-9-33-0.jpg,.jpg,0.1421,data\raw\cgmacros\CGMacros\CGMacros-028\photos\00000058-PHOTO-2023-12-8-9-33-0.jpg
00000059-PHOTO-2023-12-8-9-47-0.jpg,.jpg,0.168,data\raw\cgmacros\CGMacros\CGMacros-028\photos\00000059-PHOTO-2023-12-8-9-47-0.jpg
00000002-PHOTO-2024-6-4-17-58-0.jpg,.jpg,0.0963,data\raw\cgmacros\CGMacros\CGMacros-027\photos\00000002-PHOTO-2024-6-4-17-58-0.jpg
00000003-PHOTO-2024-6-10-8-27-0.jpg,.jpg,0.1056,data\raw\cgmacros\CGMacros\CGMacros-027\photos\00000003-PHOTO-2024-6-10-8-27-0.jpg
00000004-PHOTO-2024-6-10-8-32-0.jpg,.jpg,0.092,data\raw\cgmacros\CGMacros\CGMacros-027\photos\00000004-PHOTO-2024-6-10-8-32-0.jpg
00000005-PHOTO-2024-6-10-9-59-0.jpg,.jpg,0.0999,data\raw\cgmacros\CGMacros\CGMacros-027\photos\00000005-PHOTO-2024-6-10-9-59-0.jpg
00000006-PHOTO-2024-6-10-10-13-0.jpg,.jpg,0.1027,data\raw\cgmacros\CGMacros\CGMacros-027\photos\00000006-PHOTO-2024-6-10-10-13-0.jpg
00000007-PHOTO-2024-6-10-13-30-0.jpg,.jpg,0.1896,data\raw\cgmacros\CGMacros\CGMacros-027\photos\00000007-PHOTO-2024-6-10-13-30-0.jpg
00000008-PHOTO-2024-6-10-13-57-0.jpg,.jpg,0.1293,data\raw\cgmacros\CGMacros\CGMacros-027\photos\00000008-PHOTO-2024-6-10-13-57-0.jpg
00000009-PHOTO-2024-6-10-20-15-0.jpg,.jpg,0.3007,data\raw\cgmacros\CGMacros\CGMacros-027\photos\00000009-PHOTO-2024-6-10-20-15-0.jpg
00000010-PHOTO-2024-6-10-20-30-0.jpg,.jpg,0.2253,data\raw\cgmacros\CGMacros\CGMacros-027\photos\00000010-PHOTO-2024-6-10-20-30-0.jpg
00000011-PHOTO-2024-6-11-8-45-0.jpg,.jpg,0.1698,data\raw\cgmacros\CGMacros\CGMacros-027\photos\00000011-PHOTO-2024-6-11-8-45-0.jpg
00000012-PHOTO-2024-6-11-9-0-0.jpg,.jpg,0.1875,data\raw\cgmacros\CGMacros\CGMacros-027\photos\00000012-PHOTO-2024-6-11-9-0-0.jpg
00000013-PHOTO-2024-6-11-12-45-0.jpg,.jpg,0.2222,data\raw\cgmacros\CGMacros\CGMacros-027\photos\00000013-PHOTO-2024-6-11-12-45-0.jpg
00000014-PHOTO-2024-6-11-13-3-0.jpg,.jpg,0.1812,data\raw\cgmacros\CGMacros\CGMacros-027\photos\00000014-PHOTO-2024-6-11-13-3-0.jpg
00000015-PHOTO-2024-6-11-18-38-0.jpg,.jpg,0.1177,data\raw\cgmacros\CGMacros\CGMacros-027\photos\00000015-PHOTO-2024-6-11-18-38-0.jpg
00000016-PHOTO-2024-6-11-23-58-0.jpg,.jpg,0.086,data\raw\cgmacros\CGMacros\CGMacros-027\photos\00000016-PHOTO-2024-6-11-23-58-0.jpg
00000017-PHOTO-2024-6-12-0-8-0.jpg,.jpg,0.1778,data\raw\cgmacros\CGMacros\CGMacros-027\photos\00000017-PHOTO-2024-6-12-0-8-0.jpg
00000018-PHOTO-2024-6-12-8-30-0.jpg,.jpg,0.1072,data\raw\cgmacros\CGMacros\CGMacros-027\photos\00000018-PHOTO-2024-6-12-8-30-0.jpg
00000019-PHOTO-2024-6-12-8-45-0.jpg,.jpg,0.1166,data\raw\cgmacros\CGMacros\CGMacros-027\photos\00000019-PHOTO-2024-6-12-8-45-0.jpg
00000020-PHOTO-2024-6-12-13-34-0.jpg,.jpg,0.1953,data\raw\cgmacros\CGMacros\CGMacros-027\photos\00000020-PHOTO-2024-6-12-13-34-0.jpg
00000021-PHOTO-2024-6-12-13-49-0.jpg,.jpg,0.1885,data\raw\cgmacros\CGMacros\CGMacros-027\photos\00000021-PHOTO-2024-6-12-13-49-0.jpg
00000022-PHOTO-2024-6-12-21-4-0.jpg,.jpg,0.2399,data\raw\cgmacros\CGMacros\CGMacros-027\photos\00000022-PHOTO-2024-6-12-21-4-0.jpg
00000023-PHOTO-2024-6-12-21-24-0.jpg,.jpg,0.1888,data\raw\cgmacros\CGMacros\CGMacros-027\photos\00000023-PHOTO-2024-6-12-21-24-0.jpg
00000024-PHOTO-2024-6-13-9-20-0.jpg,.jpg,0.125,data\raw\cgmacros\CGMacros\CGMacros-027\photos\00000024-PHOTO-2024-6-13-9-20-0.jpg
00000025-PHOTO-2024-6-13-9-28-0.jpg,.jpg,0.15,data\raw\cgmacros\CGMacros\CGMacros-027\photos\00000025-PHOTO-2024-6-13-9-28-0.jpg
00000026-PHOTO-2024-6-13-15-30-0.jpg,.jpg,0.2663,data\raw\cgmacros\CGMacros\CGMacros-027\photos\00000026-PHOTO-2024-6-13-15-30-0.jpg
00000027-PHOTO-2024-6-13-15-45-0.jpg,.jpg,0.2699,data\raw\cgmacros\CGMacros\CGMacros-027\photos\00000027-PHOTO-2024-6-13-15-45-0.jpg
00000028-PHOTO-2024-6-13-19-45-0.jpg,.jpg,0.3679,data\raw\cgmacros\CGMacros\CGMacros-027\photos\00000028-PHOTO-2024-6-13-19-45-0.jpg
00000029-PHOTO-2024-6-13-20-27-0.jpg,.jpg,0.4785,data\raw\cgmacros\CGMacros\CGMacros-027\photos\00000029-PHOTO-2024-6-13-20-27-0.jpg
00000030-PHOTO-2024-6-14-9-33-0.jpg,.jpg,0.1131,data\raw\cgmacros\CGMacros\CGMacros-027\photos\00000030-PHOTO-2024-6-14-9-33-0.jpg
00000031-PHOTO-2024-6-14-9-49-0.jpg,.jpg,0.1152,data\raw\cgmacros\CGMacros\CGMacros-027\photos\00000031-PHOTO-2024-6-14-9-49-0.jpg
00000032-PHOTO-2024-6-14-14-0-0.jpg,.jpg,0.1494,data\raw\cgmacros\CGMacros\CGMacros-027\photos\00000032-PHOTO-2024-6-14-14-0-0.jpg
00000033-PHOTO-2024-6-14-14-20-0.jpg,.jpg,0.1355,data\raw\cgmacros\CGMacros\CGMacros-027\photos\00000033-PHOTO-2024-6-14-14-20-0.jpg
00000034-PHOTO-2024-6-15-10-10-0.jpg,.jpg,0.0818,data\raw\cgmacros\CGMacros\CGMacros-027\photos\00000034-PHOTO-2024-6-15-10-10-0.jpg
00000035-PHOTO-2024-6-15-10-22-0.jpg,.jpg,0.1167,data\raw\cgmacros\CGMacros\CGMacros-027\photos\00000035-PHOTO-2024-6-15-10-22-0.jpg
00000036-PHOTO-2024-6-15-10-22-0.jpg,.jpg,0.1075,data\raw\cgmacros\CGMacros\CGMacros-027\photos\00000036-PHOTO-2024-6-15-10-22-0.jpg
00000037-PHOTO-2024-6-15-13-40-0.jpg,.jpg,0.3052,data\raw\cgmacros\CGMacros\CGMacros-027\photos\00000037-PHOTO-2024-6-15-13-40-0.jpg
00000038-PHOTO-2024-6-15-14-4-0.jpg,.jpg,0.366,data\raw\cgmacros\CGMacros\CGMacros-027\photos\00000038-PHOTO-2024-6-15-14-4-0.jpg
00000039-PHOTO-2024-6-15-17-36-0.jpg,.jpg,0.1433,data\raw\cgmacros\CGMacros\CGMacros-027\photos\00000039-PHOTO-2024-6-15-17-36-0.jpg
00000040-PHOTO-2024-6-15-17-41-0.jpg,.jpg,0.1872,data\raw\cgmacros\CGMacros\CGMacros-027\photos\00000040-PHOTO-2024-6-15-17-41-0.jpg
00000041-PHOTO-2024-6-15-17-53-0.jpg,.jpg,0.2157,data\raw\cgmacros\CGMacros\CGMacros-027\photos\00000041-PHOTO-2024-6-15-17-53-0.jpg
00000042-PHOTO-2024-6-15-20-0-0.jpg,.jpg,0.2513,data\raw\cgmacros\CGMacros\CGMacros-027\photos\00000042-PHOTO-2024-6-15-20-0-0.jpg
00000043-PHOTO-2024-6-15-20-24-0.jpg,.jpg,0.0901,data\raw\cgmacros\CGMacros\CGMacros-027\photos\00000043-PHOTO-2024-6-15-20-24-0.jpg
00000044-PHOTO-2024-6-15-20-40-0.jpg,.jpg,0.2125,data\raw\cgmacros\CGMacros\CGMacros-027\photos\00000044-PHOTO-2024-6-15-20-40-0.jpg
00000045-PHOTO-2024-6-15-20-54-0.jpg,.jpg,0.1091,data\raw\cgmacros\CGMacros\CGMacros-027\photos\00000045-PHOTO-2024-6-15-20-54-0.jpg
00000046-PHOTO-2024-6-16-10-15-0.jpg,.jpg,0.0955,data\raw\cgmacros\CGMacros\CGMacros-027\photos\00000046-PHOTO-2024-6-16-10-15-0.jpg
00000047-PHOTO-2024-6-16-10-26-0.jpg,.jpg,0.106,data\raw\cgmacros\CGMacros\CGMacros-027\photos\00000047-PHOTO-2024-6-16-10-26-0.jpg
00000048-PHOTO-2024-6-16-14-0-0.jpg,.jpg,0.351,data\raw\cgmacros\CGMacros\CGMacros-027\photos\00000048-PHOTO-2024-6-16-14-0-0.jpg
00000049-PHOTO-2024-6-16-14-13-0.jpg,.jpg,0.3247,data\raw\cgmacros\CGMacros\CGMacros-027\photos\00000049-PHOTO-2024-6-16-14-13-0.jpg
00000050-PHOTO-2024-6-16-20-0-0.jpg,.jpg,0.3731,data\raw\cgmacros\CGMacros\CGMacros-027\photos\00000050-PHOTO-2024-6-16-20-0-0.jpg
00000051-PHOTO-2024-6-16-22-7-0.jpg,.jpg,0.1238,data\raw\cgmacros\CGMacros\CGMacros-027\photos\00000051-PHOTO-2024-6-16-22-7-0.jpg
00000052-PHOTO-2024-6-16-22-32-0.jpg,.jpg,0.1134,data\raw\cgmacros\CGMacros\CGMacros-027\photos\00000052-PHOTO-2024-6-16-22-32-0.jpg
00000053-PHOTO-2024-6-17-8-15-0.jpg,.jpg,0.08,data\raw\cgmacros\CGMacros\CGMacros-027\photos\00000053-PHOTO-2024-6-17-8-15-0.jpg
00000054-PHOTO-2024-6-17-8-28-0.jpg,.jpg,0.081,data\raw\cgmacros\CGMacros\CGMacros-027\photos\00000054-PHOTO-2024-6-17-8-28-0.jpg
00000055-PHOTO-2024-6-17-13-11-0.jpg,.jpg,0.3233,data\raw\cgmacros\CGMacros\CGMacros-027\photos\00000055-PHOTO-2024-6-17-13-11-0.jpg
00000056-PHOTO-2024-6-17-13-29-0.jpg,.jpg,0.3378,data\raw\cgmacros\CGMacros\CGMacros-027\photos\00000056-PHOTO-2024-6-17-13-29-0.jpg
00000057-PHOTO-2024-6-17-18-4-0.jpg,.jpg,0.2464,data\raw\cgmacros\CGMacros\CGMacros-027\photos\00000057-PHOTO-2024-6-17-18-4-0.jpg
00000058-PHOTO-2024-6-17-18-9-0.jpg,.jpg,0.1602,data\raw\cgmacros\CGMacros\CGMacros-027\photos\00000058-PHOTO-2024-6-17-18-9-0.jpg
00000059-PHOTO-2024-6-17-19-2-0.jpg,.jpg,0.3976,data\raw\cgmacros\CGMacros\CGMacros-027\photos\00000059-PHOTO-2024-6-17-19-2-0.jpg
00000060-PHOTO-2024-6-17-19-27-0.jpg,.jpg,0.1059,data\raw\cgmacros\CGMacros\CGMacros-027\photos\00000060-PHOTO-2024-6-17-19-27-0.jpg
00000061-PHOTO-2024-6-18-9-20-0.jpg,.jpg,0.2191,data\raw\cgmacros\CGMacros\CGMacros-027\photos\00000061-PHOTO-2024-6-18-9-20-0.jpg
00000062-PHOTO-2024-6-18-9-28-0.jpg,.jpg,0.0949,data\raw\cgmacros\CGMacros\CGMacros-027\photos\00000062-PHOTO-2024-6-18-9-28-0.jpg
00000063-PHOTO-2024-6-18-12-45-0.jpg,.jpg,0.1381,data\raw\cgmacros\CGMacros\CGMacros-027\photos\00000063-PHOTO-2024-6-18-12-45-0.jpg
00000064-PHOTO-2024-6-18-12-53-0.jpg,.jpg,0.1457,data\raw\cgmacros\CGMacros\CGMacros-027\photos\00000064-PHOTO-2024-6-18-12-53-0.jpg
00000065-PHOTO-2024-6-18-18-38-0.jpg,.jpg,0.1418,data\raw\cgmacros\CGMacros\CGMacros-027\photos\00000065-PHOTO-2024-6-18-18-38-0.jpg
00000066-PHOTO-2024-6-18-19-19-0.jpg,.jpg,0.1065,data\raw\cgmacros\CGMacros\CGMacros-027\photos\00000066-PHOTO-2024-6-18-19-19-0.jpg
00000067-PHOTO-2024-6-19-10-11-0.jpg,.jpg,0.116,data\raw\cgmacros\CGMacros\CGMacros-027\photos\00000067-PHOTO-2024-6-19-10-11-0.jpg
00000068-PHOTO-2024-6-19-10-18-0.jpg,.jpg,0.2291,data\raw\cgmacros\CGMacros\CGMacros-027\photos\00000068-PHOTO-2024-6-19-10-18-0.jpg
00000069-PHOTO-2024-6-19-13-40-0.jpg,.jpg,0.2982,data\raw\cgmacros\CGMacros\CGMacros-027\photos\00000069-PHOTO-2024-6-19-13-40-0.jpg
00000070-PHOTO-2024-6-19-13-54-0.jpg,.jpg,0.2609,data\raw\cgmacros\CGMacros\CGMacros-027\photos\00000070-PHOTO-2024-6-19-13-54-0.jpg
00000071-PHOTO-2024-6-19-18-3-0.jpg,.jpg,0.2884,data\raw\cgmacros\CGMacros\CGMacros-027\photos\00000071-PHOTO-2024-6-19-18-3-0.jpg
00000072-PHOTO-2024-6-19-18-4-0.jpg,.jpg,0.1819,data\raw\cgmacros\CGMacros\CGMacros-027\photos\00000072-PHOTO-2024-6-19-18-4-0.jpg
00000073-PHOTO-2024-6-19-18-45-0.jpg,.jpg,0.1307,data\raw\cgmacros\CGMacros\CGMacros-027\photos\00000073-PHOTO-2024-6-19-18-45-0.jpg
00000074-PHOTO-2024-6-19-19-0-0.jpg,.jpg,0.109,data\raw\cgmacros\CGMacros\CGMacros-027\photos\00000074-PHOTO-2024-6-19-19-0-0.jpg
00000075-PHOTO-2024-6-19-19-1-0.jpg,.jpg,0.1151,data\raw\cgmacros\CGMacros\CGMacros-027\photos\00000075-PHOTO-2024-6-19-19-1-0.jpg
00000076-PHOTO-2024-6-19-19-11-0.jpg,.jpg,0.1071,data\raw\cgmacros\CGMacros\CGMacros-027\photos\00000076-PHOTO-2024-6-19-19-11-0.jpg
00000077-PHOTO-2024-6-20-8-35-0.jpg,.jpg,0.2143,data\raw\cgmacros\CGMacros\CGMacros-027\photos\00000077-PHOTO-2024-6-20-8-35-0.jpg
00000078-PHOTO-2024-6-20-8-50-0.jpg,.jpg,0.2235,data\raw\cgmacros\CGMacros\CGMacros-027\photos\00000078-PHOTO-2024-6-20-8-50-0.jpg
00000002-PHOTO-2021-3-21-8-58-0.jpg,.jpg,0.1103,data\raw\cgmacros\CGMacros\CGMacros-026\photos\00000002-PHOTO-2021-3-21-8-58-0.jpg
00000003-PHOTO-2021-3-21-9-29-0.jpg,.jpg,0.1171,data\raw\cgmacros\CGMacros\CGMacros-026\photos\00000003-PHOTO-2021-3-21-9-29-0.jpg
00000004-PHOTO-2021-3-26-8-8-0.jpg,.jpg,0.0852,data\raw\cgmacros\CGMacros\CGMacros-026\photos\00000004-PHOTO-2021-3-26-8-8-0.jpg
00000005-PHOTO-2021-3-26-8-16-0.jpg,.jpg,0.0874,data\raw\cgmacros\CGMacros\CGMacros-026\photos\00000005-PHOTO-2021-3-26-8-16-0.jpg
00000006-PHOTO-2021-3-26-12-14-0.jpg,.jpg,0.2634,data\raw\cgmacros\CGMacros\CGMacros-026\photos\00000006-PHOTO-2021-3-26-12-14-0.jpg
00000007-PHOTO-2021-3-26-12-31-0.jpg,.jpg,0.2785,data\raw\cgmacros\CGMacros\CGMacros-026\photos\00000007-PHOTO-2021-3-26-12-31-0.jpg
00000008-PHOTO-2021-3-26-16-48-0.jpg,.jpg,0.3095,data\raw\cgmacros\CGMacros\CGMacros-026\photos\00000008-PHOTO-2021-3-26-16-48-0.jpg
00000009-PHOTO-2021-3-26-16-51-0.jpg,.jpg,0.1455,data\raw\cgmacros\CGMacros\CGMacros-026\photos\00000009-PHOTO-2021-3-26-16-51-0.jpg
00000010-PHOTO-2021-3-26-19-36-0.jpg,.jpg,0.1586,data\raw\cgmacros\CGMacros\CGMacros-026\photos\00000010-PHOTO-2021-3-26-19-36-0.jpg
00000011-PHOTO-2021-3-26-20-5-0.jpg,.jpg,0.2016,data\raw\cgmacros\CGMacros\CGMacros-026\photos\00000011-PHOTO-2021-3-26-20-5-0.jpg
00000012-PHOTO-2021-3-27-9-6-0.jpg,.jpg,0.1176,data\raw\cgmacros\CGMacros\CGMacros-026\photos\00000012-PHOTO-2021-3-27-9-6-0.jpg
00000013-PHOTO-2021-3-27-9-12-0.jpg,.jpg,0.1352,data\raw\cgmacros\CGMacros\CGMacros-026\photos\00000013-PHOTO-2021-3-27-9-12-0.jpg
00000014-PHOTO-2021-3-27-12-28-0.jpg,.jpg,0.227,data\raw\cgmacros\CGMacros\CGMacros-026\photos\00000014-PHOTO-2021-3-27-12-28-0.jpg
00000015-PHOTO-2021-3-27-12-42-0.jpg,.jpg,0.3277,data\raw\cgmacros\CGMacros\CGMacros-026\photos\00000015-PHOTO-2021-3-27-12-42-0.jpg
00000016-PHOTO-2021-3-27-16-54-0.jpg,.jpg,0.1697,data\raw\cgmacros\CGMacros\CGMacros-026\photos\00000016-PHOTO-2021-3-27-16-54-0.jpg
00000017-PHOTO-2021-3-27-17-2-0.jpg,.jpg,0.1436,data\raw\cgmacros\CGMacros\CGMacros-026\photos\00000017-PHOTO-2021-3-27-17-2-0.jpg
00000018-PHOTO-2021-3-27-17-14-0.jpg,.jpg,0.1458,data\raw\cgmacros\CGMacros\CGMacros-026\photos\00000018-PHOTO-2021-3-27-17-14-0.jpg
00000019-PHOTO-2021-3-27-17-15-0.jpg,.jpg,0.156,data\raw\cgmacros\CGMacros\CGMacros-026\photos\00000019-PHOTO-2021-3-27-17-15-0.jpg
00000020-PHOTO-2021-3-27-18-6-0.jpg,.jpg,0.2027,data\raw\cgmacros\CGMacros\CGMacros-026\photos\00000020-PHOTO-2021-3-27-18-6-0.jpg
00000021-PHOTO-2021-3-27-18-11-0.jpg,.jpg,0.1775,data\raw\cgmacros\CGMacros\CGMacros-026\photos\00000021-PHOTO-2021-3-27-18-11-0.jpg
00000022-PHOTO-2021-3-28-12-42-0.jpg,.jpg,0.3568,data\raw\cgmacros\CGMacros\CGMacros-026\photos\00000022-PHOTO-2021-3-28-12-42-0.jpg
00000023-PHOTO-2021-3-28-12-58-0.jpg,.jpg,0.2062,data\raw\cgmacros\CGMacros\CGMacros-026\photos\00000023-PHOTO-2021-3-28-12-58-0.jpg
00000024-PHOTO-2021-3-28-18-0-0.jpg,.jpg,0.1555,data\raw\cgmacros\CGMacros\CGMacros-026\photos\00000024-PHOTO-2021-3-28-18-0-0.jpg
00000025-PHOTO-2021-3-28-18-27-0.jpg,.jpg,0.1451,data\raw\cgmacros\CGMacros\CGMacros-026\photos\00000025-PHOTO-2021-3-28-18-27-0.jpg
00000026-PHOTO-2021-3-28-22-47-0.jpg,.jpg,0.1401,data\raw\cgmacros\CGMacros\CGMacros-026\photos\00000026-PHOTO-2021-3-28-22-47-0.jpg
00000027-PHOTO-2021-3-29-9-44-0.jpg,.jpg,0.1042,data\raw\cgmacros\CGMacros\CGMacros-026\photos\00000027-PHOTO-2021-3-29-9-44-0.jpg
00000028-PHOTO-2021-3-29-9-49-0.jpg,.jpg,0.1353,data\raw\cgmacros\CGMacros\CGMacros-026\photos\00000028-PHOTO-2021-3-29-9-49-0.jpg
00000029-PHOTO-2021-3-29-13-25-0.jpg,.jpg,0.2337,data\raw\cgmacros\CGMacros\CGMacros-026\photos\00000029-PHOTO-2021-3-29-13-25-0.jpg
00000030-PHOTO-2021-3-29-13-41-0.jpg,.jpg,0.2274,data\raw\cgmacros\CGMacros\CGMacros-026\photos\00000030-PHOTO-2021-3-29-13-41-0.jpg
00000031-PHOTO-2021-3-29-16-16-0.jpg,.jpg,0.1617,data\raw\cgmacros\CGMacros\CGMacros-026\photos\00000031-PHOTO-2021-3-29-16-16-0.jpg
00000032-PHOTO-2021-3-29-16-28-0.jpg,.jpg,0.1338,data\raw\cgmacros\CGMacros\CGMacros-026\photos\00000032-PHOTO-2021-3-29-16-28-0.jpg
00000033-PHOTO-2021-3-29-20-49-0.jpg,.jpg,0.2348,data\raw\cgmacros\CGMacros\CGMacros-026\photos\00000033-PHOTO-2021-3-29-20-49-0.jpg
00000034-PHOTO-2021-3-29-20-55-0.jpg,.jpg,0.2913,data\raw\cgmacros\CGMacros\CGMacros-026\photos\00000034-PHOTO-2021-3-29-20-55-0.jpg
00000035-PHOTO-2021-3-29-22-30-0.jpg,.jpg,0.1644,data\raw\cgmacros\CGMacros\CGMacros-026\photos\00000035-PHOTO-2021-3-29-22-30-0.jpg
00000036-PHOTO-2021-3-30-8-58-0.jpg,.jpg,0.179,data\raw\cgmacros\CGMacros\CGMacros-026\photos\00000036-PHOTO-2021-3-30-8-58-0.jpg
00000037-PHOTO-2021-3-30-9-9-0.jpg,.jpg,0.1109,data\raw\cgmacros\CGMacros\CGMacros-026\photos\00000037-PHOTO-2021-3-30-9-9-0.jpg
00000038-PHOTO-2021-3-30-12-19-0.jpg,.jpg,0.3433,data\raw\cgmacros\CGMacros\CGMacros-026\photos\00000038-PHOTO-2021-3-30-12-19-0.jpg
00000039-PHOTO-2021-3-30-12-34-0.jpg,.jpg,0.3362,data\raw\cgmacros\CGMacros\CGMacros-026\photos\00000039-PHOTO-2021-3-30-12-34-0.jpg
00000040-PHOTO-2021-3-30-16-9-0.jpg,.jpg,0.1744,data\raw\cgmacros\CGMacros\CGMacros-026\photos\00000040-PHOTO-2021-3-30-16-9-0.jpg
00000041-PHOTO-2021-3-31-9-6-0.jpg,.jpg,0.249,data\raw\cgmacros\CGMacros\CGMacros-026\photos\00000041-PHOTO-2021-3-31-9-6-0.jpg
00000042-PHOTO-2021-3-31-9-14-0.jpg,.jpg,0.2469,data\raw\cgmacros\CGMacros\CGMacros-026\photos\00000042-PHOTO-2021-3-31-9-14-0.jpg
00000043-PHOTO-2021-3-31-12-43-0.jpg,.jpg,0.355,data\raw\cgmacros\CGMacros\CGMacros-026\photos\00000043-PHOTO-2021-3-31-12-43-0.jpg
00000044-PHOTO-2021-3-31-12-59-0.jpg,.jpg,0.2352,data\raw\cgmacros\CGMacros\CGMacros-026\photos\00000044-PHOTO-2021-3-31-12-59-0.jpg
00000045-PHOTO-2021-3-31-17-10-0.jpg,.jpg,0.2206,data\raw\cgmacros\CGMacros\CGMacros-026\photos\00000045-PHOTO-2021-3-31-17-10-0.jpg
00000046-PHOTO-2021-4-1-9-0-0.jpg,.jpg,0.1192,data\raw\cgmacros\CGMacros\CGMacros-026\photos\00000046-PHOTO-2021-4-1-9-0-0.jpg
00000047-PHOTO-2021-4-1-9-7-0.jpg,.jpg,0.1441,data\raw\cgmacros\CGMacros\CGMacros-026\photos\00000047-PHOTO-2021-4-1-9-7-0.jpg
00000048-PHOTO-2021-4-1-18-8-0.jpg,.jpg,0.0867,data\raw\cgmacros\CGMacros\CGMacros-026\photos\00000048-PHOTO-2021-4-1-18-8-0.jpg
00000049-PHOTO-2021-4-1-23-6-0.jpg,.jpg,0.0737,data\raw\cgmacros\CGMacros\CGMacros-026\photos\00000049-PHOTO-2021-4-1-23-6-0.jpg
00000050-PHOTO-2021-4-2-10-1-0.jpg,.jpg,0.0963,data\raw\cgmacros\CGMacros\CGMacros-026\photos\00000050-PHOTO-2021-4-2-10-1-0.jpg
00000051-PHOTO-2021-4-2-10-12-0.jpg,.jpg,0.1868,data\raw\cgmacros\CGMacros\CGMacros-026\photos\00000051-PHOTO-2021-4-2-10-12-0.jpg
00000052-PHOTO-2021-4-2-13-40-0.jpg,.jpg,0.1487,data\raw\cgmacros\CGMacros\CGMacros-026\photos\00000052-PHOTO-2021-4-2-13-40-0.jpg
00000053-PHOTO-2021-4-2-14-7-0.jpg,.jpg,0.1291,data\raw\cgmacros\CGMacros\CGMacros-026\photos\00000053-PHOTO-2021-4-2-14-7-0.jpg
00000054-PHOTO-2021-4-2-16-18-0.jpg,.jpg,0.2626,data\raw\cgmacros\CGMacros\CGMacros-026\photos\00000054-PHOTO-2021-4-2-16-18-0.jpg
00000055-PHOTO-2021-4-3-10-0-0.jpg,.jpg,0.1222,data\raw\cgmacros\CGMacros\CGMacros-026\photos\00000055-PHOTO-2021-4-3-10-0-0.jpg
00000056-PHOTO-2021-4-3-10-8-0.jpg,.jpg,0.125,data\raw\cgmacros\CGMacros\CGMacros-026\photos\00000056-PHOTO-2021-4-3-10-8-0.jpg
00000057-PHOTO-2021-4-3-14-0-0.jpg,.jpg,0.173,data\raw\cgmacros\CGMacros\CGMacros-026\photos\00000057-PHOTO-2021-4-3-14-0-0.jpg
00000058-PHOTO-2021-4-3-14-26-0.jpg,.jpg,0.1672,data\raw\cgmacros\CGMacros\CGMacros-026\photos\00000058-PHOTO-2021-4-3-14-26-0.jpg
00000059-PHOTO-2021-4-4-10-19-0.jpg,.jpg,0.0888,data\raw\cgmacros\CGMacros\CGMacros-026\photos\00000059-PHOTO-2021-4-4-10-19-0.jpg
00000060-PHOTO-2021-4-4-10-25-0.jpg,.jpg,0.1045,data\raw\cgmacros\CGMacros\CGMacros-026\photos\00000060-PHOTO-2021-4-4-10-25-0.jpg
00000061-PHOTO-2021-4-4-12-51-0.jpg,.jpg,0.1865,data\raw\cgmacros\CGMacros\CGMacros-026\photos\00000061-PHOTO-2021-4-4-12-51-0.jpg
00000062-PHOTO-2021-4-4-13-14-0.jpg,.jpg,0.2093,data\raw\cgmacros\CGMacros\CGMacros-026\photos\00000062-PHOTO-2021-4-4-13-14-0.jpg
00000063-PHOTO-2021-4-5-11-49-0.jpg,.jpg,0.126,data\raw\cgmacros\CGMacros\CGMacros-026\photos\00000063-PHOTO-2021-4-5-11-49-0.jpg
00000064-PHOTO-2021-4-5-11-58-0.jpg,.jpg,0.1294,data\raw\cgmacros\CGMacros\CGMacros-026\photos\00000064-PHOTO-2021-4-5-11-58-0.jpg
00000002-PHOTO-2021-4-29-15-30-0.jpg,.jpg,0.1159,data\raw\cgmacros\CGMacros\CGMacros-023\photos\00000002-PHOTO-2021-4-29-15-30-0.jpg
00000003-PHOTO-2021-5-5-8-48-0.jpg,.jpg,0.1258,data\raw\cgmacros\CGMacros\CGMacros-023\photos\00000003-PHOTO-2021-5-5-8-48-0.jpg
00000004-PHOTO-2021-5-5-8-50-0.jpg,.jpg,0.1355,data\raw\cgmacros\CGMacros\CGMacros-023\photos\00000004-PHOTO-2021-5-5-8-50-0.jpg
00000005-PHOTO-2021-5-5-11-58-0.jpg,.jpg,0.2179,data\raw\cgmacros\CGMacros\CGMacros-023\photos\00000005-PHOTO-2021-5-5-11-58-0.jpg
00000006-PHOTO-2021-5-5-12-8-0.jpg,.jpg,0.2166,data\raw\cgmacros\CGMacros\CGMacros-023\photos\00000006-PHOTO-2021-5-5-12-8-0.jpg
00000007-PHOTO-2021-5-5-15-18-0.jpg,.jpg,0.2318,data\raw\cgmacros\CGMacros\CGMacros-023\photos\00000007-PHOTO-2021-5-5-15-18-0.jpg
00000008-PHOTO-2021-5-5-15-33-0.jpg,.jpg,0.2371,data\raw\cgmacros\CGMacros\CGMacros-023\photos\00000008-PHOTO-2021-5-5-15-33-0.jpg
00000009-PHOTO-2021-5-5-20-54-0.jpg,.jpg,0.1684,data\raw\cgmacros\CGMacros\CGMacros-023\photos\00000009-PHOTO-2021-5-5-20-54-0.jpg
00000010-PHOTO-2021-5-5-21-24-0.jpg,.jpg,0.1295,data\raw\cgmacros\CGMacros\CGMacros-023\photos\00000010-PHOTO-2021-5-5-21-24-0.jpg
00000011-PHOTO-2021-5-6-9-23-0.jpg,.jpg,0.1678,data\raw\cgmacros\CGMacros\CGMacros-023\photos\00000011-PHOTO-2021-5-6-9-23-0.jpg
00000012-PHOTO-2021-5-6-9-26-0.jpg,.jpg,0.1474,data\raw\cgmacros\CGMacros\CGMacros-023\photos\00000012-PHOTO-2021-5-6-9-26-0.jpg
00000013-PHOTO-2021-5-6-12-29-0.jpg,.jpg,0.2084,data\raw\cgmacros\CGMacros\CGMacros-023\photos\00000013-PHOTO-2021-5-6-12-29-0.jpg
00000014-PHOTO-2021-5-6-12-46-0.jpg,.jpg,0.1851,data\raw\cgmacros\CGMacros\CGMacros-023\photos\00000014-PHOTO-2021-5-6-12-46-0.jpg
00000015-PHOTO-2021-5-6-16-55-0.jpg,.jpg,0.182,data\raw\cgmacros\CGMacros\CGMacros-023\photos\00000015-PHOTO-2021-5-6-16-55-0.jpg
00000016-PHOTO-2021-5-6-17-24-0.jpg,.jpg,0.1423,data\raw\cgmacros\CGMacros\CGMacros-023\photos\00000016-PHOTO-2021-5-6-17-24-0.jpg
00000017-PHOTO-2021-5-6-17-28-0.jpg,.jpg,0.1328,data\raw\cgmacros\CGMacros\CGMacros-023\photos\00000017-PHOTO-2021-5-6-17-28-0.jpg
00000018-PHOTO-2021-5-6-21-6-0.jpg,.jpg,0.171,data\raw\cgmacros\CGMacros\CGMacros-023\photos\00000018-PHOTO-2021-5-6-21-6-0.jpg
00000019-PHOTO-2021-5-6-21-46-0.jpg,.jpg,0.1377,data\raw\cgmacros\CGMacros\CGMacros-023\photos\00000019-PHOTO-2021-5-6-21-46-0.jpg
00000020-PHOTO-2021-5-7-9-7-0.jpg,.jpg,0.2254,data\raw\cgmacros\CGMacros\CGMacros-023\photos\00000020-PHOTO-2021-5-7-9-7-0.jpg
00000021-PHOTO-2021-5-7-9-11-0.jpg,.jpg,0.2279,data\raw\cgmacros\CGMacros\CGMacros-023\photos\00000021-PHOTO-2021-5-7-9-11-0.jpg
00000022-PHOTO-2021-5-7-13-43-0.jpg,.jpg,0.3395,data\raw\cgmacros\CGMacros\CGMacros-023\photos\00000022-PHOTO-2021-5-7-13-43-0.jpg
00000023-PHOTO-2021-5-7-13-43-0.jpg,.jpg,0.3116,data\raw\cgmacros\CGMacros\CGMacros-023\photos\00000023-PHOTO-2021-5-7-13-43-0.jpg
00000024-PHOTO-2021-5-7-18-33-0.jpg,.jpg,0.1558,data\raw\cgmacros\CGMacros\CGMacros-023\photos\00000024-PHOTO-2021-5-7-18-33-0.jpg
00000025-PHOTO-2021-5-7-19-1-0.jpg,.jpg,0.1405,data\raw\cgmacros\CGMacros\CGMacros-023\photos\00000025-PHOTO-2021-5-7-19-1-0.jpg
00000026-PHOTO-2021-5-7-22-25-0.jpg,.jpg,0.1583,data\raw\cgmacros\CGMacros\CGMacros-023\photos\00000026-PHOTO-2021-5-7-22-25-0.jpg
00000027-PHOTO-2021-5-7-22-56-0.jpg,.jpg,0.1313,data\raw\cgmacros\CGMacros\CGMacros-023\photos\00000027-PHOTO-2021-5-7-22-56-0.jpg
00000028-PHOTO-2021-5-8-8-42-0.jpg,.jpg,0.2328,data\raw\cgmacros\CGMacros\CGMacros-023\photos\00000028-PHOTO-2021-5-8-8-42-0.jpg
00000029-PHOTO-2021-5-8-8-55-0.jpg,.jpg,0.2325,data\raw\cgmacros\CGMacros\CGMacros-023\photos\00000029-PHOTO-2021-5-8-8-55-0.jpg
00000030-PHOTO-2021-5-8-13-16-0.jpg,.jpg,0.1973,data\raw\cgmacros\CGMacros\CGMacros-023\photos\00000030-PHOTO-2021-5-8-13-16-0.jpg
00000031-PHOTO-2021-5-8-13-26-0.jpg,.jpg,0.2041,data\raw\cgmacros\CGMacros\CGMacros-023\photos\00000031-PHOTO-2021-5-8-13-26-0.jpg
00000032-PHOTO-2021-5-8-16-51-0.jpg,.jpg,0.1564,data\raw\cgmacros\CGMacros\CGMacros-023\photos\00000032-PHOTO-2021-5-8-16-51-0.jpg
00000033-PHOTO-2021-5-8-17-14-0.jpg,.jpg,0.1393,data\raw\cgmacros\CGMacros\CGMacros-023\photos\00000033-PHOTO-2021-5-8-17-14-0.jpg
00000034-PHOTO-2021-5-8-21-14-0.jpg,.jpg,0.1694,data\raw\cgmacros\CGMacros\CGMacros-023\photos\00000034-PHOTO-2021-5-8-21-14-0.jpg
00000035-PHOTO-2021-5-8-21-38-0.jpg,.jpg,0.1405,data\raw\cgmacros\CGMacros\CGMacros-023\photos\00000035-PHOTO-2021-5-8-21-38-0.jpg
00000036-PHOTO-2021-5-9-9-12-0.jpg,.jpg,0.2095,data\raw\cgmacros\CGMacros\CGMacros-023\photos\00000036-PHOTO-2021-5-9-9-12-0.jpg
00000037-PHOTO-2021-5-9-9-20-0.jpg,.jpg,0.2348,data\raw\cgmacros\CGMacros\CGMacros-023\photos\00000037-PHOTO-2021-5-9-9-20-0.jpg
00000038-PHOTO-2021-5-9-13-32-0.jpg,.jpg,0.2257,data\raw\cgmacros\CGMacros\CGMacros-023\photos\00000038-PHOTO-2021-5-9-13-32-0.jpg
00000039-PHOTO-2021-5-9-13-42-0.jpg,.jpg,0.2114,data\raw\cgmacros\CGMacros\CGMacros-023\photos\00000039-PHOTO-2021-5-9-13-42-0.jpg
00000040-PHOTO-2021-5-9-18-0-0.jpg,.jpg,0.1597,data\raw\cgmacros\CGMacros\CGMacros-023\photos\00000040-PHOTO-2021-5-9-18-0-0.jpg
00000041-PHOTO-2021-5-9-18-26-0.jpg,.jpg,0.1354,data\raw\cgmacros\CGMacros\CGMacros-023\photos\00000041-PHOTO-2021-5-9-18-26-0.jpg
00000042-PHOTO-2021-5-9-18-30-0.jpg,.jpg,0.1529,data\raw\cgmacros\CGMacros\CGMacros-023\photos\00000042-PHOTO-2021-5-9-18-30-0.jpg
00000043-PHOTO-2021-5-9-19-9-0.jpg,.jpg,0.1498,data\raw\cgmacros\CGMacros\CGMacros-023\photos\00000043-PHOTO-2021-5-9-19-9-0.jpg
00000044-PHOTO-2021-5-9-22-46-0.jpg,.jpg,0.151,data\raw\cgmacros\CGMacros\CGMacros-023\photos\00000044-PHOTO-2021-5-9-22-46-0.jpg
00000045-PHOTO-2021-5-10-9-24-0.jpg,.jpg,0.2008,data\raw\cgmacros\CGMacros\CGMacros-023\photos\00000045-PHOTO-2021-5-10-9-24-0.jpg
00000046-PHOTO-2021-5-10-9-32-0.jpg,.jpg,0.2399,data\raw\cgmacros\CGMacros\CGMacros-023\photos\00000046-PHOTO-2021-5-10-9-32-0.jpg
00000047-PHOTO-2021-5-10-13-25-0.jpg,.jpg,0.3049,data\raw\cgmacros\CGMacros\CGMacros-023\photos\00000047-PHOTO-2021-5-10-13-25-0.jpg
00000048-PHOTO-2021-5-10-13-39-0.jpg,.jpg,0.261,data\raw\cgmacros\CGMacros\CGMacros-023\photos\00000048-PHOTO-2021-5-10-13-39-0.jpg
00000049-PHOTO-2021-5-10-17-37-0.jpg,.jpg,0.3064,data\raw\cgmacros\CGMacros\CGMacros-023\photos\00000049-PHOTO-2021-5-10-17-37-0.jpg
00000050-PHOTO-2021-5-10-18-2-0.jpg,.jpg,0.4111,data\raw\cgmacros\CGMacros\CGMacros-023\photos\00000050-PHOTO-2021-5-10-18-2-0.jpg
00000051-PHOTO-2021-5-10-21-24-0.jpg,.jpg,0.1601,data\raw\cgmacros\CGMacros\CGMacros-023\photos\00000051-PHOTO-2021-5-10-21-24-0.jpg
00000052-PHOTO-2021-5-10-21-47-0.jpg,.jpg,0.2433,data\raw\cgmacros\CGMacros\CGMacros-023\photos\00000052-PHOTO-2021-5-10-21-47-0.jpg
00000053-PHOTO-2021-5-11-8-55-0.jpg,.jpg,0.2128,data\raw\cgmacros\CGMacros\CGMacros-023\photos\00000053-PHOTO-2021-5-11-8-55-0.jpg
00000054-PHOTO-2021-5-11-9-0-0.jpg,.jpg,0.4002,data\raw\cgmacros\CGMacros\CGMacros-023\photos\00000054-PHOTO-2021-5-11-9-0-0.jpg
00000055-PHOTO-2021-5-11-13-1-0.jpg,.jpg,0.1673,data\raw\cgmacros\CGMacros\CGMacros-023\photos\00000055-PHOTO-2021-5-11-13-1-0.jpg
00000056-PHOTO-2021-5-11-13-34-0.jpg,.jpg,0.1409,data\raw\cgmacros\CGMacros\CGMacros-023\photos\00000056-PHOTO-2021-5-11-13-34-0.jpg
00000057-PHOTO-2021-5-11-17-59-0.jpg,.jpg,0.1797,data\raw\cgmacros\CGMacros\CGMacros-023\photos\00000057-PHOTO-2021-5-11-17-59-0.jpg
00000058-PHOTO-2021-5-11-18-19-0.jpg,.jpg,0.1751,data\raw\cgmacros\CGMacros\CGMacros-023\photos\00000058-PHOTO-2021-5-11-18-19-0.jpg
00000059-PHOTO-2021-5-11-18-38-0.jpg,.jpg,0.1774,data\raw\cgmacros\CGMacros\CGMacros-023\photos\00000059-PHOTO-2021-5-11-18-38-0.jpg
00000060-PHOTO-2021-5-11-23-20-0.jpg,.jpg,0.1573,data\raw\cgmacros\CGMacros\CGMacros-023\photos\00000060-PHOTO-2021-5-11-23-20-0.jpg
00000061-PHOTO-2021-5-11-23-20-0.jpg,.jpg,0.1459,data\raw\cgmacros\CGMacros\CGMacros-023\photos\00000061-PHOTO-2021-5-11-23-20-0.jpg
00000063-PHOTO-2021-5-12-8-12-0.jpg,.jpg,0.3509,data\raw\cgmacros\CGMacros\CGMacros-023\photos\00000063-PHOTO-2021-5-12-8-12-0.jpg
00000064-PHOTO-2021-5-12-8-20-0.jpg,.jpg,0.3635,data\raw\cgmacros\CGMacros\CGMacros-023\photos\00000064-PHOTO-2021-5-12-8-20-0.jpg
00000065-PHOTO-2021-5-12-12-13-0.jpg,.jpg,0.2533,data\raw\cgmacros\CGMacros\CGMacros-023\photos\00000065-PHOTO-2021-5-12-12-13-0.jpg
00000066-PHOTO-2021-5-12-12-40-0.jpg,.jpg,0.3176,data\raw\cgmacros\CGMacros\CGMacros-023\photos\00000066-PHOTO-2021-5-12-12-40-0.jpg
00000067-PHOTO-2021-5-12-16-43-0.jpg,.jpg,0.1802,data\raw\cgmacros\CGMacros\CGMacros-023\photos\00000067-PHOTO-2021-5-12-16-43-0.jpg
00000068-PHOTO-2021-5-12-17-41-0.jpg,.jpg,0.1319,data\raw\cgmacros\CGMacros\CGMacros-023\photos\00000068-PHOTO-2021-5-12-17-41-0.jpg
00000069-PHOTO-2021-5-12-20-54-0.jpg,.jpg,0.265,data\raw\cgmacros\CGMacros\CGMacros-023\photos\00000069-PHOTO-2021-5-12-20-54-0.jpg
00000070-PHOTO-2021-5-12-21-34-0.jpg,.jpg,0.1724,data\raw\cgmacros\CGMacros\CGMacros-023\photos\00000070-PHOTO-2021-5-12-21-34-0.jpg
00000071-PHOTO-2021-5-13-8-29-0.jpg,.jpg,0.338,data\raw\cgmacros\CGMacros\CGMacros-023\photos\00000071-PHOTO-2021-5-13-8-29-0.jpg
00000072-PHOTO-2021-5-13-8-31-0.jpg,.jpg,0.5909,data\raw\cgmacros\CGMacros\CGMacros-023\photos\00000072-PHOTO-2021-5-13-8-31-0.jpg
00000073-PHOTO-2021-5-13-12-56-0.jpg,.jpg,0.191,data\raw\cgmacros\CGMacros\CGMacros-023\photos\00000073-PHOTO-2021-5-13-12-56-0.jpg
00000074-PHOTO-2021-5-13-13-6-0.jpg,.jpg,0.2053,data\raw\cgmacros\CGMacros\CGMacros-023\photos\00000074-PHOTO-2021-5-13-13-6-0.jpg
00000075-PHOTO-2021-5-13-17-46-0.jpg,.jpg,0.1626,data\raw\cgmacros\CGMacros\CGMacros-023\photos\00000075-PHOTO-2021-5-13-17-46-0.jpg
00000076-PHOTO-2021-5-13-17-58-0.jpg,.jpg,0.155,data\raw\cgmacros\CGMacros\CGMacros-023\photos\00000076-PHOTO-2021-5-13-17-58-0.jpg
00000077-PHOTO-2021-5-13-21-8-0.jpg,.jpg,0.3096,data\raw\cgmacros\CGMacros\CGMacros-023\photos\00000077-PHOTO-2021-5-13-21-8-0.jpg
00000078-PHOTO-2021-5-13-21-40-0.jpg,.jpg,0.0953,data\raw\cgmacros\CGMacros\CGMacros-023\photos\00000078-PHOTO-2021-5-13-21-40-0.jpg
00000079-PHOTO-2021-5-14-8-59-0.jpg,.jpg,0.3701,data\raw\cgmacros\CGMacros\CGMacros-023\photos\00000079-PHOTO-2021-5-14-8-59-0.jpg
00000080-PHOTO-2021-5-14-9-2-0.jpg,.jpg,0.4282,data\raw\cgmacros\CGMacros\CGMacros-023\photos\00000080-PHOTO-2021-5-14-9-2-0.jpg
00000081-PHOTO-2021-5-14-13-26-0.jpg,.jpg,0.4222,data\raw\cgmacros\CGMacros\CGMacros-023\photos\00000081-PHOTO-2021-5-14-13-26-0.jpg
00000082-PHOTO-2021-5-14-13-32-0.jpg,.jpg,0.3822,data\raw\cgmacros\CGMacros\CGMacros-023\photos\00000082-PHOTO-2021-5-14-13-32-0.jpg
00000083-PHOTO-2021-5-14-18-37-0.jpg,.jpg,0.1609,data\raw\cgmacros\CGMacros\CGMacros-023\photos\00000083-PHOTO-2021-5-14-18-37-0.jpg
00000084-PHOTO-2021-5-14-19-3-0.jpg,.jpg,0.2337,data\raw\cgmacros\CGMacros\CGMacros-023\photos\00000084-PHOTO-2021-5-14-19-3-0.jpg
00000085-PHOTO-2021-5-14-19-19-0.jpg,.jpg,0.2813,data\raw\cgmacros\CGMacros\CGMacros-023\photos\00000085-PHOTO-2021-5-14-19-19-0.jpg
00000086-PHOTO-2021-5-14-23-3-0.jpg,.jpg,0.1419,data\raw\cgmacros\CGMacros\CGMacros-023\photos\00000086-PHOTO-2021-5-14-23-3-0.jpg
00000087-PHOTO-2021-5-15-8-10-0.jpg,.jpg,0.3688,data\raw\cgmacros\CGMacros\CGMacros-023\photos\00000087-PHOTO-2021-5-15-8-10-0.jpg
00000088-PHOTO-2021-5-15-8-23-0.jpg,.jpg,0.4279,data\raw\cgmacros\CGMacros\CGMacros-023\photos\00000088-PHOTO-2021-5-15-8-23-0.jpg
00000002-PHOTO-2021-3-28-8-27-0.jpg,.jpg,0.1226,data\raw\cgmacros\CGMacros\CGMacros-022\photos\00000002-PHOTO-2021-3-28-8-27-0.jpg
00000003-PHOTO-2021-3-28-8-37-0.jpg,.jpg,0.1104,data\raw\cgmacros\CGMacros\CGMacros-022\photos\00000003-PHOTO-2021-3-28-8-37-0.jpg
00000004-PHOTO-2021-3-28-8-55-0.jpg,.jpg,0.1246,data\raw\cgmacros\CGMacros\CGMacros-022\photos\00000004-PHOTO-2021-3-28-8-55-0.jpg
00000005-PHOTO-2021-3-28-10-0-0.jpg,.jpg,0.0855,data\raw\cgmacros\CGMacros\CGMacros-022\photos\00000005-PHOTO-2021-3-28-10-0-0.jpg
00000006-PHOTO-2021-3-28-12-27-0.jpg,.jpg,0.155,data\raw\cgmacros\CGMacros\CGMacros-022\photos\00000006-PHOTO-2021-3-28-12-27-0.jpg
00000007-PHOTO-2021-3-28-12-37-0.jpg,.jpg,0.2211,data\raw\cgmacros\CGMacros\CGMacros-022\photos\00000007-PHOTO-2021-3-28-12-37-0.jpg
00000008-PHOTO-2021-3-29-8-59-0.jpg,.jpg,0.1685,data\raw\cgmacros\CGMacros\CGMacros-022\photos\00000008-PHOTO-2021-3-29-8-59-0.jpg
00000009-PHOTO-2021-3-29-9-11-0.jpg,.jpg,0.3202,data\raw\cgmacros\CGMacros\CGMacros-022\photos\00000009-PHOTO-2021-3-29-9-11-0.jpg
00000010-PHOTO-2021-3-29-13-37-0.jpg,.jpg,0.1474,data\raw\cgmacros\CGMacros\CGMacros-022\photos\00000010-PHOTO-2021-3-29-13-37-0.jpg
00000011-PHOTO-2021-3-29-13-51-0.jpg,.jpg,0.1475,data\raw\cgmacros\CGMacros\CGMacros-022\photos\00000011-PHOTO-2021-3-29-13-51-0.jpg
00000012-PHOTO-2021-3-29-17-50-0.jpg,.jpg,0.1588,data\raw\cgmacros\CGMacros\CGMacros-022\photos\00000012-PHOTO-2021-3-29-17-50-0.jpg
00000013-PHOTO-2021-3-29-17-51-0.jpg,.jpg,0.1538,data\raw\cgmacros\CGMacros\CGMacros-022\photos\00000013-PHOTO-2021-3-29-17-51-0.jpg
00000014-PHOTO-2021-3-29-18-2-0.jpg,.jpg,0.1372,data\raw\cgmacros\CGMacros\CGMacros-022\photos\00000014-PHOTO-2021-3-29-18-2-0.jpg
00000015-PHOTO-2021-3-29-18-10-0.jpg,.jpg,0.1688,data\raw\cgmacros\CGMacros\CGMacros-022\photos\00000015-PHOTO-2021-3-29-18-10-0.jpg
00000016-PHOTO-2021-3-29-19-38-0.jpg,.jpg,0.1459,data\raw\cgmacros\CGMacros\CGMacros-022\photos\00000016-PHOTO-2021-3-29-19-38-0.jpg
00000017-PHOTO-2021-3-29-19-41-0.jpg,.jpg,0.1326,data\raw\cgmacros\CGMacros\CGMacros-022\photos\00000017-PHOTO-2021-3-29-19-41-0.jpg
00000018-PHOTO-2021-3-30-9-3-0.jpg,.jpg,0.2606,data\raw\cgmacros\CGMacros\CGMacros-022\photos\00000018-PHOTO-2021-3-30-9-3-0.jpg
00000019-PHOTO-2021-3-30-9-20-0.jpg,.jpg,0.2867,data\raw\cgmacros\CGMacros\CGMacros-022\photos\00000019-PHOTO-2021-3-30-9-20-0.jpg
00000020-PHOTO-2021-3-30-12-34-0.jpg,.jpg,0.1942,data\raw\cgmacros\CGMacros\CGMacros-022\photos\00000020-PHOTO-2021-3-30-12-34-0.jpg
00000021-PHOTO-2021-3-30-12-42-0.jpg,.jpg,0.1131,data\raw\cgmacros\CGMacros\CGMacros-022\photos\00000021-PHOTO-2021-3-30-12-42-0.jpg
00000022-PHOTO-2021-3-30-12-49-0.jpg,.jpg,0.1665,data\raw\cgmacros\CGMacros\CGMacros-022\photos\00000022-PHOTO-2021-3-30-12-49-0.jpg
00000023-PHOTO-2021-3-30-15-25-0.jpg,.jpg,0.14,data\raw\cgmacros\CGMacros\CGMacros-022\photos\00000023-PHOTO-2021-3-30-15-25-0.jpg
00000024-PHOTO-2021-3-30-15-29-0.jpg,.jpg,0.1475,data\raw\cgmacros\CGMacros\CGMacros-022\photos\00000024-PHOTO-2021-3-30-15-29-0.jpg
00000025-PHOTO-2021-3-30-19-13-0.jpg,.jpg,0.1863,data\raw\cgmacros\CGMacros\CGMacros-022\photos\00000025-PHOTO-2021-3-30-19-13-0.jpg
00000026-PHOTO-2021-3-30-19-13-0.jpg,.jpg,0.3441,data\raw\cgmacros\CGMacros\CGMacros-022\photos\00000026-PHOTO-2021-3-30-19-13-0.jpg
00000027-PHOTO-2021-3-30-19-19-0.jpg,.jpg,0.2814,data\raw\cgmacros\CGMacros\CGMacros-022\photos\00000027-PHOTO-2021-3-30-19-19-0.jpg
00000028-PHOTO-2021-3-30-22-24-0.jpg,.jpg,0.1863,data\raw\cgmacros\CGMacros\CGMacros-022\photos\00000028-PHOTO-2021-3-30-22-24-0.jpg
00000029-PHOTO-2021-3-30-22-28-0.jpg,.jpg,0.2044,data\raw\cgmacros\CGMacros\CGMacros-022\photos\00000029-PHOTO-2021-3-30-22-28-0.jpg
00000030-PHOTO-2021-3-30-22-43-0.jpg,.jpg,0.1591,data\raw\cgmacros\CGMacros\CGMacros-022\photos\00000030-PHOTO-2021-3-30-22-43-0.jpg
00000031-PHOTO-2021-3-31-9-1-0.jpg,.jpg,0.323,data\raw\cgmacros\CGMacros\CGMacros-022\photos\00000031-PHOTO-2021-3-31-9-1-0.jpg
00000032-PHOTO-2021-3-31-9-16-0.jpg,.jpg,0.3042,data\raw\cgmacros\CGMacros\CGMacros-022\photos\00000032-PHOTO-2021-3-31-9-16-0.jpg
00000033-PHOTO-2021-3-31-12-37-0.jpg,.jpg,0.1549,data\raw\cgmacros\CGMacros\CGMacros-022\photos\00000033-PHOTO-2021-3-31-12-37-0.jpg
00000034-PHOTO-2021-3-31-12-43-0.jpg,.jpg,0.1357,data\raw\cgmacros\CGMacros\CGMacros-022\photos\00000034-PHOTO-2021-3-31-12-43-0.jpg
00000035-PHOTO-2021-3-31-12-45-0.jpg,.jpg,0.1335,data\raw\cgmacros\CGMacros\CGMacros-022\photos\00000035-PHOTO-2021-3-31-12-45-0.jpg
00000036-PHOTO-2021-3-31-12-46-0.jpg,.jpg,0.3479,data\raw\cgmacros\CGMacros\CGMacros-022\photos\00000036-PHOTO-2021-3-31-12-46-0.jpg
00000037-PHOTO-2021-3-31-16-20-0.jpg,.jpg,0.1598,data\raw\cgmacros\CGMacros\CGMacros-022\photos\00000037-PHOTO-2021-3-31-16-20-0.jpg
00000038-PHOTO-2021-3-31-16-20-0.jpg,.jpg,0.1502,data\raw\cgmacros\CGMacros\CGMacros-022\photos\00000038-PHOTO-2021-3-31-16-20-0.jpg
00000039-PHOTO-2021-3-31-16-23-0.jpg,.jpg,0.1341,data\raw\cgmacros\CGMacros\CGMacros-022\photos\00000039-PHOTO-2021-3-31-16-23-0.jpg
00000040-PHOTO-2021-3-31-16-27-0.jpg,.jpg,0.1241,data\raw\cgmacros\CGMacros\CGMacros-022\photos\00000040-PHOTO-2021-3-31-16-27-0.jpg
00000041-PHOTO-2021-3-31-16-32-0.jpg,.jpg,0.116,data\raw\cgmacros\CGMacros\CGMacros-022\photos\00000041-PHOTO-2021-3-31-16-32-0.jpg
00000042-PHOTO-2021-3-31-19-21-0.jpg,.jpg,0.0923,data\raw\cgmacros\CGMacros\CGMacros-022\photos\00000042-PHOTO-2021-3-31-19-21-0.jpg
00000043-PHOTO-2021-3-31-19-37-0.jpg,.jpg,0.1895,data\raw\cgmacros\CGMacros\CGMacros-022\photos\00000043-PHOTO-2021-3-31-19-37-0.jpg
00000044-PHOTO-2021-3-31-19-37-0.jpg,.jpg,0.1461,data\raw\cgmacros\CGMacros\CGMacros-022\photos\00000044-PHOTO-2021-3-31-19-37-0.jpg
00000045-PHOTO-2021-3-31-19-38-0.jpg,.jpg,0.176,data\raw\cgmacros\CGMacros\CGMacros-022\photos\00000045-PHOTO-2021-3-31-19-38-0.jpg
00000046-PHOTO-2021-3-31-19-42-0.jpg,.jpg,0.1683,data\raw\cgmacros\CGMacros\CGMacros-022\photos\00000046-PHOTO-2021-3-31-19-42-0.jpg
00000047-PHOTO-2021-3-31-19-51-0.jpg,.jpg,0.18,data\raw\cgmacros\CGMacros\CGMacros-022\photos\00000047-PHOTO-2021-3-31-19-51-0.jpg
00000048-PHOTO-2021-3-31-19-51-0.jpg,.jpg,0.3224,data\raw\cgmacros\CGMacros\CGMacros-022\photos\00000048-PHOTO-2021-3-31-19-51-0.jpg
00000049-PHOTO-2021-4-1-8-48-0.jpg,.jpg,0.2973,data\raw\cgmacros\CGMacros\CGMacros-022\photos\00000049-PHOTO-2021-4-1-8-48-0.jpg
00000051-PHOTO-2021-4-1-8-54-0.jpg,.jpg,0.3002,data\raw\cgmacros\CGMacros\CGMacros-022\photos\00000051-PHOTO-2021-4-1-8-54-0.jpg
00000052-PHOTO-2021-4-1-12-35-0.jpg,.jpg,0.2719,data\raw\cgmacros\CGMacros\CGMacros-022\photos\00000052-PHOTO-2021-4-1-12-35-0.jpg
00000053-PHOTO-2021-4-1-12-54-0.jpg,.jpg,0.1974,data\raw\cgmacros\CGMacros\CGMacros-022\photos\00000053-PHOTO-2021-4-1-12-54-0.jpg
00000054-PHOTO-2021-4-1-16-4-0.jpg,.jpg,0.1561,data\raw\cgmacros\CGMacros\CGMacros-022\photos\00000054-PHOTO-2021-4-1-16-4-0.jpg
00000055-PHOTO-2021-4-1-16-5-0.jpg,.jpg,0.1346,data\raw\cgmacros\CGMacros\CGMacros-022\photos\00000055-PHOTO-2021-4-1-16-5-0.jpg
00000056-PHOTO-2021-4-1-16-16-0.jpg,.jpg,0.1626,data\raw\cgmacros\CGMacros\CGMacros-022\photos\00000056-PHOTO-2021-4-1-16-16-0.jpg
00000057-PHOTO-2021-4-1-20-1-0.jpg,.jpg,0.2724,data\raw\cgmacros\CGMacros\CGMacros-022\photos\00000057-PHOTO-2021-4-1-20-1-0.jpg
00000058-PHOTO-2021-4-1-20-12-0.jpg,.jpg,0.2974,data\raw\cgmacros\CGMacros\CGMacros-022\photos\00000058-PHOTO-2021-4-1-20-12-0.jpg
00000059-PHOTO-2021-4-2-9-5-0.jpg,.jpg,0.1804,data\raw\cgmacros\CGMacros\CGMacros-022\photos\00000059-PHOTO-2021-4-2-9-5-0.jpg
00000060-PHOTO-2021-4-2-9-6-0.jpg,.jpg,0.2237,data\raw\cgmacros\CGMacros\CGMacros-022\photos\00000060-PHOTO-2021-4-2-9-6-0.jpg
00000061-PHOTO-2021-4-2-12-45-0.jpg,.jpg,0.225,data\raw\cgmacros\CGMacros\CGMacros-022\photos\00000061-PHOTO-2021-4-2-12-45-0.jpg
00000062-PHOTO-2021-4-2-12-46-0.jpg,.jpg,0.1567,data\raw\cgmacros\CGMacros\CGMacros-022\photos\00000062-PHOTO-2021-4-2-12-46-0.jpg
00000063-PHOTO-2021-4-2-12-53-0.jpg,.jpg,0.2042,data\raw\cgmacros\CGMacros\CGMacros-022\photos\00000063-PHOTO-2021-4-2-12-53-0.jpg
00000064-PHOTO-2021-4-2-17-42-0.jpg,.jpg,0.1251,data\raw\cgmacros\CGMacros\CGMacros-022\photos\00000064-PHOTO-2021-4-2-17-42-0.jpg
00000065-PHOTO-2021-4-2-17-49-0.jpg,.jpg,0.1468,data\raw\cgmacros\CGMacros\CGMacros-022\photos\00000065-PHOTO-2021-4-2-17-49-0.jpg
00000066-PHOTO-2021-4-2-19-5-0.jpg,.jpg,0.141,data\raw\cgmacros\CGMacros\CGMacros-022\photos\00000066-PHOTO-2021-4-2-19-5-0.jpg
00000067-PHOTO-2021-4-2-19-12-0.jpg,.jpg,0.1254,data\raw\cgmacros\CGMacros\CGMacros-022\photos\00000067-PHOTO-2021-4-2-19-12-0.jpg
00000068-PHOTO-2021-4-3-9-3-0.jpg,.jpg,0.1676,data\raw\cgmacros\CGMacros\CGMacros-022\photos\00000068-PHOTO-2021-4-3-9-3-0.jpg
00000069-PHOTO-2021-4-3-9-19-0.jpg,.jpg,0.1234,data\raw\cgmacros\CGMacros\CGMacros-022\photos\00000069-PHOTO-2021-4-3-9-19-0.jpg
00000070-PHOTO-2021-4-3-12-29-0.jpg,.jpg,0.3345,data\raw\cgmacros\CGMacros\CGMacros-022\photos\00000070-PHOTO-2021-4-3-12-29-0.jpg
00000071-PHOTO-2021-4-3-12-29-0.jpg,.jpg,0.3335,data\raw\cgmacros\CGMacros\CGMacros-022\photos\00000071-PHOTO-2021-4-3-12-29-0.jpg
00000072-PHOTO-2021-4-3-12-32-0.jpg,.jpg,0.3587,data\raw\cgmacros\CGMacros\CGMacros-022\photos\00000072-PHOTO-2021-4-3-12-32-0.jpg
00000073-PHOTO-2021-4-3-13-7-0.jpg,.jpg,0.285,data\raw\cgmacros\CGMacros\CGMacros-022\photos\00000073-PHOTO-2021-4-3-13-7-0.jpg
00000074-PHOTO-2021-4-3-15-59-0.jpg,.jpg,0.1528,data\raw\cgmacros\CGMacros\CGMacros-022\photos\00000074-PHOTO-2021-4-3-15-59-0.jpg
00000075-PHOTO-2021-4-3-16-2-0.jpg,.jpg,0.2791,data\raw\cgmacros\CGMacros\CGMacros-022\photos\00000075-PHOTO-2021-4-3-16-2-0.jpg
00000076-PHOTO-2021-4-3-16-7-0.jpg,.jpg,0.2779,data\raw\cgmacros\CGMacros\CGMacros-022\photos\00000076-PHOTO-2021-4-3-16-7-0.jpg
00000077-PHOTO-2021-4-3-16-12-0.jpg,.jpg,0.3085,data\raw\cgmacros\CGMacros\CGMacros-022\photos\00000077-PHOTO-2021-4-3-16-12-0.jpg
00000078-PHOTO-2021-4-3-19-23-0.jpg,.jpg,0.1319,data\raw\cgmacros\CGMacros\CGMacros-022\photos\00000078-PHOTO-2021-4-3-19-23-0.jpg
00000079-PHOTO-2021-4-3-19-32-0.jpg,.jpg,0.1145,data\raw\cgmacros\CGMacros\CGMacros-022\photos\00000079-PHOTO-2021-4-3-19-32-0.jpg
00000080-PHOTO-2021-4-4-9-1-0.jpg,.jpg,0.2715,data\raw\cgmacros\CGMacros\CGMacros-022\photos\00000080-PHOTO-2021-4-4-9-1-0.jpg
00000081-PHOTO-2021-4-4-9-15-0.jpg,.jpg,0.2572,data\raw\cgmacros\CGMacros\CGMacros-022\photos\00000081-PHOTO-2021-4-4-9-15-0.jpg
00000082-PHOTO-2021-4-4-13-8-0.jpg,.jpg,0.1826,data\raw\cgmacros\CGMacros\CGMacros-022\photos\00000082-PHOTO-2021-4-4-13-8-0.jpg
00000083-PHOTO-2021-4-4-13-13-0.jpg,.jpg,0.1764,data\raw\cgmacros\CGMacros\CGMacros-022\photos\00000083-PHOTO-2021-4-4-13-13-0.jpg
00000084-PHOTO-2021-4-4-16-30-0.jpg,.jpg,0.1388,data\raw\cgmacros\CGMacros\CGMacros-022\photos\00000084-PHOTO-2021-4-4-16-30-0.jpg
00000086-PHOTO-2021-4-4-16-34-0.jpg,.jpg,0.2822,data\raw\cgmacros\CGMacros\CGMacros-022\photos\00000086-PHOTO-2021-4-4-16-34-0.jpg
00000087-PHOTO-2021-4-4-16-41-0.jpg,.jpg,0.1345,data\raw\cgmacros\CGMacros\CGMacros-022\photos\00000087-PHOTO-2021-4-4-16-41-0.jpg
00000088-PHOTO-2021-4-4-19-15-0.jpg,.jpg,0.325,data\raw\cgmacros\CGMacros\CGMacros-022\photos\00000088-PHOTO-2021-4-4-19-15-0.jpg
00000089-PHOTO-2021-4-4-19-23-0.jpg,.jpg,0.3319,data\raw\cgmacros\CGMacros\CGMacros-022\photos\00000089-PHOTO-2021-4-4-19-23-0.jpg
00000090-PHOTO-2021-4-5-9-7-0.jpg,.jpg,0.1653,data\raw\cgmacros\CGMacros\CGMacros-022\photos\00000090-PHOTO-2021-4-5-9-7-0.jpg
00000091-PHOTO-2021-4-5-9-20-0.jpg,.jpg,0.3098,data\raw\cgmacros\CGMacros\CGMacros-022\photos\00000091-PHOTO-2021-4-5-9-20-0.jpg
00000092-PHOTO-2021-4-5-9-21-0.jpg,.jpg,0.2959,data\raw\cgmacros\CGMacros\CGMacros-022\photos\00000092-PHOTO-2021-4-5-9-21-0.jpg
00000094-PHOTO-2021-4-5-12-21-0.jpg,.jpg,0.3577,data\raw\cgmacros\CGMacros\CGMacros-022\photos\00000094-PHOTO-2021-4-5-12-21-0.jpg
00000095-PHOTO-2021-4-5-12-27-0.jpg,.jpg,0.3006,data\raw\cgmacros\CGMacros\CGMacros-022\photos\00000095-PHOTO-2021-4-5-12-27-0.jpg
00000096-PHOTO-2021-4-5-12-34-0.jpg,.jpg,0.3297,data\raw\cgmacros\CGMacros\CGMacros-022\photos\00000096-PHOTO-2021-4-5-12-34-0.jpg
00000097-PHOTO-2021-4-5-15-46-0.jpg,.jpg,0.1954,data\raw\cgmacros\CGMacros\CGMacros-022\photos\00000097-PHOTO-2021-4-5-15-46-0.jpg
00000098-PHOTO-2021-4-5-15-53-0.jpg,.jpg,0.2108,data\raw\cgmacros\CGMacros\CGMacros-022\photos\00000098-PHOTO-2021-4-5-15-53-0.jpg
00000099-PHOTO-2021-4-5-19-0-0.jpg,.jpg,0.3277,data\raw\cgmacros\CGMacros\CGMacros-022\photos\00000099-PHOTO-2021-4-5-19-0-0.jpg
00000100-PHOTO-2021-4-5-19-19-0.jpg,.jpg,0.3095,data\raw\cgmacros\CGMacros\CGMacros-022\photos\00000100-PHOTO-2021-4-5-19-19-0.jpg
00000101-PHOTO-2021-4-5-19-19-0.jpg,.jpg,0.3063,data\raw\cgmacros\CGMacros\CGMacros-022\photos\00000101-PHOTO-2021-4-5-19-19-0.jpg
00000102-PHOTO-2021-4-6-9-0-0.jpg,.jpg,0.2664,data\raw\cgmacros\CGMacros\CGMacros-022\photos\00000102-PHOTO-2021-4-6-9-0-0.jpg
00000103-PHOTO-2021-4-6-9-14-0.jpg,.jpg,0.1192,data\raw\cgmacros\CGMacros\CGMacros-022\photos\00000103-PHOTO-2021-4-6-9-14-0.jpg
00000104-PHOTO-2021-4-6-12-20-0.jpg,.jpg,0.3227,data\raw\cgmacros\CGMacros\CGMacros-022\photos\00000104-PHOTO-2021-4-6-12-20-0.jpg
00000106-PHOTO-2021-4-6-12-33-0.jpg,.jpg,0.3439,data\raw\cgmacros\CGMacros\CGMacros-022\photos\00000106-PHOTO-2021-4-6-12-33-0.jpg
00000107-PHOTO-2021-4-6-17-32-0.jpg,.jpg,0.1956,data\raw\cgmacros\CGMacros\CGMacros-022\photos\00000107-PHOTO-2021-4-6-17-32-0.jpg
00000108-PHOTO-2021-4-6-19-31-0.jpg,.jpg,0.1919,data\raw\cgmacros\CGMacros\CGMacros-022\photos\00000108-PHOTO-2021-4-6-19-31-0.jpg
00000109-PHOTO-2021-4-6-19-52-0.jpg,.jpg,0.3251,data\raw\cgmacros\CGMacros\CGMacros-022\photos\00000109-PHOTO-2021-4-6-19-52-0.jpg
00000110-PHOTO-2021-4-7-9-8-0.jpg,.jpg,0.3291,data\raw\cgmacros\CGMacros\CGMacros-022\photos\00000110-PHOTO-2021-4-7-9-8-0.jpg
00000111-PHOTO-2021-4-7-9-18-0.jpg,.jpg,0.3351,data\raw\cgmacros\CGMacros\CGMacros-022\photos\00000111-PHOTO-2021-4-7-9-18-0.jpg
00000002-PHOTO-2020-6-4-15-25-0.jpg,.jpg,0.0841,data\raw\cgmacros\CGMacros\CGMacros-021\photos\00000002-PHOTO-2020-6-4-15-25-0.jpg
00000003-PHOTO-2020-6-4-16-1-0.jpg,.jpg,0.0892,data\raw\cgmacros\CGMacros\CGMacros-021\photos\00000003-PHOTO-2020-6-4-16-1-0.jpg
00000004-PHOTO-2020-6-8-8-16-0.jpg,.jpg,0.0797,data\raw\cgmacros\CGMacros\CGMacros-021\photos\00000004-PHOTO-2020-6-8-8-16-0.jpg
00000005-PHOTO-2020-6-8-8-22-0.jpg,.jpg,0.0812,data\raw\cgmacros\CGMacros\CGMacros-021\photos\00000005-PHOTO-2020-6-8-8-22-0.jpg
00000006-PHOTO-2020-6-8-9-24-0.jpg,.jpg,0.0776,data\raw\cgmacros\CGMacros\CGMacros-021\photos\00000006-PHOTO-2020-6-8-9-24-0.jpg
00000007-PHOTO-2020-6-8-13-0-0.jpg,.jpg,0.1669,data\raw\cgmacros\CGMacros\CGMacros-021\photos\00000007-PHOTO-2020-6-8-13-0-0.jpg
00000008-PHOTO-2020-6-8-13-29-0.jpg,.jpg,0.2023,data\raw\cgmacros\CGMacros\CGMacros-021\photos\00000008-PHOTO-2020-6-8-13-29-0.jpg
00000009-PHOTO-2020-6-8-19-55-0.jpg,.jpg,0.1569,data\raw\cgmacros\CGMacros\CGMacros-021\photos\00000009-PHOTO-2020-6-8-19-55-0.jpg
00000010-PHOTO-2020-6-8-20-40-0.jpg,.jpg,0.1065,data\raw\cgmacros\CGMacros\CGMacros-021\photos\00000010-PHOTO-2020-6-8-20-40-0.jpg
00000011-PHOTO-2020-6-9-5-53-0.jpg,.jpg,0.0718,data\raw\cgmacros\CGMacros\CGMacros-021\photos\00000011-PHOTO-2020-6-9-5-53-0.jpg
00000012-PHOTO-2020-6-9-5-59-0.jpg,.jpg,0.0862,data\raw\cgmacros\CGMacros\CGMacros-021\photos\00000012-PHOTO-2020-6-9-5-59-0.jpg
00000013-PHOTO-2020-6-9-12-29-0.jpg,.jpg,0.1754,data\raw\cgmacros\CGMacros\CGMacros-021\photos\00000013-PHOTO-2020-6-9-12-29-0.jpg
00000014-PHOTO-2020-6-9-12-49-0.jpg,.jpg,0.1592,data\raw\cgmacros\CGMacros\CGMacros-021\photos\00000014-PHOTO-2020-6-9-12-49-0.jpg
00000015-PHOTO-2020-6-9-16-18-0.jpg,.jpg,0.2245,data\raw\cgmacros\CGMacros\CGMacros-021\photos\00000015-PHOTO-2020-6-9-16-18-0.jpg
00000016-PHOTO-2020-6-9-20-23-0.jpg,.jpg,0.1115,data\raw\cgmacros\CGMacros\CGMacros-021\photos\00000016-PHOTO-2020-6-9-20-23-0.jpg
00000017-PHOTO-2020-6-9-20-45-0.jpg,.jpg,0.0618,data\raw\cgmacros\CGMacros\CGMacros-021\photos\00000017-PHOTO-2020-6-9-20-45-0.jpg
00000018-PHOTO-2020-6-9-20-56-0.jpg,.jpg,0.1179,data\raw\cgmacros\CGMacros\CGMacros-021\photos\00000018-PHOTO-2020-6-9-20-56-0.jpg
00000019-PHOTO-2020-6-9-21-16-0.jpg,.jpg,0.0911,data\raw\cgmacros\CGMacros\CGMacros-021\photos\00000019-PHOTO-2020-6-9-21-16-0.jpg
00000020-PHOTO-2020-6-9-21-30-0.jpg,.jpg,0.0789,data\raw\cgmacros\CGMacros\CGMacros-021\photos\00000020-PHOTO-2020-6-9-21-30-0.jpg
00000021-PHOTO-2020-6-9-21-41-0.jpg,.jpg,0.067,data\raw\cgmacros\CGMacros\CGMacros-021\photos\00000021-PHOTO-2020-6-9-21-41-0.jpg
00000022-PHOTO-2020-6-10-5-56-0.jpg,.jpg,0.0799,data\raw\cgmacros\CGMacros\CGMacros-021\photos\00000022-PHOTO-2020-6-10-5-56-0.jpg
00000023-PHOTO-2020-6-10-6-5-0.jpg,.jpg,0.0674,data\raw\cgmacros\CGMacros\CGMacros-021\photos\00000023-PHOTO-2020-6-10-6-5-0.jpg
00000024-PHOTO-2020-6-10-10-29-0.jpg,.jpg,0.0991,data\raw\cgmacros\CGMacros\CGMacros-021\photos\00000024-PHOTO-2020-6-10-10-29-0.jpg
00000025-PHOTO-2020-6-10-12-41-0.jpg,.jpg,0.2275,data\raw\cgmacros\CGMacros\CGMacros-021\photos\00000025-PHOTO-2020-6-10-12-41-0.jpg
00000026-PHOTO-2020-6-10-12-51-0.jpg,.jpg,0.2043,data\raw\cgmacros\CGMacros\CGMacros-021\photos\00000026-PHOTO-2020-6-10-12-51-0.jpg
00000027-PHOTO-2020-6-10-18-1-0.jpg,.jpg,0.0995,data\raw\cgmacros\CGMacros\CGMacros-021\photos\00000027-PHOTO-2020-6-10-18-1-0.jpg
00000028-PHOTO-2020-6-10-18-56-0.jpg,.jpg,0.1499,data\raw\cgmacros\CGMacros\CGMacros-021\photos\00000028-PHOTO-2020-6-10-18-56-0.jpg
00000029-PHOTO-2020-6-10-19-10-0.jpg,.jpg,0.1325,data\raw\cgmacros\CGMacros\CGMacros-021\photos\00000029-PHOTO-2020-6-10-19-10-0.jpg
00000030-PHOTO-2020-6-10-21-7-0.jpg,.jpg,0.1969,data\raw\cgmacros\CGMacros\CGMacros-021\photos\00000030-PHOTO-2020-6-10-21-7-0.jpg
00000031-PHOTO-2020-6-11-7-22-0.jpg,.jpg,0.0929,data\raw\cgmacros\CGMacros\CGMacros-021\photos\00000031-PHOTO-2020-6-11-7-22-0.jpg
00000032-PHOTO-2020-6-11-7-31-0.jpg,.jpg,0.1292,data\raw\cgmacros\CGMacros\CGMacros-021\photos\00000032-PHOTO-2020-6-11-7-31-0.jpg
00000033-PHOTO-2020-6-11-13-22-0.jpg,.jpg,0.2968,data\raw\cgmacros\CGMacros\CGMacros-021\photos\00000033-PHOTO-2020-6-11-13-22-0.jpg
00000034-PHOTO-2020-6-11-16-54-0.jpg,.jpg,0.1603,data\raw\cgmacros\CGMacros\CGMacros-021\photos\00000034-PHOTO-2020-6-11-16-54-0.jpg
00000035-PHOTO-2020-6-11-20-26-0.jpg,.jpg,0.1706,data\raw\cgmacros\CGMacros\CGMacros-021\photos\00000035-PHOTO-2020-6-11-20-26-0.jpg
00000036-PHOTO-2020-6-12-7-34-0.jpg,.jpg,0.0923,data\raw\cgmacros\CGMacros\CGMacros-021\photos\00000036-PHOTO-2020-6-12-7-34-0.jpg
00000037-PHOTO-2020-6-12-7-40-0.jpg,.jpg,0.0936,data\raw\cgmacros\CGMacros\CGMacros-021\photos\00000037-PHOTO-2020-6-12-7-40-0.jpg
00000038-PHOTO-2020-6-12-7-51-0.jpg,.jpg,0.0923,data\raw\cgmacros\CGMacros\CGMacros-021\photos\00000038-PHOTO-2020-6-12-7-51-0.jpg
00000039-PHOTO-2020-6-12-7-52-0.jpg,.jpg,0.0923,data\raw\cgmacros\CGMacros\CGMacros-021\photos\00000039-PHOTO-2020-6-12-7-52-0.jpg
00000040-PHOTO-2020-6-12-13-16-0.jpg,.jpg,0.2489,data\raw\cgmacros\CGMacros\CGMacros-021\photos\00000040-PHOTO-2020-6-12-13-16-0.jpg
00000041-PHOTO-2020-6-12-13-33-0.jpg,.jpg,0.1679,data\raw\cgmacros\CGMacros\CGMacros-021\photos\00000041-PHOTO-2020-6-12-13-33-0.jpg
00000042-PHOTO-2020-6-12-18-21-0.jpg,.jpg,0.0934,data\raw\cgmacros\CGMacros\CGMacros-021\photos\00000042-PHOTO-2020-6-12-18-21-0.jpg
00000043-PHOTO-2020-6-12-18-43-0.jpg,.jpg,0.083,data\raw\cgmacros\CGMacros\CGMacros-021\photos\00000043-PHOTO-2020-6-12-18-43-0.jpg
00000044-PHOTO-2020-6-13-6-36-0.jpg,.jpg,0.095,data\raw\cgmacros\CGMacros\CGMacros-021\photos\00000044-PHOTO-2020-6-13-6-36-0.jpg
00000045-PHOTO-2020-6-13-6-40-0.jpg,.jpg,0.0955,data\raw\cgmacros\CGMacros\CGMacros-021\photos\00000045-PHOTO-2020-6-13-6-40-0.jpg
00000046-PHOTO-2020-6-13-12-26-0.jpg,.jpg,0.2403,data\raw\cgmacros\CGMacros\CGMacros-021\photos\00000046-PHOTO-2020-6-13-12-26-0.jpg
00000047-PHOTO-2020-6-13-12-47-0.jpg,.jpg,0.1912,data\raw\cgmacros\CGMacros\CGMacros-021\photos\00000047-PHOTO-2020-6-13-12-47-0.jpg
00000048-PHOTO-2020-6-13-12-47-0.jpg,.jpg,0.1781,data\raw\cgmacros\CGMacros\CGMacros-021\photos\00000048-PHOTO-2020-6-13-12-47-0.jpg
00000049-PHOTO-2020-6-13-19-23-0.jpg,.jpg,0.1789,data\raw\cgmacros\CGMacros\CGMacros-021\photos\00000049-PHOTO-2020-6-13-19-23-0.jpg
00000050-PHOTO-2020-6-13-19-49-0.jpg,.jpg,0.1577,data\raw\cgmacros\CGMacros\CGMacros-021\photos\00000050-PHOTO-2020-6-13-19-49-0.jpg
00000051-PHOTO-2020-6-14-5-35-0.jpg,.jpg,0.0892,data\raw\cgmacros\CGMacros\CGMacros-021\photos\00000051-PHOTO-2020-6-14-5-35-0.jpg
00000052-PHOTO-2020-6-14-5-43-0.jpg,.jpg,0.1126,data\raw\cgmacros\CGMacros\CGMacros-021\photos\00000052-PHOTO-2020-6-14-5-43-0.jpg
00000053-PHOTO-2020-6-14-11-0-0.jpg,.jpg,0.1691,data\raw\cgmacros\CGMacros\CGMacros-021\photos\00000053-PHOTO-2020-6-14-11-0-0.jpg
00000054-PHOTO-2020-6-14-11-14-0.jpg,.jpg,0.1523,data\raw\cgmacros\CGMacros\CGMacros-021\photos\00000054-PHOTO-2020-6-14-11-14-0.jpg
00000057-PHOTO-2020-6-14-17-53-0.jpg,.jpg,0.1615,data\raw\cgmacros\CGMacros\CGMacros-021\photos\00000057-PHOTO-2020-6-14-17-53-0.jpg
00000058-PHOTO-2020-6-14-18-16-0.jpg,.jpg,0.176,data\raw\cgmacros\CGMacros\CGMacros-021\photos\00000058-PHOTO-2020-6-14-18-16-0.jpg
00000059-PHOTO-2020-6-15-6-30-0.jpg,.jpg,0.1652,data\raw\cgmacros\CGMacros\CGMacros-021\photos\00000059-PHOTO-2020-6-15-6-30-0.jpg
00000060-PHOTO-2020-6-15-6-41-0.jpg,.jpg,0.1489,data\raw\cgmacros\CGMacros\CGMacros-021\photos\00000060-PHOTO-2020-6-15-6-41-0.jpg
00000061-PHOTO-2020-6-15-12-41-0.jpg,.jpg,0.2287,data\raw\cgmacros\CGMacros\CGMacros-021\photos\00000061-PHOTO-2020-6-15-12-41-0.jpg
00000062-PHOTO-2020-6-15-13-0-0.jpg,.jpg,0.1968,data\raw\cgmacros\CGMacros\CGMacros-021\photos\00000062-PHOTO-2020-6-15-13-0-0.jpg
00000063-PHOTO-2020-6-15-19-27-0.jpg,.jpg,0.1228,data\raw\cgmacros\CGMacros\CGMacros-021\photos\00000063-PHOTO-2020-6-15-19-27-0.jpg
00000064-PHOTO-2020-6-15-19-50-0.jpg,.jpg,0.0746,data\raw\cgmacros\CGMacros\CGMacros-021\photos\00000064-PHOTO-2020-6-15-19-50-0.jpg
00000065-PHOTO-2020-6-16-7-24-0.jpg,.jpg,0.0748,data\raw\cgmacros\CGMacros\CGMacros-021\photos\00000065-PHOTO-2020-6-16-7-24-0.jpg
00000066-PHOTO-2020-6-16-7-34-0.jpg,.jpg,0.0707,data\raw\cgmacros\CGMacros\CGMacros-021\photos\00000066-PHOTO-2020-6-16-7-34-0.jpg
00000067-PHOTO-2020-6-16-13-18-0.jpg,.jpg,0.1566,data\raw\cgmacros\CGMacros\CGMacros-021\photos\00000067-PHOTO-2020-6-16-13-18-0.jpg
00000068-PHOTO-2020-6-16-13-30-0.jpg,.jpg,0.1324,data\raw\cgmacros\CGMacros\CGMacros-021\photos\00000068-PHOTO-2020-6-16-13-30-0.jpg
00000069-PHOTO-2020-6-16-18-12-0.jpg,.jpg,0.2555,data\raw\cgmacros\CGMacros\CGMacros-021\photos\00000069-PHOTO-2020-6-16-18-12-0.jpg
00000070-PHOTO-2020-6-16-18-30-0.jpg,.jpg,0.2234,data\raw\cgmacros\CGMacros\CGMacros-021\photos\00000070-PHOTO-2020-6-16-18-30-0.jpg
00000071-PHOTO-2020-6-16-19-24-0.jpg,.jpg,0.2135,data\raw\cgmacros\CGMacros\CGMacros-021\photos\00000071-PHOTO-2020-6-16-19-24-0.jpg
00000072-PHOTO-2020-6-16-21-26-0.jpg,.jpg,0.1201,data\raw\cgmacros\CGMacros\CGMacros-021\photos\00000072-PHOTO-2020-6-16-21-26-0.jpg
00000074-PHOTO-2020-6-16-21-43-0.jpg,.jpg,0.1991,data\raw\cgmacros\CGMacros\CGMacros-021\photos\00000074-PHOTO-2020-6-16-21-43-0.jpg
00000075-PHOTO-2020-6-16-22-30-0.jpg,.jpg,0.131,data\raw\cgmacros\CGMacros\CGMacros-021\photos\00000075-PHOTO-2020-6-16-22-30-0.jpg
00000076-PHOTO-2020-6-17-5-27-0.jpg,.jpg,0.0918,data\raw\cgmacros\CGMacros\CGMacros-021\photos\00000076-PHOTO-2020-6-17-5-27-0.jpg
00000077-PHOTO-2020-6-17-5-34-0.jpg,.jpg,0.14,data\raw\cgmacros\CGMacros\CGMacros-021\photos\00000077-PHOTO-2020-6-17-5-34-0.jpg
00000078-PHOTO-2020-6-17-13-0-0.jpg,.jpg,0.2365,data\raw\cgmacros\CGMacros\CGMacros-021\photos\00000078-PHOTO-2020-6-17-13-0-0.jpg
00000079-PHOTO-2020-6-17-13-28-0.jpg,.jpg,0.1378,data\raw\cgmacros\CGMacros\CGMacros-021\photos\00000079-PHOTO-2020-6-17-13-28-0.jpg
00000080-PHOTO-2020-6-17-20-52-0.jpg,.jpg,0.1301,data\raw\cgmacros\CGMacros\CGMacros-021\photos\00000080-PHOTO-2020-6-17-20-52-0.jpg
00000081-PHOTO-2020-6-17-21-14-0.jpg,.jpg,0.1989,data\raw\cgmacros\CGMacros\CGMacros-021\photos\00000081-PHOTO-2020-6-17-21-14-0.jpg
00000082-PHOTO-2020-6-17-21-15-0.jpg,.jpg,0.1874,data\raw\cgmacros\CGMacros\CGMacros-021\photos\00000082-PHOTO-2020-6-17-21-15-0.jpg
00000083-PHOTO-2020-6-17-22-13-0.jpg,.jpg,0.1541,data\raw\cgmacros\CGMacros\CGMacros-021\photos\00000083-PHOTO-2020-6-17-22-13-0.jpg
00000084-PHOTO-2020-6-18-7-52-0.jpg,.jpg,0.2268,data\raw\cgmacros\CGMacros\CGMacros-021\photos\00000084-PHOTO-2020-6-18-7-52-0.jpg
00000085-PHOTO-2020-6-18-8-1-0.jpg,.jpg,0.0919,data\raw\cgmacros\CGMacros\CGMacros-021\photos\00000085-PHOTO-2020-6-18-8-1-0.jpg
00000002-PHOTO-2024-3-5-15-36-0.jpg,.jpg,0.0858,data\raw\cgmacros\CGMacros\CGMacros-020\photos\00000002-PHOTO-2024-3-5-15-36-0.jpg
00000003-PHOTO-2024-3-19-8-17-0.jpg,.jpg,0.0814,data\raw\cgmacros\CGMacros\CGMacros-020\photos\00000003-PHOTO-2024-3-19-8-17-0.jpg
00000004-PHOTO-2024-3-19-8-23-0.jpg,.jpg,0.086,data\raw\cgmacros\CGMacros\CGMacros-020\photos\00000004-PHOTO-2024-3-19-8-23-0.jpg
00000005-PHOTO-2024-3-19-12-35-0.jpg,.jpg,0.2735,data\raw\cgmacros\CGMacros\CGMacros-020\photos\00000005-PHOTO-2024-3-19-12-35-0.jpg
00000006-PHOTO-2024-3-19-12-35-0.jpg,.jpg,0.2297,data\raw\cgmacros\CGMacros\CGMacros-020\photos\00000006-PHOTO-2024-3-19-12-35-0.jpg
00000007-PHOTO-2024-3-19-12-59-0.jpg,.jpg,0.1828,data\raw\cgmacros\CGMacros\CGMacros-020\photos\00000007-PHOTO-2024-3-19-12-59-0.jpg
00000008-PHOTO-2024-3-19-18-11-0.jpg,.jpg,0.1673,data\raw\cgmacros\CGMacros\CGMacros-020\photos\00000008-PHOTO-2024-3-19-18-11-0.jpg
00000009-PHOTO-2024-3-19-18-30-0.jpg,.jpg,0.1423,data\raw\cgmacros\CGMacros\CGMacros-020\photos\00000009-PHOTO-2024-3-19-18-30-0.jpg
00000010-PHOTO-2024-3-19-18-54-0.jpg,.jpg,0.1448,data\raw\cgmacros\CGMacros\CGMacros-020\photos\00000010-PHOTO-2024-3-19-18-54-0.jpg
00000011-PHOTO-2024-3-20-5-0-0.jpg,.jpg,0.0993,data\raw\cgmacros\CGMacros\CGMacros-020\photos\00000011-PHOTO-2024-3-20-5-0-0.jpg
00000012-PHOTO-2024-3-20-5-9-0.jpg,.jpg,0.1876,data\raw\cgmacros\CGMacros\CGMacros-020\photos\00000012-PHOTO-2024-3-20-5-9-0.jpg
00000013-PHOTO-2024-3-20-8-24-0.jpg,.jpg,0.1589,data\raw\cgmacros\CGMacros\CGMacros-020\photos\00000013-PHOTO-2024-3-20-8-24-0.jpg
00000014-PHOTO-2024-3-20-9-13-0.jpg,.jpg,0.1771,data\raw\cgmacros\CGMacros\CGMacros-020\photos\00000014-PHOTO-2024-3-20-9-13-0.jpg
00000015-PHOTO-2024-3-20-10-24-0.jpg,.jpg,0.2216,data\raw\cgmacros\CGMacros\CGMacros-020\photos\00000015-PHOTO-2024-3-20-10-24-0.jpg
00000016-PHOTO-2024-3-20-10-44-0.jpg,.jpg,0.188,data\raw\cgmacros\CGMacros\CGMacros-020\photos\00000016-PHOTO-2024-3-20-10-44-0.jpg
00000017-PHOTO-2024-3-20-16-25-0.jpg,.jpg,0.1905,data\raw\cgmacros\CGMacros\CGMacros-020\photos\00000017-PHOTO-2024-3-20-16-25-0.jpg
00000018-PHOTO-2024-3-20-17-15-0.jpg,.jpg,0.1742,data\raw\cgmacros\CGMacros\CGMacros-020\photos\00000018-PHOTO-2024-3-20-17-15-0.jpg
00000019-PHOTO-2024-3-21-5-14-0.jpg,.jpg,0.1357,data\raw\cgmacros\CGMacros\CGMacros-020\photos\00000019-PHOTO-2024-3-21-5-14-0.jpg
00000020-PHOTO-2024-3-21-5-28-0.jpg,.jpg,0.1971,data\raw\cgmacros\CGMacros\CGMacros-020\photos\00000020-PHOTO-2024-3-21-5-28-0.jpg
00000021-PHOTO-2024-3-21-7-30-0.jpg,.jpg,0.141,data\raw\cgmacros\CGMacros\CGMacros-020\photos\00000021-PHOTO-2024-3-21-7-30-0.jpg
00000023-PHOTO-2024-3-21-10-24-0.jpg,.jpg,0.2037,data\raw\cgmacros\CGMacros\CGMacros-020\photos\00000023-PHOTO-2024-3-21-10-24-0.jpg
00000024-PHOTO-2024-3-21-10-40-0.jpg,.jpg,0.1813,data\raw\cgmacros\CGMacros\CGMacros-020\photos\00000024-PHOTO-2024-3-21-10-40-0.jpg
00000025-PHOTO-2024-3-21-11-33-0.jpg,.jpg,0.0903,data\raw\cgmacros\CGMacros\CGMacros-020\photos\00000025-PHOTO-2024-3-21-11-33-0.jpg
00000026-PHOTO-2024-3-21-11-33-0.jpg,.jpg,0.0751,data\raw\cgmacros\CGMacros\CGMacros-020\photos\00000026-PHOTO-2024-3-21-11-33-0.jpg
00000028-PHOTO-2024-3-21-17-31-0.jpg,.jpg,0.2305,data\raw\cgmacros\CGMacros\CGMacros-020\photos\00000028-PHOTO-2024-3-21-17-31-0.jpg
00000029-PHOTO-2024-3-21-17-51-0.jpg,.jpg,0.1053,data\raw\cgmacros\CGMacros\CGMacros-020\photos\00000029-PHOTO-2024-3-21-17-51-0.jpg
00000031-PHOTO-2024-3-21-18-5-0.jpg,.jpg,0.1773,data\raw\cgmacros\CGMacros\CGMacros-020\photos\00000031-PHOTO-2024-3-21-18-5-0.jpg
00000033-PHOTO-2024-3-21-18-39-0.jpg,.jpg,0.2041,data\raw\cgmacros\CGMacros\CGMacros-020\photos\00000033-PHOTO-2024-3-21-18-39-0.jpg
00000034-PHOTO-2024-3-21-18-40-0.jpg,.jpg,0.156,data\raw\cgmacros\CGMacros\CGMacros-020\photos\00000034-PHOTO-2024-3-21-18-40-0.jpg
00000036-PHOTO-2024-3-21-18-58-0.jpg,.jpg,0.1179,data\raw\cgmacros\CGMacros\CGMacros-020\photos\00000036-PHOTO-2024-3-21-18-58-0.jpg
00000037-PHOTO-2024-3-22-4-48-0.jpg,.jpg,0.0813,data\raw\cgmacros\CGMacros\CGMacros-020\photos\00000037-PHOTO-2024-3-22-4-48-0.jpg
00000038-PHOTO-2024-3-22-5-18-0.jpg,.jpg,0.15,data\raw\cgmacros\CGMacros\CGMacros-020\photos\00000038-PHOTO-2024-3-22-5-18-0.jpg
00000039-PHOTO-2024-3-22-7-26-0.jpg,.jpg,0.1072,data\raw\cgmacros\CGMacros\CGMacros-020\photos\00000039-PHOTO-2024-3-22-7-26-0.jpg
00000040-PHOTO-2024-3-22-10-27-0.jpg,.jpg,0.1725,data\raw\cgmacros\CGMacros\CGMacros-020\photos\00000040-PHOTO-2024-3-22-10-27-0.jpg
00000042-PHOTO-2024-3-22-10-36-0.jpg,.jpg,0.1904,data\raw\cgmacros\CGMacros\CGMacros-020\photos\00000042-PHOTO-2024-3-22-10-36-0.jpg
00000044-PHOTO-2024-3-22-16-28-0.jpg,.jpg,0.2085,data\raw\cgmacros\CGMacros\CGMacros-020\photos\00000044-PHOTO-2024-3-22-16-28-0.jpg
00000045-PHOTO-2024-3-22-16-55-0.jpg,.jpg,0.2046,data\raw\cgmacros\CGMacros\CGMacros-020\photos\00000045-PHOTO-2024-3-22-16-55-0.jpg
00000046-PHOTO-2024-3-22-22-47-0.jpg,.jpg,0.1559,data\raw\cgmacros\CGMacros\CGMacros-020\photos\00000046-PHOTO-2024-3-22-22-47-0.jpg
00000047-PHOTO-2024-3-22-23-2-0.jpg,.jpg,0.0339,data\raw\cgmacros\CGMacros\CGMacros-020\photos\00000047-PHOTO-2024-3-22-23-2-0.jpg
00000048-PHOTO-2024-3-22-23-4-0.jpg,.jpg,0.4014,data\raw\cgmacros\CGMacros\CGMacros-020\photos\00000048-PHOTO-2024-3-22-23-4-0.jpg
00000049-PHOTO-2024-3-23-5-6-0.jpg,.jpg,0.077,data\raw\cgmacros\CGMacros\CGMacros-020\photos\00000049-PHOTO-2024-3-23-5-6-0.jpg
00000051-PHOTO-2024-3-23-5-16-0.jpg,.jpg,0.134,data\raw\cgmacros\CGMacros\CGMacros-020\photos\00000051-PHOTO-2024-3-23-5-16-0.jpg
00000052-PHOTO-2024-3-23-8-6-0.jpg,.jpg,0.1426,data\raw\cgmacros\CGMacros\CGMacros-020\photos\00000052-PHOTO-2024-3-23-8-6-0.jpg
00000053-PHOTO-2024-3-23-9-26-0.jpg,.jpg,0.1866,data\raw\cgmacros\CGMacros\CGMacros-020\photos\00000053-PHOTO-2024-3-23-9-26-0.jpg
00000054-PHOTO-2024-3-23-9-27-0.jpg,.jpg,0.0816,data\raw\cgmacros\CGMacros\CGMacros-020\photos\00000054-PHOTO-2024-3-23-9-27-0.jpg
00000057-PHOTO-2024-3-23-10-25-0.jpg,.jpg,0.1741,data\raw\cgmacros\CGMacros\CGMacros-020\photos\00000057-PHOTO-2024-3-23-10-25-0.jpg
00000058-PHOTO-2024-3-23-10-46-0.jpg,.jpg,0.1935,data\raw\cgmacros\CGMacros\CGMacros-020\photos\00000058-PHOTO-2024-3-23-10-46-0.jpg
00000059-PHOTO-2024-3-23-10-46-0.jpg,.jpg,0.1127,data\raw\cgmacros\CGMacros\CGMacros-020\photos\00000059-PHOTO-2024-3-23-10-46-0.jpg
00000061-PHOTO-2024-3-23-18-53-0.jpg,.jpg,0.1342,data\raw\cgmacros\CGMacros\CGMacros-020\photos\00000061-PHOTO-2024-3-23-18-53-0.jpg
00000064-PHOTO-2024-3-23-22-5-0.jpg,.jpg,0.2525,data\raw\cgmacros\CGMacros\CGMacros-020\photos\00000064-PHOTO-2024-3-23-22-5-0.jpg
00000066-PHOTO-2024-3-23-22-5-0.jpg,.jpg,0.1957,data\raw\cgmacros\CGMacros\CGMacros-020\photos\00000066-PHOTO-2024-3-23-22-5-0.jpg
00000067-PHOTO-2024-3-23-22-12-0.jpg,.jpg,0.2545,data\raw\cgmacros\CGMacros\CGMacros-020\photos\00000067-PHOTO-2024-3-23-22-12-0.jpg
00000068-PHOTO-2024-3-24-4-56-0.jpg,.jpg,0.1505,data\raw\cgmacros\CGMacros\CGMacros-020\photos\00000068-PHOTO-2024-3-24-4-56-0.jpg
00000069-PHOTO-2024-3-24-5-6-0.jpg,.jpg,0.1661,data\raw\cgmacros\CGMacros\CGMacros-020\photos\00000069-PHOTO-2024-3-24-5-6-0.jpg
00000070-PHOTO-2024-3-24-8-41-0.jpg,.jpg,0.1254,data\raw\cgmacros\CGMacros\CGMacros-020\photos\00000070-PHOTO-2024-3-24-8-41-0.jpg
00000071-PHOTO-2024-3-24-9-34-0.jpg,.jpg,0.0893,data\raw\cgmacros\CGMacros\CGMacros-020\photos\00000071-PHOTO-2024-3-24-9-34-0.jpg
00000072-PHOTO-2024-3-24-10-10-0.jpg,.jpg,0.079,data\raw\cgmacros\CGMacros\CGMacros-020\photos\00000072-PHOTO-2024-3-24-10-10-0.jpg
00000073-PHOTO-2024-3-24-10-10-0.jpg,.jpg,0.2403,data\raw\cgmacros\CGMacros\CGMacros-020\photos\00000073-PHOTO-2024-3-24-10-10-0.jpg
00000074-PHOTO-2024-3-24-10-18-0.jpg,.jpg,0.1565,data\raw\cgmacros\CGMacros\CGMacros-020\photos\00000074-PHOTO-2024-3-24-10-18-0.jpg
00000075-PHOTO-2024-3-24-10-45-0.jpg,.jpg,0.1044,data\raw\cgmacros\CGMacros\CGMacros-020\photos\00000075-PHOTO-2024-3-24-10-45-0.jpg
00000076-PHOTO-2024-3-24-10-45-0.jpg,.jpg,0.1073,data\raw\cgmacros\CGMacros\CGMacros-020\photos\00000076-PHOTO-2024-3-24-10-45-0.jpg
00000077-PHOTO-2024-3-24-14-44-0.jpg,.jpg,0.2214,data\raw\cgmacros\CGMacros\CGMacros-020\photos\00000077-PHOTO-2024-3-24-14-44-0.jpg
00000078-PHOTO-2024-3-24-18-25-0.jpg,.jpg,0.4215,data\raw\cgmacros\CGMacros\CGMacros-020\photos\00000078-PHOTO-2024-3-24-18-25-0.jpg
00000079-PHOTO-2024-3-24-18-44-0.jpg,.jpg,0.5008,data\raw\cgmacros\CGMacros\CGMacros-020\photos\00000079-PHOTO-2024-3-24-18-44-0.jpg
00000080-PHOTO-2024-3-24-18-53-0.jpg,.jpg,0.3865,data\raw\cgmacros\CGMacros\CGMacros-020\photos\00000080-PHOTO-2024-3-24-18-53-0.jpg
00000081-PHOTO-2024-3-24-19-2-0.jpg,.jpg,0.4712,data\raw\cgmacros\CGMacros\CGMacros-020\photos\00000081-PHOTO-2024-3-24-19-2-0.jpg
00000082-PHOTO-2024-3-24-19-31-0.jpg,.jpg,0.5083,data\raw\cgmacros\CGMacros\CGMacros-020\photos\00000082-PHOTO-2024-3-24-19-31-0.jpg
00000083-PHOTO-2024-3-25-7-22-0.jpg,.jpg,0.0966,data\raw\cgmacros\CGMacros\CGMacros-020\photos\00000083-PHOTO-2024-3-25-7-22-0.jpg
00000084-PHOTO-2024-3-25-7-29-0.jpg,.jpg,0.1458,data\raw\cgmacros\CGMacros\CGMacros-020\photos\00000084-PHOTO-2024-3-25-7-29-0.jpg
00000085-PHOTO-2024-3-25-9-34-0.jpg,.jpg,0.1046,data\raw\cgmacros\CGMacros\CGMacros-020\photos\00000085-PHOTO-2024-3-25-9-34-0.jpg
00000086-PHOTO-2024-3-25-9-47-0.jpg,.jpg,0.1373,data\raw\cgmacros\CGMacros\CGMacros-020\photos\00000086-PHOTO-2024-3-25-9-47-0.jpg
00000087-PHOTO-2024-3-25-12-51-0.jpg,.jpg,0.1396,data\raw\cgmacros\CGMacros\CGMacros-020\photos\00000087-PHOTO-2024-3-25-12-51-0.jpg
00000088-PHOTO-2024-3-25-12-59-0.jpg,.jpg,0.2523,data\raw\cgmacros\CGMacros\CGMacros-020\photos\00000088-PHOTO-2024-3-25-12-59-0.jpg
00000090-PHOTO-2024-3-25-17-34-0.jpg,.jpg,0.1276,data\raw\cgmacros\CGMacros\CGMacros-020\photos\00000090-PHOTO-2024-3-25-17-34-0.jpg
00000091-PHOTO-2024-3-25-17-36-0.jpg,.jpg,0.1624,data\raw\cgmacros\CGMacros\CGMacros-020\photos\00000091-PHOTO-2024-3-25-17-36-0.jpg
00000092-PHOTO-2024-3-25-18-48-0.jpg,.jpg,0.2251,data\raw\cgmacros\CGMacros\CGMacros-020\photos\00000092-PHOTO-2024-3-25-18-48-0.jpg
00000093-PHOTO-2024-3-25-19-4-0.jpg,.jpg,0.0574,data\raw\cgmacros\CGMacros\CGMacros-020\photos\00000093-PHOTO-2024-3-25-19-4-0.jpg
00000095-PHOTO-2024-3-25-20-48-0.jpg,.jpg,0.2127,data\raw\cgmacros\CGMacros\CGMacros-020\photos\00000095-PHOTO-2024-3-25-20-48-0.jpg
00000096-PHOTO-2024-3-26-7-51-0.jpg,.jpg,0.1127,data\raw\cgmacros\CGMacros\CGMacros-020\photos\00000096-PHOTO-2024-3-26-7-51-0.jpg
00000097-PHOTO-2024-3-26-10-44-0.jpg,.jpg,0.169,data\raw\cgmacros\CGMacros\CGMacros-020\photos\00000097-PHOTO-2024-3-26-10-44-0.jpg
00000099-PHOTO-2024-3-26-12-58-0.jpg,.jpg,0.1579,data\raw\cgmacros\CGMacros\CGMacros-020\photos\00000099-PHOTO-2024-3-26-12-58-0.jpg
00000100-PHOTO-2024-3-26-13-15-0.jpg,.jpg,0.1603,data\raw\cgmacros\CGMacros\CGMacros-020\photos\00000100-PHOTO-2024-3-26-13-15-0.jpg
00000101-PHOTO-2024-3-26-19-18-0.jpg,.jpg,0.3956,data\raw\cgmacros\CGMacros\CGMacros-020\photos\00000101-PHOTO-2024-3-26-19-18-0.jpg
00000102-PHOTO-2024-3-26-20-1-0.jpg,.jpg,0.1957,data\raw\cgmacros\CGMacros\CGMacros-020\photos\00000102-PHOTO-2024-3-26-20-1-0.jpg
00000103-PHOTO-2024-3-27-5-0-0.jpg,.jpg,0.1672,data\raw\cgmacros\CGMacros\CGMacros-020\photos\00000103-PHOTO-2024-3-27-5-0-0.jpg
00000104-PHOTO-2024-3-27-5-14-0.jpg,.jpg,0.1332,data\raw\cgmacros\CGMacros\CGMacros-020\photos\00000104-PHOTO-2024-3-27-5-14-0.jpg
00000105-PHOTO-2024-3-27-8-16-0.jpg,.jpg,0.1715,data\raw\cgmacros\CGMacros\CGMacros-020\photos\00000105-PHOTO-2024-3-27-8-16-0.jpg
00000106-PHOTO-2024-3-27-9-27-0.jpg,.jpg,0.0819,data\raw\cgmacros\CGMacros\CGMacros-020\photos\00000106-PHOTO-2024-3-27-9-27-0.jpg
00000107-PHOTO-2024-3-27-10-28-0.jpg,.jpg,0.137,data\raw\cgmacros\CGMacros\CGMacros-020\photos\00000107-PHOTO-2024-3-27-10-28-0.jpg
00000108-PHOTO-2024-3-27-10-41-0.jpg,.jpg,0.2038,data\raw\cgmacros\CGMacros\CGMacros-020\photos\00000108-PHOTO-2024-3-27-10-41-0.jpg
00000109-PHOTO-2024-3-27-16-29-0.jpg,.jpg,0.0963,data\raw\cgmacros\CGMacros\CGMacros-020\photos\00000109-PHOTO-2024-3-27-16-29-0.jpg
00000110-PHOTO-2024-3-27-18-52-0.jpg,.jpg,0.1529,data\raw\cgmacros\CGMacros\CGMacros-020\photos\00000110-PHOTO-2024-3-27-18-52-0.jpg
00000111-PHOTO-2024-3-27-19-45-0.jpg,.jpg,0.278,data\raw\cgmacros\CGMacros\CGMacros-020\photos\00000111-PHOTO-2024-3-27-19-45-0.jpg
00000112-PHOTO-2024-3-27-20-30-0.jpg,.jpg,0.189,data\raw\cgmacros\CGMacros\CGMacros-020\photos\00000112-PHOTO-2024-3-27-20-30-0.jpg
00000113-PHOTO-2024-3-28-5-6-0.jpg,.jpg,0.1049,data\raw\cgmacros\CGMacros\CGMacros-020\photos\00000113-PHOTO-2024-3-28-5-6-0.jpg
00000114-PHOTO-2024-3-28-5-13-0.jpg,.jpg,0.1933,data\raw\cgmacros\CGMacros\CGMacros-020\photos\00000114-PHOTO-2024-3-28-5-13-0.jpg
00000115-PHOTO-2024-3-28-10-28-0.jpg,.jpg,0.1253,data\raw\cgmacros\CGMacros\CGMacros-020\photos\00000115-PHOTO-2024-3-28-10-28-0.jpg
00000116-PHOTO-2024-3-28-10-46-0.jpg,.jpg,0.1398,data\raw\cgmacros\CGMacros\CGMacros-020\photos\00000116-PHOTO-2024-3-28-10-46-0.jpg
00000117-PHOTO-2024-3-28-18-46-0.jpg,.jpg,0.1987,data\raw\cgmacros\CGMacros\CGMacros-020\photos\00000117-PHOTO-2024-3-28-18-46-0.jpg
00000118-PHOTO-2024-3-29-4-58-0.jpg,.jpg,0.1805,data\raw\cgmacros\CGMacros\CGMacros-020\photos\00000118-PHOTO-2024-3-29-4-58-0.jpg
00000119-PHOTO-2024-3-29-5-15-0.jpg,.jpg,0.1346,data\raw\cgmacros\CGMacros\CGMacros-020\photos\00000119-PHOTO-2024-3-29-5-15-0.jpg
00000002-PHOTO-2020-9-29-9-1-0.jpg,.jpg,0.1794,data\raw\cgmacros\CGMacros\CGMacros-019\photos\00000002-PHOTO-2020-9-29-9-1-0.jpg
00000003-PHOTO-2020-9-29-9-10-0.jpg,.jpg,0.2186,data\raw\cgmacros\CGMacros\CGMacros-019\photos\00000003-PHOTO-2020-9-29-9-10-0.jpg
00000004-PHOTO-2020-9-29-9-17-0.jpg,.jpg,0.1896,data\raw\cgmacros\CGMacros\CGMacros-019\photos\00000004-PHOTO-2020-9-29-9-17-0.jpg
00000005-PHOTO-2020-9-29-12-40-0.jpg,.jpg,0.1928,data\raw\cgmacros\CGMacros\CGMacros-019\photos\00000005-PHOTO-2020-9-29-12-40-0.jpg
00000006-PHOTO-2020-9-29-13-12-0.jpg,.jpg,0.2336,data\raw\cgmacros\CGMacros\CGMacros-019\photos\00000006-PHOTO-2020-9-29-13-12-0.jpg
00000007-PHOTO-2020-9-29-16-3-0.jpg,.jpg,0.1504,data\raw\cgmacros\CGMacros\CGMacros-019\photos\00000007-PHOTO-2020-9-29-16-3-0.jpg
00000008-PHOTO-2020-9-29-16-29-0.jpg,.jpg,0.2179,data\raw\cgmacros\CGMacros\CGMacros-019\photos\00000008-PHOTO-2020-9-29-16-29-0.jpg
00000009-PHOTO-2020-9-29-22-52-0.jpg,.jpg,0.1403,data\raw\cgmacros\CGMacros\CGMacros-019\photos\00000009-PHOTO-2020-9-29-22-52-0.jpg
00000010-PHOTO-2020-9-29-23-12-0.jpg,.jpg,0.1393,data\raw\cgmacros\CGMacros\CGMacros-019\photos\00000010-PHOTO-2020-9-29-23-12-0.jpg
00000011-PHOTO-2020-9-30-9-44-0.jpg,.jpg,0.1789,data\raw\cgmacros\CGMacros\CGMacros-019\photos\00000011-PHOTO-2020-9-30-9-44-0.jpg
00000012-PHOTO-2020-9-30-9-48-0.jpg,.jpg,0.216,data\raw\cgmacros\CGMacros\CGMacros-019\photos\00000012-PHOTO-2020-9-30-9-48-0.jpg
00000013-PHOTO-2020-9-30-13-26-0.jpg,.jpg,0.1689,data\raw\cgmacros\CGMacros\CGMacros-019\photos\00000013-PHOTO-2020-9-30-13-26-0.jpg
00000014-PHOTO-2020-9-30-13-57-0.jpg,.jpg,0.1841,data\raw\cgmacros\CGMacros\CGMacros-019\photos\00000014-PHOTO-2020-9-30-13-57-0.jpg
00000015-PHOTO-2020-9-30-16-6-0.jpg,.jpg,0.1346,data\raw\cgmacros\CGMacros\CGMacros-019\photos\00000015-PHOTO-2020-9-30-16-6-0.jpg
00000016-PHOTO-2020-10-1-9-30-0.jpg,.jpg,0.098,data\raw\cgmacros\CGMacros\CGMacros-019\photos\00000016-PHOTO-2020-10-1-9-30-0.jpg
00000017-PHOTO-2020-10-1-9-33-0.jpg,.jpg,0.1134,data\raw\cgmacros\CGMacros\CGMacros-019\photos\00000017-PHOTO-2020-10-1-9-33-0.jpg
00000018-PHOTO-2020-10-1-13-4-0.jpg,.jpg,0.3608,data\raw\cgmacros\CGMacros\CGMacros-019\photos\00000018-PHOTO-2020-10-1-13-4-0.jpg
00000019-PHOTO-2020-10-1-13-4-0.jpg,.jpg,0.2063,data\raw\cgmacros\CGMacros\CGMacros-019\photos\00000019-PHOTO-2020-10-1-13-4-0.jpg
00000020-PHOTO-2020-10-1-18-34-0.jpg,.jpg,0.2248,data\raw\cgmacros\CGMacros\CGMacros-019\photos\00000020-PHOTO-2020-10-1-18-34-0.jpg
00000021-PHOTO-2020-10-1-18-46-0.jpg,.jpg,0.0719,data\raw\cgmacros\CGMacros\CGMacros-019\photos\00000021-PHOTO-2020-10-1-18-46-0.jpg
00000022-PHOTO-2020-10-1-19-2-0.jpg,.jpg,0.2303,data\raw\cgmacros\CGMacros\CGMacros-019\photos\00000022-PHOTO-2020-10-1-19-2-0.jpg
00000023-PHOTO-2020-10-2-9-18-0.jpg,.jpg,0.1644,data\raw\cgmacros\CGMacros\CGMacros-019\photos\00000023-PHOTO-2020-10-2-9-18-0.jpg
00000024-PHOTO-2020-10-2-9-22-0.jpg,.jpg,0.1909,data\raw\cgmacros\CGMacros\CGMacros-019\photos\00000024-PHOTO-2020-10-2-9-22-0.jpg
00000025-PHOTO-2020-10-2-12-30-0.jpg,.jpg,0.2353,data\raw\cgmacros\CGMacros\CGMacros-019\photos\00000025-PHOTO-2020-10-2-12-30-0.jpg
00000026-PHOTO-2020-10-2-12-49-0.jpg,.jpg,0.17,data\raw\cgmacros\CGMacros\CGMacros-019\photos\00000026-PHOTO-2020-10-2-12-49-0.jpg
00000027-PHOTO-2020-10-2-15-55-0.jpg,.jpg,0.2495,data\raw\cgmacros\CGMacros\CGMacros-019\photos\00000027-PHOTO-2020-10-2-15-55-0.jpg
00000028-PHOTO-2020-10-2-16-16-0.jpg,.jpg,0.2334,data\raw\cgmacros\CGMacros\CGMacros-019\photos\00000028-PHOTO-2020-10-2-16-16-0.jpg
00000029-PHOTO-2020-10-2-21-26-0.jpg,.jpg,0.1324,data\raw\cgmacros\CGMacros\CGMacros-019\photos\00000029-PHOTO-2020-10-2-21-26-0.jpg
00000030-PHOTO-2020-10-3-9-39-0.jpg,.jpg,0.1478,data\raw\cgmacros\CGMacros\CGMacros-019\photos\00000030-PHOTO-2020-10-3-9-39-0.jpg
00000031-PHOTO-2020-10-3-10-26-0.jpg,.jpg,0.1654,data\raw\cgmacros\CGMacros\CGMacros-019\photos\00000031-PHOTO-2020-10-3-10-26-0.jpg
00000032-PHOTO-2020-10-3-10-39-0.jpg,.jpg,0.0614,data\raw\cgmacros\CGMacros\CGMacros-019\photos\00000032-PHOTO-2020-10-3-10-39-0.jpg
00000033-PHOTO-2020-10-3-14-14-0.jpg,.jpg,0.2575,data\raw\cgmacros\CGMacros\CGMacros-019\photos\00000033-PHOTO-2020-10-3-14-14-0.jpg
00000034-PHOTO-2020-10-3-14-38-0.jpg,.jpg,0.2486,data\raw\cgmacros\CGMacros\CGMacros-019\photos\00000034-PHOTO-2020-10-3-14-38-0.jpg
00000035-PHOTO-2020-10-3-15-11-0.jpg,.jpg,0.1293,data\raw\cgmacros\CGMacros\CGMacros-019\photos\00000035-PHOTO-2020-10-3-15-11-0.jpg
00000036-PHOTO-2020-10-3-18-0-0.jpg,.jpg,0.2451,data\raw\cgmacros\CGMacros\CGMacros-019\photos\00000036-PHOTO-2020-10-3-18-0-0.jpg
00000037-PHOTO-2020-10-3-18-0-0.jpg,.jpg,0.2605,data\raw\cgmacros\CGMacros\CGMacros-019\photos\00000037-PHOTO-2020-10-3-18-0-0.jpg
00000038-PHOTO-2020-10-3-19-10-0.jpg,.jpg,0.1925,data\raw\cgmacros\CGMacros\CGMacros-019\photos\00000038-PHOTO-2020-10-3-19-10-0.jpg
00000039-PHOTO-2020-10-3-19-41-0.jpg,.jpg,0.1926,data\raw\cgmacros\CGMacros\CGMacros-019\photos\00000039-PHOTO-2020-10-3-19-41-0.jpg
00000040-PHOTO-2020-10-3-21-4-0.jpg,.jpg,0.1808,data\raw\cgmacros\CGMacros\CGMacros-019\photos\00000040-PHOTO-2020-10-3-21-4-0.jpg
00000041-PHOTO-2020-10-3-21-13-0.jpg,.jpg,0.0921,data\raw\cgmacros\CGMacros\CGMacros-019\photos\00000041-PHOTO-2020-10-3-21-13-0.jpg
00000042-PHOTO-2020-10-4-13-26-0.jpg,.jpg,0.1573,data\raw\cgmacros\CGMacros\CGMacros-019\photos\00000042-PHOTO-2020-10-4-13-26-0.jpg
00000043-PHOTO-2020-10-4-14-5-0.jpg,.jpg,0.1695,data\raw\cgmacros\CGMacros\CGMacros-019\photos\00000043-PHOTO-2020-10-4-14-5-0.jpg
00000044-PHOTO-2020-10-4-17-55-0.jpg,.jpg,0.2261,data\raw\cgmacros\CGMacros\CGMacros-019\photos\00000044-PHOTO-2020-10-4-17-55-0.jpg
00000045-PHOTO-2020-10-4-18-21-0.jpg,.jpg,0.1755,data\raw\cgmacros\CGMacros\CGMacros-019\photos\00000045-PHOTO-2020-10-4-18-21-0.jpg
00000046-PHOTO-2020-10-4-22-10-0.jpg,.jpg,0.2345,data\raw\cgmacros\CGMacros\CGMacros-019\photos\00000046-PHOTO-2020-10-4-22-10-0.jpg
00000047-PHOTO-2020-10-4-23-11-0.jpg,.jpg,0.1382,data\raw\cgmacros\CGMacros\CGMacros-019\photos\00000047-PHOTO-2020-10-4-23-11-0.jpg
00000048-PHOTO-2020-10-5-9-19-0.jpg,.jpg,0.0537,data\raw\cgmacros\CGMacros\CGMacros-019\photos\00000048-PHOTO-2020-10-5-9-19-0.jpg
00000049-PHOTO-2020-10-5-9-22-0.jpg,.jpg,0.1157,data\raw\cgmacros\CGMacros\CGMacros-019\photos\00000049-PHOTO-2020-10-5-9-22-0.jpg
00000050-PHOTO-2020-10-5-12-26-0.jpg,.jpg,0.1791,data\raw\cgmacros\CGMacros\CGMacros-019\photos\00000050-PHOTO-2020-10-5-12-26-0.jpg
00000051-PHOTO-2020-10-5-12-59-0.jpg,.jpg,0.2239,data\raw\cgmacros\CGMacros\CGMacros-019\photos\00000051-PHOTO-2020-10-5-12-59-0.jpg
00000052-PHOTO-2020-10-5-15-57-0.jpg,.jpg,0.0944,data\raw\cgmacros\CGMacros\CGMacros-019\photos\00000052-PHOTO-2020-10-5-15-57-0.jpg
00000053-PHOTO-2020-10-5-16-42-0.jpg,.jpg,0.1439,data\raw\cgmacros\CGMacros\CGMacros-019\photos\00000053-PHOTO-2020-10-5-16-42-0.jpg
00000054-PHOTO-2020-10-5-17-38-0.jpg,.jpg,0.2049,data\raw\cgmacros\CGMacros\CGMacros-019\photos\00000054-PHOTO-2020-10-5-17-38-0.jpg
00000055-PHOTO-2020-10-5-20-17-0.jpg,.jpg,0.0479,data\raw\cgmacros\CGMacros\CGMacros-019\photos\00000055-PHOTO-2020-10-5-20-17-0.jpg
00000056-PHOTO-2020-10-5-21-49-0.jpg,.jpg,0.3518,data\raw\cgmacros\CGMacros\CGMacros-019\photos\00000056-PHOTO-2020-10-5-21-49-0.jpg
00000057-PHOTO-2020-10-6-9-26-0.jpg,.jpg,0.0973,data\raw\cgmacros\CGMacros\CGMacros-019\photos\00000057-PHOTO-2020-10-6-9-26-0.jpg
00000058-PHOTO-2020-10-6-9-41-0.jpg,.jpg,0.1229,data\raw\cgmacros\CGMacros\CGMacros-019\photos\00000058-PHOTO-2020-10-6-9-41-0.jpg
00000059-PHOTO-2020-10-6-12-32-0.jpg,.jpg,0.3587,data\raw\cgmacros\CGMacros\CGMacros-019\photos\00000059-PHOTO-2020-10-6-12-32-0.jpg
00000060-PHOTO-2020-10-6-13-3-0.jpg,.jpg,0.3381,data\raw\cgmacros\CGMacros\CGMacros-019\photos\00000060-PHOTO-2020-10-6-13-3-0.jpg
00000061-PHOTO-2020-10-6-16-17-0.jpg,.jpg,0.1808,data\raw\cgmacros\CGMacros\CGMacros-019\photos\00000061-PHOTO-2020-10-6-16-17-0.jpg
00000062-PHOTO-2020-10-6-18-41-0.jpg,.jpg,0.1825,data\raw\cgmacros\CGMacros\CGMacros-019\photos\00000062-PHOTO-2020-10-6-18-41-0.jpg
00000063-PHOTO-2020-10-6-18-42-0.jpg,.jpg,0.0599,data\raw\cgmacros\CGMacros\CGMacros-019\photos\00000063-PHOTO-2020-10-6-18-42-0.jpg
00000064-PHOTO-2020-10-6-21-36-0.jpg,.jpg,0.1207,data\raw\cgmacros\CGMacros\CGMacros-019\photos\00000064-PHOTO-2020-10-6-21-36-0.jpg
00000065-PHOTO-2020-10-7-10-21-0.jpg,.jpg,0.0897,data\raw\cgmacros\CGMacros\CGMacros-019\photos\00000065-PHOTO-2020-10-7-10-21-0.jpg
00000066-PHOTO-2020-10-7-10-43-0.jpg,.jpg,0.1265,data\raw\cgmacros\CGMacros\CGMacros-019\photos\00000066-PHOTO-2020-10-7-10-43-0.jpg
00000067-PHOTO-2020-10-7-14-44-0.jpg,.jpg,0.1108,data\raw\cgmacros\CGMacros\CGMacros-019\photos\00000067-PHOTO-2020-10-7-14-44-0.jpg
00000068-PHOTO-2020-10-7-14-52-0.jpg,.jpg,0.2117,data\raw\cgmacros\CGMacros\CGMacros-019\photos\00000068-PHOTO-2020-10-7-14-52-0.jpg
00000069-PHOTO-2020-10-7-16-55-0.jpg,.jpg,0.1059,data\raw\cgmacros\CGMacros\CGMacros-019\photos\00000069-PHOTO-2020-10-7-16-55-0.jpg
00000070-PHOTO-2020-10-7-18-28-0.jpg,.jpg,0.159,data\raw\cgmacros\CGMacros\CGMacros-019\photos\00000070-PHOTO-2020-10-7-18-28-0.jpg
00000071-PHOTO-2020-10-7-19-11-0.jpg,.jpg,0.1602,data\raw\cgmacros\CGMacros\CGMacros-019\photos\00000071-PHOTO-2020-10-7-19-11-0.jpg
00000072-PHOTO-2020-10-8-9-6-0.jpg,.jpg,0.0758,data\raw\cgmacros\CGMacros\CGMacros-019\photos\00000072-PHOTO-2020-10-8-9-6-0.jpg
00000073-PHOTO-2020-10-8-9-14-0.jpg,.jpg,0.1125,data\raw\cgmacros\CGMacros\CGMacros-019\photos\00000073-PHOTO-2020-10-8-9-14-0.jpg
00000074-PHOTO-2020-10-8-12-45-0.jpg,.jpg,0.2389,data\raw\cgmacros\CGMacros\CGMacros-019\photos\00000074-PHOTO-2020-10-8-12-45-0.jpg
00000075-PHOTO-2020-10-8-13-14-0.jpg,.jpg,0.2545,data\raw\cgmacros\CGMacros\CGMacros-019\photos\00000075-PHOTO-2020-10-8-13-14-0.jpg
00000076-PHOTO-2020-10-8-16-32-0.jpg,.jpg,0.1316,data\raw\cgmacros\CGMacros\CGMacros-019\photos\00000076-PHOTO-2020-10-8-16-32-0.jpg
00000077-PHOTO-2020-10-8-18-13-0.jpg,.jpg,0.138,data\raw\cgmacros\CGMacros\CGMacros-019\photos\00000077-PHOTO-2020-10-8-18-13-0.jpg
00000078-PHOTO-2020-10-8-18-44-0.jpg,.jpg,0.1448,data\raw\cgmacros\CGMacros\CGMacros-019\photos\00000078-PHOTO-2020-10-8-18-44-0.jpg
00000079-PHOTO-2020-10-9-9-8-0.jpg,.jpg,0.1936,data\raw\cgmacros\CGMacros\CGMacros-019\photos\00000079-PHOTO-2020-10-9-9-8-0.jpg
00000080-PHOTO-2020-10-9-9-15-0.jpg,.jpg,0.1396,data\raw\cgmacros\CGMacros\CGMacros-019\photos\00000080-PHOTO-2020-10-9-9-15-0.jpg
00000002-PHOTO-2024-1-27-9-23-0.jpg,.jpg,0.1104,data\raw\cgmacros\CGMacros\CGMacros-018\photos\00000002-PHOTO-2024-1-27-9-23-0.jpg
00000003-PHOTO-2024-1-28-8-14-0.jpg,.jpg,0.0962,data\raw\cgmacros\CGMacros\CGMacros-018\photos\00000003-PHOTO-2024-1-28-8-14-0.jpg
00000004-PHOTO-2024-1-28-8-18-0.jpg,.jpg,0.0736,data\raw\cgmacros\CGMacros\CGMacros-018\photos\00000004-PHOTO-2024-1-28-8-18-0.jpg
00000005-PHOTO-2024-1-28-13-13-0.jpg,.jpg,0.2428,data\raw\cgmacros\CGMacros\CGMacros-018\photos\00000005-PHOTO-2024-1-28-13-13-0.jpg
00000006-PHOTO-2024-1-28-13-30-0.jpg,.jpg,0.2257,data\raw\cgmacros\CGMacros\CGMacros-018\photos\00000006-PHOTO-2024-1-28-13-30-0.jpg
00000007-PHOTO-2024-1-28-18-26-0.jpg,.jpg,0.292,data\raw\cgmacros\CGMacros\CGMacros-018\photos\00000007-PHOTO-2024-1-28-18-26-0.jpg
00000008-PHOTO-2024-1-28-18-43-0.jpg,.jpg,0.1532,data\raw\cgmacros\CGMacros\CGMacros-018\photos\00000008-PHOTO-2024-1-28-18-43-0.jpg
00000009-PHOTO-2024-2-7-10-18-0.jpg,.jpg,0.0933,data\raw\cgmacros\CGMacros\CGMacros-018\photos\00000009-PHOTO-2024-2-7-10-18-0.jpg
00000010-PHOTO-2024-2-7-10-23-0.jpg,.jpg,0.0735,data\raw\cgmacros\CGMacros\CGMacros-018\photos\00000010-PHOTO-2024-2-7-10-23-0.jpg
00000011-PHOTO-2024-2-7-13-24-0.jpg,.jpg,0.2127,data\raw\cgmacros\CGMacros\CGMacros-018\photos\00000011-PHOTO-2024-2-7-13-24-0.jpg
00000012-PHOTO-2024-2-7-13-49-0.jpg,.jpg,0.1943,data\raw\cgmacros\CGMacros\CGMacros-018\photos\00000012-PHOTO-2024-2-7-13-49-0.jpg
00000013-PHOTO-2024-2-7-18-39-0.jpg,.jpg,0.2421,data\raw\cgmacros\CGMacros\CGMacros-018\photos\00000013-PHOTO-2024-2-7-18-39-0.jpg
00000014-PHOTO-2024-2-7-19-0-0.jpg,.jpg,0.1805,data\raw\cgmacros\CGMacros\CGMacros-018\photos\00000014-PHOTO-2024-2-7-19-0-0.jpg
00000015-PHOTO-2024-2-7-19-7-0.jpg,.jpg,0.2352,data\raw\cgmacros\CGMacros\CGMacros-018\photos\00000015-PHOTO-2024-2-7-19-7-0.jpg
00000016-PHOTO-2024-2-7-19-11-0.jpg,.jpg,0.2033,data\raw\cgmacros\CGMacros\CGMacros-018\photos\00000016-PHOTO-2024-2-7-19-11-0.jpg
00000017-PHOTO-2024-2-8-9-36-0.jpg,.jpg,0.0974,data\raw\cgmacros\CGMacros\CGMacros-018\photos\00000017-PHOTO-2024-2-8-9-36-0.jpg
00000018-PHOTO-2024-2-8-9-48-0.jpg,.jpg,0.0784,data\raw\cgmacros\CGMacros\CGMacros-018\photos\00000018-PHOTO-2024-2-8-9-48-0.jpg
00000019-PHOTO-2024-2-8-13-22-0.jpg,.jpg,0.2764,data\raw\cgmacros\CGMacros\CGMacros-018\photos\00000019-PHOTO-2024-2-8-13-22-0.jpg
00000020-PHOTO-2024-2-8-13-32-0.jpg,.jpg,0.188,data\raw\cgmacros\CGMacros\CGMacros-018\photos\00000020-PHOTO-2024-2-8-13-32-0.jpg
00000021-PHOTO-2024-2-8-16-38-0.jpg,.jpg,0.1837,data\raw\cgmacros\CGMacros\CGMacros-018\photos\00000021-PHOTO-2024-2-8-16-38-0.jpg
00000022-PHOTO-2024-2-8-17-4-0.jpg,.jpg,0.0577,data\raw\cgmacros\CGMacros\CGMacros-018\photos\00000022-PHOTO-2024-2-8-17-4-0.jpg
00000023-PHOTO-2024-2-8-20-17-0.jpg,.jpg,0.1459,data\raw\cgmacros\CGMacros\CGMacros-018\photos\00000023-PHOTO-2024-2-8-20-17-0.jpg
00000024-PHOTO-2024-2-9-7-57-0.jpg,.jpg,0.0992,data\raw\cgmacros\CGMacros\CGMacros-018\photos\00000024-PHOTO-2024-2-9-7-57-0.jpg
00000025-PHOTO-2024-2-9-8-11-0.jpg,.jpg,0.0635,data\raw\cgmacros\CGMacros\CGMacros-018\photos\00000025-PHOTO-2024-2-9-8-11-0.jpg
00000026-PHOTO-2024-2-9-13-8-0.jpg,.jpg,0.1632,data\raw\cgmacros\CGMacros\CGMacros-018\photos\00000026-PHOTO-2024-2-9-13-8-0.jpg
00000027-PHOTO-2024-2-9-13-14-0.jpg,.jpg,0.2104,data\raw\cgmacros\CGMacros\CGMacros-018\photos\00000027-PHOTO-2024-2-9-13-14-0.jpg
00000028-PHOTO-2024-2-9-17-18-0.jpg,.jpg,0.1,data\raw\cgmacros\CGMacros\CGMacros-018\photos\00000028-PHOTO-2024-2-9-17-18-0.jpg
00000029-PHOTO-2024-2-9-17-28-0.jpg,.jpg,0.1191,data\raw\cgmacros\CGMacros\CGMacros-018\photos\00000029-PHOTO-2024-2-9-17-28-0.jpg
00000030-PHOTO-2024-2-9-17-37-0.jpg,.jpg,0.0822,data\raw\cgmacros\CGMacros\CGMacros-018\photos\00000030-PHOTO-2024-2-9-17-37-0.jpg
00000031-PHOTO-2024-2-9-20-23-0.jpg,.jpg,0.0832,data\raw\cgmacros\CGMacros\CGMacros-018\photos\00000031-PHOTO-2024-2-9-20-23-0.jpg
00000032-PHOTO-2024-2-9-20-55-0.jpg,.jpg,0.1256,data\raw\cgmacros\CGMacros\CGMacros-018\photos\00000032-PHOTO-2024-2-9-20-55-0.jpg
00000033-PHOTO-2024-2-10-8-20-0.jpg,.jpg,0.081,data\raw\cgmacros\CGMacros\CGMacros-018\photos\00000033-PHOTO-2024-2-10-8-20-0.jpg
00000034-PHOTO-2024-2-10-8-30-0.jpg,.jpg,0.0888,data\raw\cgmacros\CGMacros\CGMacros-018\photos\00000034-PHOTO-2024-2-10-8-30-0.jpg
00000035-PHOTO-2024-2-10-13-28-0.jpg,.jpg,0.2176,data\raw\cgmacros\CGMacros\CGMacros-018\photos\00000035-PHOTO-2024-2-10-13-28-0.jpg
00000036-PHOTO-2024-2-10-13-39-0.jpg,.jpg,0.228,data\raw\cgmacros\CGMacros\CGMacros-018\photos\00000036-PHOTO-2024-2-10-13-39-0.jpg
00000037-PHOTO-2024-2-10-18-21-0.jpg,.jpg,0.2794,data\raw\cgmacros\CGMacros\CGMacros-018\photos\00000037-PHOTO-2024-2-10-18-21-0.jpg
00000038-PHOTO-2024-2-10-18-48-0.jpg,.jpg,0.2004,data\raw\cgmacros\CGMacros\CGMacros-018\photos\00000038-PHOTO-2024-2-10-18-48-0.jpg
00000039-PHOTO-2024-2-11-9-12-0.jpg,.jpg,0.1007,data\raw\cgmacros\CGMacros\CGMacros-018\photos\00000039-PHOTO-2024-2-11-9-12-0.jpg
00000040-PHOTO-2024-2-11-9-17-0.jpg,.jpg,0.1284,data\raw\cgmacros\CGMacros\CGMacros-018\photos\00000040-PHOTO-2024-2-11-9-17-0.jpg
00000041-PHOTO-2024-2-11-13-26-0.jpg,.jpg,0.3695,data\raw\cgmacros\CGMacros\CGMacros-018\photos\00000041-PHOTO-2024-2-11-13-26-0.jpg
00000042-PHOTO-2024-2-11-13-42-0.jpg,.jpg,0.5159,data\raw\cgmacros\CGMacros\CGMacros-018\photos\00000042-PHOTO-2024-2-11-13-42-0.jpg
00000043-PHOTO-2024-2-11-16-43-0.jpg,.jpg,0.1708,data\raw\cgmacros\CGMacros\CGMacros-018\photos\00000043-PHOTO-2024-2-11-16-43-0.jpg
00000044-PHOTO-2024-2-11-16-54-0.jpg,.jpg,0.0727,data\raw\cgmacros\CGMacros\CGMacros-018\photos\00000044-PHOTO-2024-2-11-16-54-0.jpg
00000045-PHOTO-2024-2-11-17-25-0.jpg,.jpg,0.3532,data\raw\cgmacros\CGMacros\CGMacros-018\photos\00000045-PHOTO-2024-2-11-17-25-0.jpg
00000046-PHOTO-2024-2-11-17-53-0.jpg,.jpg,0.3198,data\raw\cgmacros\CGMacros\CGMacros-018\photos\00000046-PHOTO-2024-2-11-17-53-0.jpg
00000047-PHOTO-2024-2-11-21-14-0.jpg,.jpg,0.1095,data\raw\cgmacros\CGMacros\CGMacros-018\photos\00000047-PHOTO-2024-2-11-21-14-0.jpg
00000048-PHOTO-2024-2-12-8-15-0.jpg,.jpg,0.1349,data\raw\cgmacros\CGMacros\CGMacros-018\photos\00000048-PHOTO-2024-2-12-8-15-0.jpg
00000049-PHOTO-2024-2-12-8-21-0.jpg,.jpg,0.0715,data\raw\cgmacros\CGMacros\CGMacros-018\photos\00000049-PHOTO-2024-2-12-8-21-0.jpg
00000050-PHOTO-2024-2-12-14-50-0.jpg,.jpg,0.3475,data\raw\cgmacros\CGMacros\CGMacros-018\photos\00000050-PHOTO-2024-2-12-14-50-0.jpg
00000051-PHOTO-2024-2-12-14-57-0.jpg,.jpg,0.379,data\raw\cgmacros\CGMacros\CGMacros-018\photos\00000051-PHOTO-2024-2-12-14-57-0.jpg
00000052-PHOTO-2024-2-13-8-47-0.jpg,.jpg,0.0951,data\raw\cgmacros\CGMacros\CGMacros-018\photos\00000052-PHOTO-2024-2-13-8-47-0.jpg
00000053-PHOTO-2024-2-13-8-52-0.jpg,.jpg,0.1721,data\raw\cgmacros\CGMacros\CGMacros-018\photos\00000053-PHOTO-2024-2-13-8-52-0.jpg
00000054-PHOTO-2024-2-13-13-1-0.jpg,.jpg,0.3448,data\raw\cgmacros\CGMacros\CGMacros-018\photos\00000054-PHOTO-2024-2-13-13-1-0.jpg
00000055-PHOTO-2024-2-13-13-21-0.jpg,.jpg,0.2793,data\raw\cgmacros\CGMacros\CGMacros-018\photos\00000055-PHOTO-2024-2-13-13-21-0.jpg
00000056-PHOTO-2024-2-13-17-49-0.jpg,.jpg,0.1968,data\raw\cgmacros\CGMacros\CGMacros-018\photos\00000056-PHOTO-2024-2-13-17-49-0.jpg
00000057-PHOTO-2024-2-13-18-13-0.jpg,.jpg,0.2421,data\raw\cgmacros\CGMacros\CGMacros-018\photos\00000057-PHOTO-2024-2-13-18-13-0.jpg
00000058-PHOTO-2024-2-13-20-40-0.jpg,.jpg,0.0861,data\raw\cgmacros\CGMacros\CGMacros-018\photos\00000058-PHOTO-2024-2-13-20-40-0.jpg
00000059-PHOTO-2024-2-13-21-24-0.jpg,.jpg,0.0749,data\raw\cgmacros\CGMacros\CGMacros-018\photos\00000059-PHOTO-2024-2-13-21-24-0.jpg
00000060-PHOTO-2024-2-13-22-19-0.jpg,.jpg,0.1155,data\raw\cgmacros\CGMacros\CGMacros-018\photos\00000060-PHOTO-2024-2-13-22-19-0.jpg
00000061-PHOTO-2024-2-14-7-26-0.jpg,.jpg,0.0968,data\raw\cgmacros\CGMacros\CGMacros-018\photos\00000061-PHOTO-2024-2-14-7-26-0.jpg
00000062-PHOTO-2024-2-14-7-34-0.jpg,.jpg,0.1109,data\raw\cgmacros\CGMacros\CGMacros-018\photos\00000062-PHOTO-2024-2-14-7-34-0.jpg
00000063-PHOTO-2024-2-14-13-32-0.jpg,.jpg,0.1712,data\raw\cgmacros\CGMacros\CGMacros-018\photos\00000063-PHOTO-2024-2-14-13-32-0.jpg
00000064-PHOTO-2024-2-14-13-48-0.jpg,.jpg,0.198,data\raw\cgmacros\CGMacros\CGMacros-018\photos\00000064-PHOTO-2024-2-14-13-48-0.jpg
00000066-PHOTO-2024-2-14-19-2-0.jpg,.jpg,0.3105,data\raw\cgmacros\CGMacros\CGMacros-018\photos\00000066-PHOTO-2024-2-14-19-2-0.jpg
00000067-PHOTO-2024-2-14-19-19-0.jpg,.jpg,0.3439,data\raw\cgmacros\CGMacros\CGMacros-018\photos\00000067-PHOTO-2024-2-14-19-19-0.jpg
00000068-PHOTO-2024-2-15-8-36-0.jpg,.jpg,0.0869,data\raw\cgmacros\CGMacros\CGMacros-018\photos\00000068-PHOTO-2024-2-15-8-36-0.jpg
00000069-PHOTO-2024-2-15-8-41-0.jpg,.jpg,0.0984,data\raw\cgmacros\CGMacros\CGMacros-018\photos\00000069-PHOTO-2024-2-15-8-41-0.jpg
00000070-PHOTO-2024-2-15-13-3-0.jpg,.jpg,0.4446,data\raw\cgmacros\CGMacros\CGMacros-018\photos\00000070-PHOTO-2024-2-15-13-3-0.jpg
00000071-PHOTO-2024-2-15-13-11-0.jpg,.jpg,0.368,data\raw\cgmacros\CGMacros\CGMacros-018\photos\00000071-PHOTO-2024-2-15-13-11-0.jpg
00000072-PHOTO-2024-2-15-18-9-0.jpg,.jpg,0.4078,data\raw\cgmacros\CGMacros\CGMacros-018\photos\00000072-PHOTO-2024-2-15-18-9-0.jpg
00000073-PHOTO-2024-2-15-18-15-0.jpg,.jpg,0.209,data\raw\cgmacros\CGMacros\CGMacros-018\photos\00000073-PHOTO-2024-2-15-18-15-0.jpg
00000074-PHOTO-2024-2-15-18-38-0.jpg,.jpg,0.1253,data\raw\cgmacros\CGMacros\CGMacros-018\photos\00000074-PHOTO-2024-2-15-18-38-0.jpg
00000075-PHOTO-2024-2-16-8-3-0.jpg,.jpg,0.124,data\raw\cgmacros\CGMacros\CGMacros-018\photos\00000075-PHOTO-2024-2-16-8-3-0.jpg
00000076-PHOTO-2024-2-16-8-15-0.jpg,.jpg,0.1007,data\raw\cgmacros\CGMacros\CGMacros-018\photos\00000076-PHOTO-2024-2-16-8-15-0.jpg
00000002-PHOTO-2023-10-9-14-31-0.jpg,.jpg,0.0789,data\raw\cgmacros\CGMacros\CGMacros-017\photos\00000002-PHOTO-2023-10-9-14-31-0.jpg
00000003-PHOTO-2023-10-10-8-12-0.jpg,.jpg,0.1119,data\raw\cgmacros\CGMacros\CGMacros-017\photos\00000003-PHOTO-2023-10-10-8-12-0.jpg
00000004-PHOTO-2023-10-10-8-14-0.jpg,.jpg,0.0991,data\raw\cgmacros\CGMacros\CGMacros-017\photos\00000004-PHOTO-2023-10-10-8-14-0.jpg
00000005-PHOTO-2023-10-10-13-20-0.jpg,.jpg,0.2216,data\raw\cgmacros\CGMacros\CGMacros-017\photos\00000005-PHOTO-2023-10-10-13-20-0.jpg
00000006-PHOTO-2023-10-10-13-27-0.jpg,.jpg,0.3164,data\raw\cgmacros\CGMacros\CGMacros-017\photos\00000006-PHOTO-2023-10-10-13-27-0.jpg
00000007-PHOTO-2023-10-11-10-21-0.jpg,.jpg,0.1246,data\raw\cgmacros\CGMacros\CGMacros-017\photos\00000007-PHOTO-2023-10-11-10-21-0.jpg
00000008-PHOTO-2023-10-11-10-23-0.jpg,.jpg,0.1162,data\raw\cgmacros\CGMacros\CGMacros-017\photos\00000008-PHOTO-2023-10-11-10-23-0.jpg
00000009-PHOTO-2023-10-11-14-11-0.jpg,.jpg,0.1658,data\raw\cgmacros\CGMacros\CGMacros-017\photos\00000009-PHOTO-2023-10-11-14-11-0.jpg
00000010-PHOTO-2023-10-11-14-33-0.jpg,.jpg,0.118,data\raw\cgmacros\CGMacros\CGMacros-017\photos\00000010-PHOTO-2023-10-11-14-33-0.jpg
00000011-PHOTO-2023-10-11-20-42-0.jpg,.jpg,0.0714,data\raw\cgmacros\CGMacros\CGMacros-017\photos\00000011-PHOTO-2023-10-11-20-42-0.jpg
00000012-PHOTO-2023-10-11-20-42-0.jpg,.jpg,0.0716,data\raw\cgmacros\CGMacros\CGMacros-017\photos\00000012-PHOTO-2023-10-11-20-42-0.jpg
00000013-PHOTO-2023-10-11-22-15-0.jpg,.jpg,0.1017,data\raw\cgmacros\CGMacros\CGMacros-017\photos\00000013-PHOTO-2023-10-11-22-15-0.jpg
00000014-PHOTO-2023-10-11-22-35-0.jpg,.jpg,0.1073,data\raw\cgmacros\CGMacros\CGMacros-017\photos\00000014-PHOTO-2023-10-11-22-35-0.jpg
00000015-PHOTO-2023-10-11-22-38-0.jpg,.jpg,0.0771,data\raw\cgmacros\CGMacros\CGMacros-017\photos\00000015-PHOTO-2023-10-11-22-38-0.jpg
00000016-PHOTO-2023-10-12-11-39-0.jpg,.jpg,0.1058,data\raw\cgmacros\CGMacros\CGMacros-017\photos\00000016-PHOTO-2023-10-12-11-39-0.jpg
00000017-PHOTO-2023-10-12-11-43-0.jpg,.jpg,0.1006,data\raw\cgmacros\CGMacros\CGMacros-017\photos\00000017-PHOTO-2023-10-12-11-43-0.jpg
00000018-PHOTO-2023-10-12-13-31-0.jpg,.jpg,0.1355,data\raw\cgmacros\CGMacros\CGMacros-017\photos\00000018-PHOTO-2023-10-12-13-31-0.jpg
00000019-PHOTO-2023-10-12-13-49-0.jpg,.jpg,0.1163,data\raw\cgmacros\CGMacros\CGMacros-017\photos\00000019-PHOTO-2023-10-12-13-49-0.jpg
00000020-PHOTO-2023-10-12-14-43-0.jpg,.jpg,0.1712,data\raw\cgmacros\CGMacros\CGMacros-017\photos\00000020-PHOTO-2023-10-12-14-43-0.jpg
00000021-PHOTO-2023-10-12-14-50-0.jpg,.jpg,0.143,data\raw\cgmacros\CGMacros\CGMacros-017\photos\00000021-PHOTO-2023-10-12-14-50-0.jpg
00000022-PHOTO-2023-10-12-20-27-0.jpg,.jpg,0.0741,data\raw\cgmacros\CGMacros\CGMacros-017\photos\00000022-PHOTO-2023-10-12-20-27-0.jpg
00000023-PHOTO-2023-10-12-20-29-0.jpg,.jpg,0.0843,data\raw\cgmacros\CGMacros\CGMacros-017\photos\00000023-PHOTO-2023-10-12-20-29-0.jpg
00000024-PHOTO-2023-10-12-21-50-0.jpg,.jpg,0.196,data\raw\cgmacros\CGMacros\CGMacros-017\photos\00000024-PHOTO-2023-10-12-21-50-0.jpg
00000025-PHOTO-2023-10-12-21-52-0.jpg,.jpg,0.1135,data\raw\cgmacros\CGMacros\CGMacros-017\photos\00000025-PHOTO-2023-10-12-21-52-0.jpg
00000026-PHOTO-2023-10-12-22-17-0.jpg,.jpg,0.1903,data\raw\cgmacros\CGMacros\CGMacros-017\photos\00000026-PHOTO-2023-10-12-22-17-0.jpg
00000027-PHOTO-2023-10-12-22-26-0.jpg,.jpg,0.1311,data\raw\cgmacros\CGMacros\CGMacros-017\photos\00000027-PHOTO-2023-10-12-22-26-0.jpg
00000028-PHOTO-2023-10-13-11-36-0.jpg,.jpg,0.1386,data\raw\cgmacros\CGMacros\CGMacros-017\photos\00000028-PHOTO-2023-10-13-11-36-0.jpg
00000029-PHOTO-2023-10-13-11-38-0.jpg,.jpg,0.1402,data\raw\cgmacros\CGMacros\CGMacros-017\photos\00000029-PHOTO-2023-10-13-11-38-0.jpg
00000030-PHOTO-2023-10-13-15-5-0.jpg,.jpg,0.1634,data\raw\cgmacros\CGMacros\CGMacros-017\photos\00000030-PHOTO-2023-10-13-15-5-0.jpg
00000031-PHOTO-2023-10-13-15-9-0.jpg,.jpg,0.2262,data\raw\cgmacros\CGMacros\CGMacros-017\photos\00000031-PHOTO-2023-10-13-15-9-0.jpg
00000032-PHOTO-2023-10-13-19-1-0.jpg,.jpg,0.06,data\raw\cgmacros\CGMacros\CGMacros-017\photos\00000032-PHOTO-2023-10-13-19-1-0.jpg
00000033-PHOTO-2023-10-13-19-3-0.jpg,.jpg,0.0839,data\raw\cgmacros\CGMacros\CGMacros-017\photos\00000033-PHOTO-2023-10-13-19-3-0.jpg
00000034-PHOTO-2023-10-13-19-14-0.jpg,.jpg,0.0788,data\raw\cgmacros\CGMacros\CGMacros-017\photos\00000034-PHOTO-2023-10-13-19-14-0.jpg
00000035-PHOTO-2023-10-13-19-17-0.jpg,.jpg,0.0829,data\raw\cgmacros\CGMacros\CGMacros-017\photos\00000035-PHOTO-2023-10-13-19-17-0.jpg
00000036-PHOTO-2023-10-13-22-7-0.jpg,.jpg,0.147,data\raw\cgmacros\CGMacros\CGMacros-017\photos\00000036-PHOTO-2023-10-13-22-7-0.jpg
00000037-PHOTO-2023-10-13-22-13-0.jpg,.jpg,0.1529,data\raw\cgmacros\CGMacros\CGMacros-017\photos\00000037-PHOTO-2023-10-13-22-13-0.jpg
00000038-PHOTO-2023-10-13-22-15-0.jpg,.jpg,0.0882,data\raw\cgmacros\CGMacros\CGMacros-017\photos\00000038-PHOTO-2023-10-13-22-15-0.jpg
00000039-PHOTO-2023-10-13-22-17-0.jpg,.jpg,0.0593,data\raw\cgmacros\CGMacros\CGMacros-017\photos\00000039-PHOTO-2023-10-13-22-17-0.jpg
00000040-PHOTO-2023-10-14-8-27-0.jpg,.jpg,0.1242,data\raw\cgmacros\CGMacros\CGMacros-017\photos\00000040-PHOTO-2023-10-14-8-27-0.jpg
00000041-PHOTO-2023-10-14-8-33-0.jpg,.jpg,0.1265,data\raw\cgmacros\CGMacros\CGMacros-017\photos\00000041-PHOTO-2023-10-14-8-33-0.jpg
00000042-PHOTO-2023-10-14-13-4-0.jpg,.jpg,0.1457,data\raw\cgmacros\CGMacros\CGMacros-017\photos\00000042-PHOTO-2023-10-14-13-4-0.jpg
00000043-PHOTO-2023-10-14-13-18-0.jpg,.jpg,0.1492,data\raw\cgmacros\CGMacros\CGMacros-017\photos\00000043-PHOTO-2023-10-14-13-18-0.jpg
00000044-PHOTO-2023-10-14-17-59-0.jpg,.jpg,0.1999,data\raw\cgmacros\CGMacros\CGMacros-017\photos\00000044-PHOTO-2023-10-14-17-59-0.jpg
00000045-PHOTO-2023-10-14-18-46-0.jpg,.jpg,0.1997,data\raw\cgmacros\CGMacros\CGMacros-017\photos\00000045-PHOTO-2023-10-14-18-46-0.jpg
00000046-PHOTO-2023-10-14-18-47-0.jpg,.jpg,0.1353,data\raw\cgmacros\CGMacros\CGMacros-017\photos\00000046-PHOTO-2023-10-14-18-47-0.jpg
00000047-PHOTO-2023-10-14-18-47-0.jpg,.jpg,0.0904,data\raw\cgmacros\CGMacros\CGMacros-017\photos\00000047-PHOTO-2023-10-14-18-47-0.jpg
00000048-PHOTO-2023-10-14-18-54-0.jpg,.jpg,0.1755,data\raw\cgmacros\CGMacros\CGMacros-017\photos\00000048-PHOTO-2023-10-14-18-54-0.jpg
00000049-PHOTO-2023-10-14-18-54-0.jpg,.jpg,0.1739,data\raw\cgmacros\CGMacros\CGMacros-017\photos\00000049-PHOTO-2023-10-14-18-54-0.jpg
00000050-PHOTO-2023-10-14-18-54-0.jpg,.jpg,0.0931,data\raw\cgmacros\CGMacros\CGMacros-017\photos\00000050-PHOTO-2023-10-14-18-54-0.jpg
00000051-PHOTO-2023-10-14-18-57-0.jpg,.jpg,0.098,data\raw\cgmacros\CGMacros\CGMacros-017\photos\00000051-PHOTO-2023-10-14-18-57-0.jpg
00000052-PHOTO-2023-10-14-18-57-0.jpg,.jpg,0.1349,data\raw\cgmacros\CGMacros\CGMacros-017\photos\00000052-PHOTO-2023-10-14-18-57-0.jpg
00000053-PHOTO-2023-10-14-19-17-0.jpg,.jpg,0.1749,data\raw\cgmacros\CGMacros\CGMacros-017\photos\00000053-PHOTO-2023-10-14-19-17-0.jpg
00000054-PHOTO-2023-10-14-21-0-0.jpg,.jpg,0.0762,data\raw\cgmacros\CGMacros\CGMacros-017\photos\00000054-PHOTO-2023-10-14-21-0-0.jpg
00000055-PHOTO-2023-10-14-21-32-0.jpg,.jpg,0.0957,data\raw\cgmacros\CGMacros\CGMacros-017\photos\00000055-PHOTO-2023-10-14-21-32-0.jpg
00000056-PHOTO-2023-10-14-21-39-0.jpg,.jpg,0.081,data\raw\cgmacros\CGMacros\CGMacros-017\photos\00000056-PHOTO-2023-10-14-21-39-0.jpg
00000057-PHOTO-2023-10-14-22-9-0.jpg,.jpg,0.1061,data\raw\cgmacros\CGMacros\CGMacros-017\photos\00000057-PHOTO-2023-10-14-22-9-0.jpg
00000058-PHOTO-2023-10-14-22-15-0.jpg,.jpg,0.089,data\raw\cgmacros\CGMacros\CGMacros-017\photos\00000058-PHOTO-2023-10-14-22-15-0.jpg
00000059-PHOTO-2023-10-14-23-22-0.jpg,.jpg,0.1269,data\raw\cgmacros\CGMacros\CGMacros-017\photos\00000059-PHOTO-2023-10-14-23-22-0.jpg
00000060-PHOTO-2023-10-15-11-0-0.jpg,.jpg,0.0971,data\raw\cgmacros\CGMacros\CGMacros-017\photos\00000060-PHOTO-2023-10-15-11-0-0.jpg
00000061-PHOTO-2023-10-15-11-1-0.jpg,.jpg,0.1123,data\raw\cgmacros\CGMacros\CGMacros-017\photos\00000061-PHOTO-2023-10-15-11-1-0.jpg
00000062-PHOTO-2023-10-15-14-6-0.jpg,.jpg,0.1738,data\raw\cgmacros\CGMacros\CGMacros-017\photos\00000062-PHOTO-2023-10-15-14-6-0.jpg
00000063-PHOTO-2023-10-15-14-14-0.jpg,.jpg,0.1304,data\raw\cgmacros\CGMacros\CGMacros-017\photos\00000063-PHOTO-2023-10-15-14-14-0.jpg
00000064-PHOTO-2023-10-15-19-42-0.jpg,.jpg,0.1036,data\raw\cgmacros\CGMacros\CGMacros-017\photos\00000064-PHOTO-2023-10-15-19-42-0.jpg
00000065-PHOTO-2023-10-15-19-43-0.jpg,.jpg,0.0858,data\raw\cgmacros\CGMacros\CGMacros-017\photos\00000065-PHOTO-2023-10-15-19-43-0.jpg
00000066-PHOTO-2023-10-15-19-46-0.jpg,.jpg,0.0801,data\raw\cgmacros\CGMacros\CGMacros-017\photos\00000066-PHOTO-2023-10-15-19-46-0.jpg
00000067-PHOTO-2023-10-15-19-47-0.jpg,.jpg,0.0759,data\raw\cgmacros\CGMacros\CGMacros-017\photos\00000067-PHOTO-2023-10-15-19-47-0.jpg
00000068-PHOTO-2023-10-15-20-3-0.jpg,.jpg,0.0803,data\raw\cgmacros\CGMacros\CGMacros-017\photos\00000068-PHOTO-2023-10-15-20-3-0.jpg
00000069-PHOTO-2023-10-15-20-4-0.jpg,.jpg,0.0691,data\raw\cgmacros\CGMacros\CGMacros-017\photos\00000069-PHOTO-2023-10-15-20-4-0.jpg
00000070-PHOTO-2023-10-15-20-21-0.jpg,.jpg,0.066,data\raw\cgmacros\CGMacros\CGMacros-017\photos\00000070-PHOTO-2023-10-15-20-21-0.jpg
00000071-PHOTO-2023-10-16-1-19-0.jpg,.jpg,0.1453,data\raw\cgmacros\CGMacros\CGMacros-017\photos\00000071-PHOTO-2023-10-16-1-19-0.jpg
00000072-PHOTO-2023-10-16-1-29-0.jpg,.jpg,0.0983,data\raw\cgmacros\CGMacros\CGMacros-017\photos\00000072-PHOTO-2023-10-16-1-29-0.jpg
00000073-PHOTO-2023-10-16-2-25-0.jpg,.jpg,0.1571,data\raw\cgmacros\CGMacros\CGMacros-017\photos\00000073-PHOTO-2023-10-16-2-25-0.jpg
00000074-PHOTO-2023-10-16-2-26-0.jpg,.jpg,0.115,data\raw\cgmacros\CGMacros\CGMacros-017\photos\00000074-PHOTO-2023-10-16-2-26-0.jpg
00000075-PHOTO-2023-10-16-9-41-0.jpg,.jpg,0.0754,data\raw\cgmacros\CGMacros\CGMacros-017\photos\00000075-PHOTO-2023-10-16-9-41-0.jpg
00000076-PHOTO-2023-10-16-9-43-0.jpg,.jpg,0.0751,data\raw\cgmacros\CGMacros\CGMacros-017\photos\00000076-PHOTO-2023-10-16-9-43-0.jpg
00000077-PHOTO-2023-10-16-12-8-0.jpg,.jpg,0.0752,data\raw\cgmacros\CGMacros\CGMacros-017\photos\00000077-PHOTO-2023-10-16-12-8-0.jpg
00000078-PHOTO-2023-10-16-12-41-0.jpg,.jpg,0.0743,data\raw\cgmacros\CGMacros\CGMacros-017\photos\00000078-PHOTO-2023-10-16-12-41-0.jpg
00000079-PHOTO-2023-10-16-12-47-0.jpg,.jpg,0.1756,data\raw\cgmacros\CGMacros\CGMacros-017\photos\00000079-PHOTO-2023-10-16-12-47-0.jpg
00000080-PHOTO-2023-10-16-12-51-0.jpg,.jpg,0.1469,data\raw\cgmacros\CGMacros\CGMacros-017\photos\00000080-PHOTO-2023-10-16-12-51-0.jpg
00000081-PHOTO-2023-10-16-22-16-0.jpg,.jpg,0.1797,data\raw\cgmacros\CGMacros\CGMacros-017\photos\00000081-PHOTO-2023-10-16-22-16-0.jpg
00000082-PHOTO-2023-10-16-22-33-0.jpg,.jpg,0.1383,data\raw\cgmacros\CGMacros\CGMacros-017\photos\00000082-PHOTO-2023-10-16-22-33-0.jpg
00000083-PHOTO-2023-10-17-11-12-0.jpg,.jpg,0.1322,data\raw\cgmacros\CGMacros\CGMacros-017\photos\00000083-PHOTO-2023-10-17-11-12-0.jpg
00000084-PHOTO-2023-10-17-11-18-0.jpg,.jpg,0.1162,data\raw\cgmacros\CGMacros\CGMacros-017\photos\00000084-PHOTO-2023-10-17-11-18-0.jpg
00000085-PHOTO-2023-10-17-15-35-0.jpg,.jpg,0.1732,data\raw\cgmacros\CGMacros\CGMacros-017\photos\00000085-PHOTO-2023-10-17-15-35-0.jpg
00000086-PHOTO-2023-10-17-15-49-0.jpg,.jpg,0.1104,data\raw\cgmacros\CGMacros\CGMacros-017\photos\00000086-PHOTO-2023-10-17-15-49-0.jpg
00000087-PHOTO-2023-10-17-18-19-0.jpg,.jpg,0.1317,data\raw\cgmacros\CGMacros\CGMacros-017\photos\00000087-PHOTO-2023-10-17-18-19-0.jpg
00000088-PHOTO-2023-10-17-18-46-0.jpg,.jpg,0.2022,data\raw\cgmacros\CGMacros\CGMacros-017\photos\00000088-PHOTO-2023-10-17-18-46-0.jpg
00000089-PHOTO-2023-10-17-20-13-0.jpg,.jpg,0.1443,data\raw\cgmacros\CGMacros\CGMacros-017\photos\00000089-PHOTO-2023-10-17-20-13-0.jpg
00000090-PHOTO-2023-10-17-20-21-0.jpg,.jpg,0.2045,data\raw\cgmacros\CGMacros\CGMacros-017\photos\00000090-PHOTO-2023-10-17-20-21-0.jpg
00000091-PHOTO-2023-10-18-11-43-0.jpg,.jpg,0.074,data\raw\cgmacros\CGMacros\CGMacros-017\photos\00000091-PHOTO-2023-10-18-11-43-0.jpg
00000092-PHOTO-2023-10-18-11-56-0.jpg,.jpg,0.1399,data\raw\cgmacros\CGMacros\CGMacros-017\photos\00000092-PHOTO-2023-10-18-11-56-0.jpg
00000093-PHOTO-2023-10-18-13-30-0.jpg,.jpg,0.0924,data\raw\cgmacros\CGMacros\CGMacros-017\photos\00000093-PHOTO-2023-10-18-13-30-0.jpg
00000094-PHOTO-2023-10-18-13-58-0.jpg,.jpg,0.1025,data\raw\cgmacros\CGMacros\CGMacros-017\photos\00000094-PHOTO-2023-10-18-13-58-0.jpg
00000095-PHOTO-2023-10-18-15-1-0.jpg,.jpg,0.2359,data\raw\cgmacros\CGMacros\CGMacros-017\photos\00000095-PHOTO-2023-10-18-15-1-0.jpg
00000096-PHOTO-2023-10-18-15-10-0.jpg,.jpg,0.1595,data\raw\cgmacros\CGMacros\CGMacros-017\photos\00000096-PHOTO-2023-10-18-15-10-0.jpg
00000097-PHOTO-2023-10-18-15-28-0.jpg,.jpg,0.1596,data\raw\cgmacros\CGMacros\CGMacros-017\photos\00000097-PHOTO-2023-10-18-15-28-0.jpg
00000098-PHOTO-2023-10-18-16-28-0.jpg,.jpg,0.1184,data\raw\cgmacros\CGMacros\CGMacros-017\photos\00000098-PHOTO-2023-10-18-16-28-0.jpg
00000099-PHOTO-2023-10-18-18-8-0.jpg,.jpg,0.1071,data\raw\cgmacros\CGMacros\CGMacros-017\photos\00000099-PHOTO-2023-10-18-18-8-0.jpg
00000100-PHOTO-2023-10-18-20-10-0.jpg,.jpg,0.1267,data\raw\cgmacros\CGMacros\CGMacros-017\photos\00000100-PHOTO-2023-10-18-20-10-0.jpg
00000101-PHOTO-2023-10-18-20-46-0.jpg,.jpg,0.138,data\raw\cgmacros\CGMacros\CGMacros-017\photos\00000101-PHOTO-2023-10-18-20-46-0.jpg
00000102-PHOTO-2023-10-18-20-51-0.jpg,.jpg,0.1511,data\raw\cgmacros\CGMacros\CGMacros-017\photos\00000102-PHOTO-2023-10-18-20-51-0.jpg
00000103-PHOTO-2023-10-19-0-6-0.jpg,.jpg,0.1226,data\raw\cgmacros\CGMacros\CGMacros-017\photos\00000103-PHOTO-2023-10-19-0-6-0.jpg
00000104-PHOTO-2023-10-19-0-11-0.jpg,.jpg,0.1278,data\raw\cgmacros\CGMacros\CGMacros-017\photos\00000104-PHOTO-2023-10-19-0-11-0.jpg
00000105-PHOTO-2023-10-19-8-30-0.jpg,.jpg,0.0781,data\raw\cgmacros\CGMacros\CGMacros-017\photos\00000105-PHOTO-2023-10-19-8-30-0.jpg
00000106-PHOTO-2023-10-19-8-32-0.jpg,.jpg,0.0664,data\raw\cgmacros\CGMacros\CGMacros-017\photos\00000106-PHOTO-2023-10-19-8-32-0.jpg
00000107-PHOTO-2023-10-19-12-51-0.jpg,.jpg,0.1707,data\raw\cgmacros\CGMacros\CGMacros-017\photos\00000107-PHOTO-2023-10-19-12-51-0.jpg
00000108-PHOTO-2023-10-19-12-59-0.jpg,.jpg,0.1045,data\raw\cgmacros\CGMacros\CGMacros-017\photos\00000108-PHOTO-2023-10-19-12-59-0.jpg
00000109-PHOTO-2023-10-19-13-5-0.jpg,.jpg,0.1139,data\raw\cgmacros\CGMacros\CGMacros-017\photos\00000109-PHOTO-2023-10-19-13-5-0.jpg
00000110-PHOTO-2023-10-19-13-9-0.jpg,.jpg,0.1071,data\raw\cgmacros\CGMacros\CGMacros-017\photos\00000110-PHOTO-2023-10-19-13-9-0.jpg
00000111-PHOTO-2023-10-19-19-2-0.jpg,.jpg,0.1547,data\raw\cgmacros\CGMacros\CGMacros-017\photos\00000111-PHOTO-2023-10-19-19-2-0.jpg
00000112-PHOTO-2023-10-19-19-30-0.jpg,.jpg,0.2213,data\raw\cgmacros\CGMacros\CGMacros-017\photos\00000112-PHOTO-2023-10-19-19-30-0.jpg
00000113-PHOTO-2023-10-20-16-40-0.jpg,.jpg,0.0806,data\raw\cgmacros\CGMacros\CGMacros-017\photos\00000113-PHOTO-2023-10-20-16-40-0.jpg
00000114-PHOTO-2023-10-20-16-42-0.jpg,.jpg,0.0707,data\raw\cgmacros\CGMacros\CGMacros-017\photos\00000114-PHOTO-2023-10-20-16-42-0.jpg
dinner-PHOTO-2023-10-10-20-30-0.jpg,.jpg,0.0135,data\raw\cgmacros\CGMacros\CGMacros-017\photos\dinner-PHOTO-2023-10-10-20-30-0.jpg
dinner-PHOTO-2023-10-19-21-0-0.jpg,.jpg,0.0198,data\raw\cgmacros\CGMacros\CGMacros-017\photos\dinner-PHOTO-2023-10-19-21-0-0.jpg
snack-PHOTO-2023-10-10-22-40-0.jpg,.jpg,0.0117,data\raw\cgmacros\CGMacros\CGMacros-017\photos\snack-PHOTO-2023-10-10-22-40-0.jpg
00000002-PHOTO-2023-7-6-9-54-0.jpg,.jpg,0.0826,data\raw\cgmacros\CGMacros\CGMacros-016\photos\00000002-PHOTO-2023-7-6-9-54-0.jpg
00000003-PHOTO-2023-7-14-8-32-0.jpg,.jpg,0.0674,data\raw\cgmacros\CGMacros\CGMacros-016\photos\00000003-PHOTO-2023-7-14-8-32-0.jpg
00000004-PHOTO-2023-7-14-8-41-0.jpg,.jpg,0.1066,data\raw\cgmacros\CGMacros\CGMacros-016\photos\00000004-PHOTO-2023-7-14-8-41-0.jpg
00000005-PHOTO-2023-7-14-11-58-0.jpg,.jpg,0.2028,data\raw\cgmacros\CGMacros\CGMacros-016\photos\00000005-PHOTO-2023-7-14-11-58-0.jpg
00000006-PHOTO-2023-7-14-12-28-0.jpg,.jpg,0.194,data\raw\cgmacros\CGMacros\CGMacros-016\photos\00000006-PHOTO-2023-7-14-12-28-0.jpg
00000007-PHOTO-2023-7-14-17-48-0.jpg,.jpg,0.1456,data\raw\cgmacros\CGMacros\CGMacros-016\photos\00000007-PHOTO-2023-7-14-17-48-0.jpg
00000008-PHOTO-2023-7-14-19-40-0.jpg,.jpg,0.1622,data\raw\cgmacros\CGMacros\CGMacros-016\photos\00000008-PHOTO-2023-7-14-19-40-0.jpg
00000009-PHOTO-2023-7-15-8-17-0.jpg,.jpg,0.1426,data\raw\cgmacros\CGMacros\CGMacros-016\photos\00000009-PHOTO-2023-7-15-8-17-0.jpg
00000010-PHOTO-2023-7-15-8-34-0.jpg,.jpg,0.141,data\raw\cgmacros\CGMacros\CGMacros-016\photos\00000010-PHOTO-2023-7-15-8-34-0.jpg
00000011-PHOTO-2023-7-15-12-13-0.jpg,.jpg,0.1081,data\raw\cgmacros\CGMacros\CGMacros-016\photos\00000011-PHOTO-2023-7-15-12-13-0.jpg
00000012-PHOTO-2023-7-15-12-43-0.jpg,.jpg,0.0875,data\raw\cgmacros\CGMacros\CGMacros-016\photos\00000012-PHOTO-2023-7-15-12-43-0.jpg
00000013-PHOTO-2023-7-15-17-26-0.jpg,.jpg,0.0987,data\raw\cgmacros\CGMacros\CGMacros-016\photos\00000013-PHOTO-2023-7-15-17-26-0.jpg
00000014-PHOTO-2023-7-15-17-30-0.jpg,.jpg,0.1128,data\raw\cgmacros\CGMacros\CGMacros-016\photos\00000014-PHOTO-2023-7-15-17-30-0.jpg
00000015-PHOTO-2023-7-15-19-4-0.jpg,.jpg,0.0564,data\raw\cgmacros\CGMacros\CGMacros-016\photos\00000015-PHOTO-2023-7-15-19-4-0.jpg
00000016-PHOTO-2023-7-15-21-26-0.jpg,.jpg,0.0617,data\raw\cgmacros\CGMacros\CGMacros-016\photos\00000016-PHOTO-2023-7-15-21-26-0.jpg
00000017-PHOTO-2023-7-16-7-32-0.jpg,.jpg,0.0611,data\raw\cgmacros\CGMacros\CGMacros-016\photos\00000017-PHOTO-2023-7-16-7-32-0.jpg
00000018-PHOTO-2023-7-16-7-47-0.jpg,.jpg,0.1164,data\raw\cgmacros\CGMacros\CGMacros-016\photos\00000018-PHOTO-2023-7-16-7-47-0.jpg
00000019-PHOTO-2023-7-16-12-6-0.jpg,.jpg,0.1706,data\raw\cgmacros\CGMacros\CGMacros-016\photos\00000019-PHOTO-2023-7-16-12-6-0.jpg
00000020-PHOTO-2023-7-16-12-33-0.jpg,.jpg,0.1269,data\raw\cgmacros\CGMacros\CGMacros-016\photos\00000020-PHOTO-2023-7-16-12-33-0.jpg
00000021-PHOTO-2023-7-16-18-3-0.jpg,.jpg,0.1856,data\raw\cgmacros\CGMacros\CGMacros-016\photos\00000021-PHOTO-2023-7-16-18-3-0.jpg
00000022-PHOTO-2023-7-16-18-6-0.jpg,.jpg,0.0955,data\raw\cgmacros\CGMacros\CGMacros-016\photos\00000022-PHOTO-2023-7-16-18-6-0.jpg
00000023-PHOTO-2023-7-16-19-19-0.jpg,.jpg,0.0641,data\raw\cgmacros\CGMacros\CGMacros-016\photos\00000023-PHOTO-2023-7-16-19-19-0.jpg
00000024-PHOTO-2023-7-17-7-31-0.jpg,.jpg,0.0674,data\raw\cgmacros\CGMacros\CGMacros-016\photos\00000024-PHOTO-2023-7-17-7-31-0.jpg
00000025-PHOTO-2023-7-17-7-46-0.jpg,.jpg,0.0746,data\raw\cgmacros\CGMacros\CGMacros-016\photos\00000025-PHOTO-2023-7-17-7-46-0.jpg
00000026-PHOTO-2023-7-17-12-24-0.jpg,.jpg,0.0923,data\raw\cgmacros\CGMacros\CGMacros-016\photos\00000026-PHOTO-2023-7-17-12-24-0.jpg
00000027-PHOTO-2023-7-17-12-41-0.jpg,.jpg,0.0857,data\raw\cgmacros\CGMacros\CGMacros-016\photos\00000027-PHOTO-2023-7-17-12-41-0.jpg
00000028-PHOTO-2023-7-17-18-37-0.jpg,.jpg,0.0826,data\raw\cgmacros\CGMacros\CGMacros-016\photos\00000028-PHOTO-2023-7-17-18-37-0.jpg
00000029-PHOTO-2023-7-17-18-59-0.jpg,.jpg,0.0919,data\raw\cgmacros\CGMacros\CGMacros-016\photos\00000029-PHOTO-2023-7-17-18-59-0.jpg
00000030-PHOTO-2023-7-17-21-3-0.jpg,.jpg,0.1261,data\raw\cgmacros\CGMacros\CGMacros-016\photos\00000030-PHOTO-2023-7-17-21-3-0.jpg
00000031-PHOTO-2023-7-17-21-20-0.jpg,.jpg,0.13,data\raw\cgmacros\CGMacros\CGMacros-016\photos\00000031-PHOTO-2023-7-17-21-20-0.jpg
00000032-PHOTO-2023-7-18-7-53-0.jpg,.jpg,0.088,data\raw\cgmacros\CGMacros\CGMacros-016\photos\00000032-PHOTO-2023-7-18-7-53-0.jpg
00000033-PHOTO-2023-7-18-8-7-0.jpg,.jpg,0.1068,data\raw\cgmacros\CGMacros\CGMacros-016\photos\00000033-PHOTO-2023-7-18-8-7-0.jpg
00000034-PHOTO-2023-7-18-12-22-0.jpg,.jpg,0.1923,data\raw\cgmacros\CGMacros\CGMacros-016\photos\00000034-PHOTO-2023-7-18-12-22-0.jpg
00000035-PHOTO-2023-7-18-12-42-0.jpg,.jpg,0.1774,data\raw\cgmacros\CGMacros\CGMacros-016\photos\00000035-PHOTO-2023-7-18-12-42-0.jpg
00000036-PHOTO-2023-7-18-17-6-0.jpg,.jpg,0.0968,data\raw\cgmacros\CGMacros\CGMacros-016\photos\00000036-PHOTO-2023-7-18-17-6-0.jpg
00000037-PHOTO-2023-7-18-17-9-0.jpg,.jpg,0.0914,data\raw\cgmacros\CGMacros\CGMacros-016\photos\00000037-PHOTO-2023-7-18-17-9-0.jpg
00000038-PHOTO-2023-7-18-19-27-0.jpg,.jpg,0.1123,data\raw\cgmacros\CGMacros\CGMacros-016\photos\00000038-PHOTO-2023-7-18-19-27-0.jpg
00000039-PHOTO-2023-7-18-19-49-0.jpg,.jpg,0.059,data\raw\cgmacros\CGMacros\CGMacros-016\photos\00000039-PHOTO-2023-7-18-19-49-0.jpg
00000040-PHOTO-2023-7-18-21-47-0.jpg,.jpg,0.0631,data\raw\cgmacros\CGMacros\CGMacros-016\photos\00000040-PHOTO-2023-7-18-21-47-0.jpg
00000041-PHOTO-2023-7-19-7-42-0.jpg,.jpg,0.0747,data\raw\cgmacros\CGMacros\CGMacros-016\photos\00000041-PHOTO-2023-7-19-7-42-0.jpg
00000042-PHOTO-2023-7-19-7-53-0.jpg,.jpg,0.1147,data\raw\cgmacros\CGMacros\CGMacros-016\photos\00000042-PHOTO-2023-7-19-7-53-0.jpg
00000043-PHOTO-2023-7-19-21-18-0.jpg,.jpg,0.0941,data\raw\cgmacros\CGMacros\CGMacros-016\photos\00000043-PHOTO-2023-7-19-21-18-0.jpg
00000044-PHOTO-2023-7-20-7-32-0.jpg,.jpg,0.1115,data\raw\cgmacros\CGMacros\CGMacros-016\photos\00000044-PHOTO-2023-7-20-7-32-0.jpg
00000045-PHOTO-2023-7-20-7-45-0.jpg,.jpg,0.0994,data\raw\cgmacros\CGMacros\CGMacros-016\photos\00000045-PHOTO-2023-7-20-7-45-0.jpg
00000046-PHOTO-2023-7-20-12-15-0.jpg,.jpg,0.1359,data\raw\cgmacros\CGMacros\CGMacros-016\photos\00000046-PHOTO-2023-7-20-12-15-0.jpg
00000047-PHOTO-2023-7-20-12-29-0.jpg,.jpg,0.2838,data\raw\cgmacros\CGMacros\CGMacros-016\photos\00000047-PHOTO-2023-7-20-12-29-0.jpg
00000048-PHOTO-2023-7-20-17-54-0.jpg,.jpg,0.1378,data\raw\cgmacros\CGMacros\CGMacros-016\photos\00000048-PHOTO-2023-7-20-17-54-0.jpg
00000049-PHOTO-2023-7-20-18-7-0.jpg,.jpg,0.0778,data\raw\cgmacros\CGMacros\CGMacros-016\photos\00000049-PHOTO-2023-7-20-18-7-0.jpg
00000050-PHOTO-2023-7-20-21-43-0.jpg,.jpg,0.0579,data\raw\cgmacros\CGMacros\CGMacros-016\photos\00000050-PHOTO-2023-7-20-21-43-0.jpg
00000051-PHOTO-2023-7-20-21-52-0.jpg,.jpg,0.077,data\raw\cgmacros\CGMacros\CGMacros-016\photos\00000051-PHOTO-2023-7-20-21-52-0.jpg
00000052-PHOTO-2023-7-20-21-54-0.jpg,.jpg,0.0829,data\raw\cgmacros\CGMacros\CGMacros-016\photos\00000052-PHOTO-2023-7-20-21-54-0.jpg
00000053-PHOTO-2023-7-21-9-9-0.jpg,.jpg,0.088,data\raw\cgmacros\CGMacros\CGMacros-016\photos\00000053-PHOTO-2023-7-21-9-9-0.jpg
00000054-PHOTO-2023-7-21-9-20-0.jpg,.jpg,0.1067,data\raw\cgmacros\CGMacros\CGMacros-016\photos\00000054-PHOTO-2023-7-21-9-20-0.jpg
00000055-PHOTO-2023-7-21-12-24-0.jpg,.jpg,0.2492,data\raw\cgmacros\CGMacros\CGMacros-016\photos\00000055-PHOTO-2023-7-21-12-24-0.jpg
00000056-PHOTO-2023-7-21-12-41-0.jpg,.jpg,0.206,data\raw\cgmacros\CGMacros\CGMacros-016\photos\00000056-PHOTO-2023-7-21-12-41-0.jpg
00000057-PHOTO-2023-7-21-15-51-0.jpg,.jpg,0.0934,data\raw\cgmacros\CGMacros\CGMacros-016\photos\00000057-PHOTO-2023-7-21-15-51-0.jpg
00000058-PHOTO-2023-7-21-16-15-0.jpg,.jpg,0.0804,data\raw\cgmacros\CGMacros\CGMacros-016\photos\00000058-PHOTO-2023-7-21-16-15-0.jpg
00000059-PHOTO-2023-7-21-19-46-0.jpg,.jpg,0.0659,data\raw\cgmacros\CGMacros\CGMacros-016\photos\00000059-PHOTO-2023-7-21-19-46-0.jpg
00000060-PHOTO-2023-7-21-20-41-0.jpg,.jpg,0.0911,data\raw\cgmacros\CGMacros\CGMacros-016\photos\00000060-PHOTO-2023-7-21-20-41-0.jpg
00000061-PHOTO-2023-7-21-20-41-0.jpg,.jpg,0.0884,data\raw\cgmacros\CGMacros\CGMacros-016\photos\00000061-PHOTO-2023-7-21-20-41-0.jpg
00000062-PHOTO-2023-7-21-20-41-0.jpg,.jpg,0.0944,data\raw\cgmacros\CGMacros\CGMacros-016\photos\00000062-PHOTO-2023-7-21-20-41-0.jpg
00000063-PHOTO-2023-7-22-9-45-0.jpg,.jpg,0.0887,data\raw\cgmacros\CGMacros\CGMacros-016\photos\00000063-PHOTO-2023-7-22-9-45-0.jpg
00000064-PHOTO-2023-7-22-9-56-0.jpg,.jpg,0.1091,data\raw\cgmacros\CGMacros\CGMacros-016\photos\00000064-PHOTO-2023-7-22-9-56-0.jpg
00000065-PHOTO-2023-7-22-13-19-0.jpg,.jpg,0.1597,data\raw\cgmacros\CGMacros\CGMacros-016\photos\00000065-PHOTO-2023-7-22-13-19-0.jpg
00000066-PHOTO-2023-7-22-13-29-0.jpg,.jpg,0.2021,data\raw\cgmacros\CGMacros\CGMacros-016\photos\00000066-PHOTO-2023-7-22-13-29-0.jpg
00000067-PHOTO-2023-7-22-17-35-0.jpg,.jpg,0.1959,data\raw\cgmacros\CGMacros\CGMacros-016\photos\00000067-PHOTO-2023-7-22-17-35-0.jpg
00000068-PHOTO-2023-7-22-18-3-0.jpg,.jpg,0.1278,data\raw\cgmacros\CGMacros\CGMacros-016\photos\00000068-PHOTO-2023-7-22-18-3-0.jpg
00000069-PHOTO-2023-7-22-18-30-0.jpg,.jpg,0.0508,data\raw\cgmacros\CGMacros\CGMacros-016\photos\00000069-PHOTO-2023-7-22-18-30-0.jpg
00000070-PHOTO-2023-7-23-7-38-0.jpg,.jpg,0.1343,data\raw\cgmacros\CGMacros\CGMacros-016\photos\00000070-PHOTO-2023-7-23-7-38-0.jpg
00000071-PHOTO-2023-7-23-7-52-0.jpg,.jpg,0.1269,data\raw\cgmacros\CGMacros\CGMacros-016\photos\00000071-PHOTO-2023-7-23-7-52-0.jpg
00000072-PHOTO-2023-7-23-12-8-0.jpg,.jpg,0.236,data\raw\cgmacros\CGMacros\CGMacros-016\photos\00000072-PHOTO-2023-7-23-12-8-0.jpg
00000073-PHOTO-2023-7-23-12-31-0.jpg,.jpg,0.163,data\raw\cgmacros\CGMacros\CGMacros-016\photos\00000073-PHOTO-2023-7-23-12-31-0.jpg
00000074-PHOTO-2023-7-23-19-9-0.jpg,.jpg,0.2783,data\raw\cgmacros\CGMacros\CGMacros-016\photos\00000074-PHOTO-2023-7-23-19-9-0.jpg
00000075-PHOTO-2023-7-23-20-1-0.jpg,.jpg,0.0668,data\raw\cgmacros\CGMacros\CGMacros-016\photos\00000075-PHOTO-2023-7-23-20-1-0.jpg
00000076-PHOTO-2023-7-24-7-44-0.jpg,.jpg,0.084,data\raw\cgmacros\CGMacros\CGMacros-016\photos\00000076-PHOTO-2023-7-24-7-44-0.jpg
00000077-PHOTO-2023-7-24-7-56-0.jpg,.jpg,0.1109,data\raw\cgmacros\CGMacros\CGMacros-016\photos\00000077-PHOTO-2023-7-24-7-56-0.jpg
00000002-PHOTO-2024-1-19-12-54-0.jpg,.jpg,0.251,data\raw\cgmacros\CGMacros\CGMacros-015\photos\00000002-PHOTO-2024-1-19-12-54-0.jpg
00000003-PHOTO-2024-1-25-8-37-0.jpg,.jpg,0.1096,data\raw\cgmacros\CGMacros\CGMacros-015\photos\00000003-PHOTO-2024-1-25-8-37-0.jpg
00000004-PHOTO-2024-1-25-8-45-0.jpg,.jpg,0.1369,data\raw\cgmacros\CGMacros\CGMacros-015\photos\00000004-PHOTO-2024-1-25-8-45-0.jpg
00000005-PHOTO-2024-1-25-11-51-0.jpg,.jpg,0.179,data\raw\cgmacros\CGMacros\CGMacros-015\photos\00000005-PHOTO-2024-1-25-11-51-0.jpg
00000006-PHOTO-2024-1-25-12-11-0.jpg,.jpg,0.3949,data\raw\cgmacros\CGMacros\CGMacros-015\photos\00000006-PHOTO-2024-1-25-12-11-0.jpg
00000007-PHOTO-2024-1-25-18-27-0.jpg,.jpg,0.3929,data\raw\cgmacros\CGMacros\CGMacros-015\photos\00000007-PHOTO-2024-1-25-18-27-0.jpg
00000008-PHOTO-2024-1-25-18-48-0.jpg,.jpg,0.3462,data\raw\cgmacros\CGMacros\CGMacros-015\photos\00000008-PHOTO-2024-1-25-18-48-0.jpg
00000009-PHOTO-2024-1-25-18-54-0.jpg,.jpg,0.4213,data\raw\cgmacros\CGMacros\CGMacros-015\photos\00000009-PHOTO-2024-1-25-18-54-0.jpg
00000011-PHOTO-2024-1-25-19-42-0.jpg,.jpg,0.2698,data\raw\cgmacros\CGMacros\CGMacros-015\photos\00000011-PHOTO-2024-1-25-19-42-0.jpg
00000012-PHOTO-2024-1-25-21-42-0.jpg,.jpg,0.2151,data\raw\cgmacros\CGMacros\CGMacros-015\photos\00000012-PHOTO-2024-1-25-21-42-0.jpg
00000013-PHOTO-2024-1-26-7-50-0.jpg,.jpg,0.2575,data\raw\cgmacros\CGMacros\CGMacros-015\photos\00000013-PHOTO-2024-1-26-7-50-0.jpg
00000014-PHOTO-2024-1-26-8-11-0.jpg,.jpg,0.1082,data\raw\cgmacros\CGMacros\CGMacros-015\photos\00000014-PHOTO-2024-1-26-8-11-0.jpg
00000015-PHOTO-2024-1-26-11-45-0.jpg,.jpg,0.1114,data\raw\cgmacros\CGMacros\CGMacros-015\photos\00000015-PHOTO-2024-1-26-11-45-0.jpg
00000016-PHOTO-2024-1-26-11-45-0.jpg,.jpg,0.1668,data\raw\cgmacros\CGMacros\CGMacros-015\photos\00000016-PHOTO-2024-1-26-11-45-0.jpg
00000017-PHOTO-2024-1-26-11-52-0.jpg,.jpg,0.3986,data\raw\cgmacros\CGMacros\CGMacros-015\photos\00000017-PHOTO-2024-1-26-11-52-0.jpg
00000018-PHOTO-2024-1-26-12-13-0.jpg,.jpg,0.3685,data\raw\cgmacros\CGMacros\CGMacros-015\photos\00000018-PHOTO-2024-1-26-12-13-0.jpg
00000019-PHOTO-2024-1-26-18-49-0.jpg,.jpg,0.2745,data\raw\cgmacros\CGMacros\CGMacros-015\photos\00000019-PHOTO-2024-1-26-18-49-0.jpg
00000020-PHOTO-2024-1-26-18-55-0.jpg,.jpg,0.2955,data\raw\cgmacros\CGMacros\CGMacros-015\photos\00000020-PHOTO-2024-1-26-18-55-0.jpg
00000021-PHOTO-2024-1-26-20-34-0.jpg,.jpg,0.158,data\raw\cgmacros\CGMacros\CGMacros-015\photos\00000021-PHOTO-2024-1-26-20-34-0.jpg
00000022-PHOTO-2024-1-26-20-54-0.jpg,.jpg,0.1801,data\raw\cgmacros\CGMacros\CGMacros-015\photos\00000022-PHOTO-2024-1-26-20-54-0.jpg
00000023-PHOTO-2024-1-26-21-14-0.jpg,.jpg,0.2065,data\raw\cgmacros\CGMacros\CGMacros-015\photos\00000023-PHOTO-2024-1-26-21-14-0.jpg
00000024-PHOTO-2024-1-26-21-58-0.jpg,.jpg,0.3171,data\raw\cgmacros\CGMacros\CGMacros-015\photos\00000024-PHOTO-2024-1-26-21-58-0.jpg
00000025-PHOTO-2024-1-26-22-5-0.jpg,.jpg,0.1292,data\raw\cgmacros\CGMacros\CGMacros-015\photos\00000025-PHOTO-2024-1-26-22-5-0.jpg
00000026-PHOTO-2024-1-27-10-21-0.jpg,.jpg,0.1069,data\raw\cgmacros\CGMacros\CGMacros-015\photos\00000026-PHOTO-2024-1-27-10-21-0.jpg
00000027-PHOTO-2024-1-27-10-35-0.jpg,.jpg,0.223,data\raw\cgmacros\CGMacros\CGMacros-015\photos\00000027-PHOTO-2024-1-27-10-35-0.jpg
00000028-PHOTO-2024-1-27-10-48-0.jpg,.jpg,0.1112,data\raw\cgmacros\CGMacros\CGMacros-015\photos\00000028-PHOTO-2024-1-27-10-48-0.jpg
00000029-PHOTO-2024-1-27-13-31-0.jpg,.jpg,0.2334,data\raw\cgmacros\CGMacros\CGMacros-015\photos\00000029-PHOTO-2024-1-27-13-31-0.jpg
00000030-PHOTO-2024-1-27-13-35-0.jpg,.jpg,0.2645,data\raw\cgmacros\CGMacros\CGMacros-015\photos\00000030-PHOTO-2024-1-27-13-35-0.jpg
00000031-PHOTO-2024-1-27-14-13-0.jpg,.jpg,0.1942,data\raw\cgmacros\CGMacros\CGMacros-015\photos\00000031-PHOTO-2024-1-27-14-13-0.jpg
00000032-PHOTO-2024-1-27-18-14-0.jpg,.jpg,0.3428,data\raw\cgmacros\CGMacros\CGMacros-015\photos\00000032-PHOTO-2024-1-27-18-14-0.jpg
00000033-PHOTO-2024-1-28-9-20-0.jpg,.jpg,0.1076,data\raw\cgmacros\CGMacros\CGMacros-015\photos\00000033-PHOTO-2024-1-28-9-20-0.jpg
00000034-PHOTO-2024-1-28-9-26-0.jpg,.jpg,0.102,data\raw\cgmacros\CGMacros\CGMacros-015\photos\00000034-PHOTO-2024-1-28-9-26-0.jpg
00000035-PHOTO-2024-1-28-15-32-0.jpg,.jpg,0.2727,data\raw\cgmacros\CGMacros\CGMacros-015\photos\00000035-PHOTO-2024-1-28-15-32-0.jpg
00000036-PHOTO-2024-1-28-15-32-0.jpg,.jpg,0.4022,data\raw\cgmacros\CGMacros\CGMacros-015\photos\00000036-PHOTO-2024-1-28-15-32-0.jpg
00000037-PHOTO-2024-1-28-15-32-0.jpg,.jpg,0.33,data\raw\cgmacros\CGMacros\CGMacros-015\photos\00000037-PHOTO-2024-1-28-15-32-0.jpg
00000038-PHOTO-2024-1-28-18-21-0.jpg,.jpg,0.2935,data\raw\cgmacros\CGMacros\CGMacros-015\photos\00000038-PHOTO-2024-1-28-18-21-0.jpg
00000039-PHOTO-2024-1-28-18-56-0.jpg,.jpg,0.2251,data\raw\cgmacros\CGMacros\CGMacros-015\photos\00000039-PHOTO-2024-1-28-18-56-0.jpg
00000040-PHOTO-2024-1-28-19-3-0.jpg,.jpg,0.2304,data\raw\cgmacros\CGMacros\CGMacros-015\photos\00000040-PHOTO-2024-1-28-19-3-0.jpg
00000041-PHOTO-2024-1-28-19-7-0.jpg,.jpg,0.2712,data\raw\cgmacros\CGMacros\CGMacros-015\photos\00000041-PHOTO-2024-1-28-19-7-0.jpg
00000042-PHOTO-2024-1-29-12-47-0.jpg,.jpg,0.1669,data\raw\cgmacros\CGMacros\CGMacros-015\photos\00000042-PHOTO-2024-1-29-12-47-0.jpg
00000043-PHOTO-2024-1-29-12-58-0.jpg,.jpg,0.2593,data\raw\cgmacros\CGMacros\CGMacros-015\photos\00000043-PHOTO-2024-1-29-12-58-0.jpg
00000044-PHOTO-2024-1-29-13-26-0.jpg,.jpg,0.1839,data\raw\cgmacros\CGMacros\CGMacros-015\photos\00000044-PHOTO-2024-1-29-13-26-0.jpg
00000045-PHOTO-2024-1-29-16-58-0.jpg,.jpg,0.2318,data\raw\cgmacros\CGMacros\CGMacros-015\photos\00000045-PHOTO-2024-1-29-16-58-0.jpg
00000046-PHOTO-2024-1-29-17-59-0.jpg,.jpg,0.1565,data\raw\cgmacros\CGMacros\CGMacros-015\photos\00000046-PHOTO-2024-1-29-17-59-0.jpg
00000047-PHOTO-2024-1-30-7-34-0.jpg,.jpg,0.177,data\raw\cgmacros\CGMacros\CGMacros-015\photos\00000047-PHOTO-2024-1-30-7-34-0.jpg
00000048-PHOTO-2024-1-30-7-51-0.jpg,.jpg,0.1056,data\raw\cgmacros\CGMacros\CGMacros-015\photos\00000048-PHOTO-2024-1-30-7-51-0.jpg
00000049-PHOTO-2024-1-30-12-8-0.jpg,.jpg,0.1529,data\raw\cgmacros\CGMacros\CGMacros-015\photos\00000049-PHOTO-2024-1-30-12-8-0.jpg
00000050-PHOTO-2024-1-30-12-24-0.jpg,.jpg,0.3015,data\raw\cgmacros\CGMacros\CGMacros-015\photos\00000050-PHOTO-2024-1-30-12-24-0.jpg
00000051-PHOTO-2024-1-30-15-49-0.jpg,.jpg,0.1395,data\raw\cgmacros\CGMacros\CGMacros-015\photos\00000051-PHOTO-2024-1-30-15-49-0.jpg
00000052-PHOTO-2024-1-30-17-55-0.jpg,.jpg,0.2814,data\raw\cgmacros\CGMacros\CGMacros-015\photos\00000052-PHOTO-2024-1-30-17-55-0.jpg
00000053-PHOTO-2024-1-30-18-18-0.jpg,.jpg,0.2918,data\raw\cgmacros\CGMacros\CGMacros-015\photos\00000053-PHOTO-2024-1-30-18-18-0.jpg
00000054-PHOTO-2024-1-30-18-24-0.jpg,.jpg,0.3354,data\raw\cgmacros\CGMacros\CGMacros-015\photos\00000054-PHOTO-2024-1-30-18-24-0.jpg
00000055-PHOTO-2024-1-30-22-53-0.jpg,.jpg,0.2756,data\raw\cgmacros\CGMacros\CGMacros-015\photos\00000055-PHOTO-2024-1-30-22-53-0.jpg
00000056-PHOTO-2024-1-30-22-53-0.jpg,.jpg,0.3112,data\raw\cgmacros\CGMacros\CGMacros-015\photos\00000056-PHOTO-2024-1-30-22-53-0.jpg
00000057-PHOTO-2024-1-30-23-21-0.jpg,.jpg,0.273,data\raw\cgmacros\CGMacros\CGMacros-015\photos\00000057-PHOTO-2024-1-30-23-21-0.jpg
00000058-PHOTO-2024-1-31-8-1-0.jpg,.jpg,0.1719,data\raw\cgmacros\CGMacros\CGMacros-015\photos\00000058-PHOTO-2024-1-31-8-1-0.jpg
00000059-PHOTO-2024-1-31-8-15-0.jpg,.jpg,0.1031,data\raw\cgmacros\CGMacros\CGMacros-015\photos\00000059-PHOTO-2024-1-31-8-15-0.jpg
00000060-PHOTO-2024-1-31-11-5-0.jpg,.jpg,0.1606,data\raw\cgmacros\CGMacros\CGMacros-015\photos\00000060-PHOTO-2024-1-31-11-5-0.jpg
00000061-PHOTO-2024-1-31-13-50-0.jpg,.jpg,0.126,data\raw\cgmacros\CGMacros\CGMacros-015\photos\00000061-PHOTO-2024-1-31-13-50-0.jpg
00000062-PHOTO-2024-1-31-14-28-0.jpg,.jpg,0.4082,data\raw\cgmacros\CGMacros\CGMacros-015\photos\00000062-PHOTO-2024-1-31-14-28-0.jpg
00000063-PHOTO-2024-1-31-14-39-0.jpg,.jpg,0.4746,data\raw\cgmacros\CGMacros\CGMacros-015\photos\00000063-PHOTO-2024-1-31-14-39-0.jpg
00000064-PHOTO-2024-1-31-15-25-0.jpg,.jpg,0.1364,data\raw\cgmacros\CGMacros\CGMacros-015\photos\00000064-PHOTO-2024-1-31-15-25-0.jpg
00000065-PHOTO-2024-1-31-15-39-0.jpg,.jpg,0.2966,data\raw\cgmacros\CGMacros\CGMacros-015\photos\00000065-PHOTO-2024-1-31-15-39-0.jpg
00000066-PHOTO-2024-1-31-18-25-0.jpg,.jpg,0.3382,data\raw\cgmacros\CGMacros\CGMacros-015\photos\00000066-PHOTO-2024-1-31-18-25-0.jpg
00000067-PHOTO-2024-1-31-18-43-0.jpg,.jpg,0.2771,data\raw\cgmacros\CGMacros\CGMacros-015\photos\00000067-PHOTO-2024-1-31-18-43-0.jpg
00000068-PHOTO-2024-1-31-18-57-0.jpg,.jpg,0.1981,data\raw\cgmacros\CGMacros\CGMacros-015\photos\00000068-PHOTO-2024-1-31-18-57-0.jpg
00000069-PHOTO-2024-1-31-19-6-0.jpg,.jpg,0.2326,data\raw\cgmacros\CGMacros\CGMacros-015\photos\00000069-PHOTO-2024-1-31-19-6-0.jpg
00000070-PHOTO-2024-2-1-8-35-0.jpg,.jpg,0.2474,data\raw\cgmacros\CGMacros\CGMacros-015\photos\00000070-PHOTO-2024-2-1-8-35-0.jpg
00000071-PHOTO-2024-2-1-8-53-0.jpg,.jpg,0.1624,data\raw\cgmacros\CGMacros\CGMacros-015\photos\00000071-PHOTO-2024-2-1-8-53-0.jpg
00000072-PHOTO-2024-2-1-11-53-0.jpg,.jpg,0.3411,data\raw\cgmacros\CGMacros\CGMacros-015\photos\00000072-PHOTO-2024-2-1-11-53-0.jpg
00000073-PHOTO-2024-2-1-12-26-0.jpg,.jpg,0.2557,data\raw\cgmacros\CGMacros\CGMacros-015\photos\00000073-PHOTO-2024-2-1-12-26-0.jpg
00000074-PHOTO-2024-2-1-15-40-0.jpg,.jpg,0.1159,data\raw\cgmacros\CGMacros\CGMacros-015\photos\00000074-PHOTO-2024-2-1-15-40-0.jpg
00000075-PHOTO-2024-2-1-15-53-0.jpg,.jpg,0.2391,data\raw\cgmacros\CGMacros\CGMacros-015\photos\00000075-PHOTO-2024-2-1-15-53-0.jpg
00000076-PHOTO-2024-2-1-18-23-0.jpg,.jpg,0.4341,data\raw\cgmacros\CGMacros\CGMacros-015\photos\00000076-PHOTO-2024-2-1-18-23-0.jpg
00000077-PHOTO-2024-2-1-18-46-0.jpg,.jpg,0.4487,data\raw\cgmacros\CGMacros\CGMacros-015\photos\00000077-PHOTO-2024-2-1-18-46-0.jpg
00000078-PHOTO-2024-2-1-18-51-0.jpg,.jpg,0.4158,data\raw\cgmacros\CGMacros\CGMacros-015\photos\00000078-PHOTO-2024-2-1-18-51-0.jpg
00000079-PHOTO-2024-2-1-18-55-0.jpg,.jpg,0.2829,data\raw\cgmacros\CGMacros\CGMacros-015\photos\00000079-PHOTO-2024-2-1-18-55-0.jpg
00000080-PHOTO-2024-2-2-9-7-0.jpg,.jpg,0.2308,data\raw\cgmacros\CGMacros\CGMacros-015\photos\00000080-PHOTO-2024-2-2-9-7-0.jpg
00000081-PHOTO-2024-2-2-9-7-0.jpg,.jpg,0.2724,data\raw\cgmacros\CGMacros\CGMacros-015\photos\00000081-PHOTO-2024-2-2-9-7-0.jpg
00000082-PHOTO-2024-2-2-10-31-0.jpg,.jpg,0.1394,data\raw\cgmacros\CGMacros\CGMacros-015\photos\00000082-PHOTO-2024-2-2-10-31-0.jpg
00000083-PHOTO-2024-2-2-10-47-0.jpg,.jpg,0.1404,data\raw\cgmacros\CGMacros\CGMacros-015\photos\00000083-PHOTO-2024-2-2-10-47-0.jpg
00000084-PHOTO-2024-2-2-12-51-0.jpg,.jpg,0.3263,data\raw\cgmacros\CGMacros\CGMacros-015\photos\00000084-PHOTO-2024-2-2-12-51-0.jpg
00000085-PHOTO-2024-2-2-13-12-0.jpg,.jpg,0.3787,data\raw\cgmacros\CGMacros\CGMacros-015\photos\00000085-PHOTO-2024-2-2-13-12-0.jpg
00000086-PHOTO-2024-2-2-15-58-0.jpg,.jpg,0.1568,data\raw\cgmacros\CGMacros\CGMacros-015\photos\00000086-PHOTO-2024-2-2-15-58-0.jpg
00000087-PHOTO-2024-2-2-16-1-0.jpg,.jpg,0.097,data\raw\cgmacros\CGMacros\CGMacros-015\photos\00000087-PHOTO-2024-2-2-16-1-0.jpg
00000088-PHOTO-2024-2-2-17-5-0.jpg,.jpg,0.1024,data\raw\cgmacros\CGMacros\CGMacros-015\photos\00000088-PHOTO-2024-2-2-17-5-0.jpg
00000089-PHOTO-2024-2-2-17-6-0.jpg,.jpg,0.1657,data\raw\cgmacros\CGMacros\CGMacros-015\photos\00000089-PHOTO-2024-2-2-17-6-0.jpg
00000090-PHOTO-2024-2-2-17-6-0.jpg,.jpg,0.1679,data\raw\cgmacros\CGMacros\CGMacros-015\photos\00000090-PHOTO-2024-2-2-17-6-0.jpg
00000091-PHOTO-2024-2-2-18-38-0.jpg,.jpg,0.1591,data\raw\cgmacros\CGMacros\CGMacros-015\photos\00000091-PHOTO-2024-2-2-18-38-0.jpg
00000092-PHOTO-2024-2-2-18-44-0.jpg,.jpg,0.2047,data\raw\cgmacros\CGMacros\CGMacros-015\photos\00000092-PHOTO-2024-2-2-18-44-0.jpg
00000093-PHOTO-2024-2-2-18-50-0.jpg,.jpg,0.1167,data\raw\cgmacros\CGMacros\CGMacros-015\photos\00000093-PHOTO-2024-2-2-18-50-0.jpg
00000094-PHOTO-2024-2-2-19-2-0.jpg,.jpg,0.1179,data\raw\cgmacros\CGMacros\CGMacros-015\photos\00000094-PHOTO-2024-2-2-19-2-0.jpg
00000095-PHOTO-2024-2-2-21-39-0.jpg,.jpg,0.1403,data\raw\cgmacros\CGMacros\CGMacros-015\photos\00000095-PHOTO-2024-2-2-21-39-0.jpg
00000096-PHOTO-2024-2-2-22-43-0.jpg,.jpg,0.1258,data\raw\cgmacros\CGMacros\CGMacros-015\photos\00000096-PHOTO-2024-2-2-22-43-0.jpg
00000097-PHOTO-2024-2-2-22-55-0.jpg,.jpg,0.1305,data\raw\cgmacros\CGMacros\CGMacros-015\photos\00000097-PHOTO-2024-2-2-22-55-0.jpg
00000098-PHOTO-2024-2-2-23-46-0.jpg,.jpg,0.1449,data\raw\cgmacros\CGMacros\CGMacros-015\photos\00000098-PHOTO-2024-2-2-23-46-0.jpg
00000099-PHOTO-2024-2-3-9-37-0.jpg,.jpg,0.1189,data\raw\cgmacros\CGMacros\CGMacros-015\photos\00000099-PHOTO-2024-2-3-9-37-0.jpg
00000100-PHOTO-2024-2-3-9-46-0.jpg,.jpg,0.2347,data\raw\cgmacros\CGMacros\CGMacros-015\photos\00000100-PHOTO-2024-2-3-9-46-0.jpg
00000101-PHOTO-2024-2-3-9-52-0.jpg,.jpg,0.0994,data\raw\cgmacros\CGMacros\CGMacros-015\photos\00000101-PHOTO-2024-2-3-9-52-0.jpg
00000102-PHOTO-2024-2-3-10-56-0.jpg,.jpg,0.335,data\raw\cgmacros\CGMacros\CGMacros-015\photos\00000102-PHOTO-2024-2-3-10-56-0.jpg
00000103-PHOTO-2024-2-3-12-40-0.jpg,.jpg,0.2989,data\raw\cgmacros\CGMacros\CGMacros-015\photos\00000103-PHOTO-2024-2-3-12-40-0.jpg
00000104-PHOTO-2024-2-3-13-3-0.jpg,.jpg,0.1484,data\raw\cgmacros\CGMacros\CGMacros-015\photos\00000104-PHOTO-2024-2-3-13-3-0.jpg
00000105-PHOTO-2024-2-3-17-34-0.jpg,.jpg,0.148,data\raw\cgmacros\CGMacros\CGMacros-015\photos\00000105-PHOTO-2024-2-3-17-34-0.jpg
00000106-PHOTO-2024-2-3-17-37-0.jpg,.jpg,0.1433,data\raw\cgmacros\CGMacros\CGMacros-015\photos\00000106-PHOTO-2024-2-3-17-37-0.jpg
00000107-PHOTO-2024-2-3-19-0-0.jpg,.jpg,0.1301,data\raw\cgmacros\CGMacros\CGMacros-015\photos\00000107-PHOTO-2024-2-3-19-0-0.jpg
00000109-PHOTO-2024-2-3-19-17-0.jpg,.jpg,0.1361,data\raw\cgmacros\CGMacros\CGMacros-015\photos\00000109-PHOTO-2024-2-3-19-17-0.jpg
00000110-PHOTO-2024-2-3-22-22-0.jpg,.jpg,0.3429,data\raw\cgmacros\CGMacros\CGMacros-015\photos\00000110-PHOTO-2024-2-3-22-22-0.jpg
00000111-PHOTO-2024-2-3-22-28-0.jpg,.jpg,0.2033,data\raw\cgmacros\CGMacros\CGMacros-015\photos\00000111-PHOTO-2024-2-3-22-28-0.jpg
00000112-PHOTO-2024-2-4-9-32-0.jpg,.jpg,0.3019,data\raw\cgmacros\CGMacros\CGMacros-015\photos\00000112-PHOTO-2024-2-4-9-32-0.jpg
00000113-PHOTO-2024-2-4-9-58-0.jpg,.jpg,0.1064,data\raw\cgmacros\CGMacros\CGMacros-015\photos\00000113-PHOTO-2024-2-4-9-58-0.jpg
lunch-PHOTO-2024-1-28-15-32-0.jpg,.jpg,0.017,data\raw\cgmacros\CGMacros\CGMacros-015\photos\lunch-PHOTO-2024-1-28-15-32-0.jpg
00000002-PHOTO-2023-5-3-13-25-0.jpg,.jpg,0.0987,data\raw\cgmacros\CGMacros\CGMacros-014\photos\00000002-PHOTO-2023-5-3-13-25-0.jpg
00000003-PHOTO-2023-5-9-8-38-0.jpg,.jpg,0.1131,data\raw\cgmacros\CGMacros\CGMacros-014\photos\00000003-PHOTO-2023-5-9-8-38-0.jpg
00000004-PHOTO-2023-5-9-8-45-0.jpg,.jpg,0.0938,data\raw\cgmacros\CGMacros\CGMacros-014\photos\00000004-PHOTO-2023-5-9-8-45-0.jpg
00000005-PHOTO-2023-5-9-11-51-0.jpg,.jpg,0.1575,data\raw\cgmacros\CGMacros\CGMacros-014\photos\00000005-PHOTO-2023-5-9-11-51-0.jpg
00000006-PHOTO-2023-5-9-12-11-0.jpg,.jpg,0.2002,data\raw\cgmacros\CGMacros\CGMacros-014\photos\00000006-PHOTO-2023-5-9-12-11-0.jpg
00000007-PHOTO-2023-5-9-19-1-0.jpg,.jpg,0.2169,data\raw\cgmacros\CGMacros\CGMacros-014\photos\00000007-PHOTO-2023-5-9-19-1-0.jpg
00000008-PHOTO-2023-5-9-19-9-0.jpg,.jpg,0.1851,data\raw\cgmacros\CGMacros\CGMacros-014\photos\00000008-PHOTO-2023-5-9-19-9-0.jpg
00000009-PHOTO-2023-5-10-8-15-0.jpg,.jpg,0.0911,data\raw\cgmacros\CGMacros\CGMacros-014\photos\00000009-PHOTO-2023-5-10-8-15-0.jpg
00000010-PHOTO-2023-5-10-8-26-0.jpg,.jpg,0.1022,data\raw\cgmacros\CGMacros\CGMacros-014\photos\00000010-PHOTO-2023-5-10-8-26-0.jpg
00000011-PHOTO-2023-5-10-12-44-0.jpg,.jpg,0.1358,data\raw\cgmacros\CGMacros\CGMacros-014\photos\00000011-PHOTO-2023-5-10-12-44-0.jpg
00000012-PHOTO-2023-5-10-13-6-0.jpg,.jpg,0.1236,data\raw\cgmacros\CGMacros\CGMacros-014\photos\00000012-PHOTO-2023-5-10-13-6-0.jpg
00000013-PHOTO-2023-5-10-17-40-0.jpg,.jpg,0.1477,data\raw\cgmacros\CGMacros\CGMacros-014\photos\00000013-PHOTO-2023-5-10-17-40-0.jpg
00000014-PHOTO-2023-5-10-17-49-0.jpg,.jpg,0.1848,data\raw\cgmacros\CGMacros\CGMacros-014\photos\00000014-PHOTO-2023-5-10-17-49-0.jpg
00000015-PHOTO-2023-5-10-21-16-0.jpg,.jpg,0.1096,data\raw\cgmacros\CGMacros\CGMacros-014\photos\00000015-PHOTO-2023-5-10-21-16-0.jpg
00000016-PHOTO-2023-5-11-9-10-0.jpg,.jpg,0.1482,data\raw\cgmacros\CGMacros\CGMacros-014\photos\00000016-PHOTO-2023-5-11-9-10-0.jpg
00000017-PHOTO-2023-5-11-9-39-0.jpg,.jpg,0.1193,data\raw\cgmacros\CGMacros\CGMacros-014\photos\00000017-PHOTO-2023-5-11-9-39-0.jpg
00000018-PHOTO-2023-5-11-13-11-0.jpg,.jpg,0.1511,data\raw\cgmacros\CGMacros\CGMacros-014\photos\00000018-PHOTO-2023-5-11-13-11-0.jpg
00000019-PHOTO-2023-5-11-13-28-0.jpg,.jpg,0.145,data\raw\cgmacros\CGMacros\CGMacros-014\photos\00000019-PHOTO-2023-5-11-13-28-0.jpg
00000021-PHOTO-2023-5-11-18-6-0.jpg,.jpg,0.1429,data\raw\cgmacros\CGMacros\CGMacros-014\photos\00000021-PHOTO-2023-5-11-18-6-0.jpg
00000022-PHOTO-2023-5-11-18-21-0.jpg,.jpg,0.1266,data\raw\cgmacros\CGMacros\CGMacros-014\photos\00000022-PHOTO-2023-5-11-18-21-0.jpg
00000023-PHOTO-2023-5-11-18-29-0.jpg,.jpg,0.115,data\raw\cgmacros\CGMacros\CGMacros-014\photos\00000023-PHOTO-2023-5-11-18-29-0.jpg
00000024-PHOTO-2023-5-12-8-31-0.jpg,.jpg,0.1511,data\raw\cgmacros\CGMacros\CGMacros-014\photos\00000024-PHOTO-2023-5-12-8-31-0.jpg
00000025-PHOTO-2023-5-12-8-43-0.jpg,.jpg,0.1615,data\raw\cgmacros\CGMacros\CGMacros-014\photos\00000025-PHOTO-2023-5-12-8-43-0.jpg
00000026-PHOTO-2023-5-12-10-42-0.jpg,.jpg,0.1009,data\raw\cgmacros\CGMacros\CGMacros-014\photos\00000026-PHOTO-2023-5-12-10-42-0.jpg
00000027-PHOTO-2023-5-12-11-7-0.jpg,.jpg,0.0687,data\raw\cgmacros\CGMacros\CGMacros-014\photos\00000027-PHOTO-2023-5-12-11-7-0.jpg
00000028-PHOTO-2023-5-12-12-38-0.jpg,.jpg,0.1458,data\raw\cgmacros\CGMacros\CGMacros-014\photos\00000028-PHOTO-2023-5-12-12-38-0.jpg
00000029-PHOTO-2023-5-12-12-50-0.jpg,.jpg,0.2313,data\raw\cgmacros\CGMacros\CGMacros-014\photos\00000029-PHOTO-2023-5-12-12-50-0.jpg
00000030-PHOTO-2023-5-12-12-50-0.jpg,.jpg,0.2643,data\raw\cgmacros\CGMacros\CGMacros-014\photos\00000030-PHOTO-2023-5-12-12-50-0.jpg
00000031-PHOTO-2023-5-12-18-14-0.jpg,.jpg,0.1517,data\raw\cgmacros\CGMacros\CGMacros-014\photos\00000031-PHOTO-2023-5-12-18-14-0.jpg
00000032-PHOTO-2023-5-12-18-43-0.jpg,.jpg,0.1225,data\raw\cgmacros\CGMacros\CGMacros-014\photos\00000032-PHOTO-2023-5-12-18-43-0.jpg
00000033-PHOTO-2023-5-12-18-54-0.jpg,.jpg,0.0926,data\raw\cgmacros\CGMacros\CGMacros-014\photos\00000033-PHOTO-2023-5-12-18-54-0.jpg
00000034-PHOTO-2023-5-12-19-3-0.jpg,.jpg,0.0793,data\raw\cgmacros\CGMacros\CGMacros-014\photos\00000034-PHOTO-2023-5-12-19-3-0.jpg
00000035-PHOTO-2023-5-13-8-33-0.jpg,.jpg,0.1304,data\raw\cgmacros\CGMacros\CGMacros-014\photos\00000035-PHOTO-2023-5-13-8-33-0.jpg
00000036-PHOTO-2023-5-13-8-36-0.jpg,.jpg,0.1419,data\raw\cgmacros\CGMacros\CGMacros-014\photos\00000036-PHOTO-2023-5-13-8-36-0.jpg
00000037-PHOTO-2023-5-13-10-57-0.jpg,.jpg,0.0923,data\raw\cgmacros\CGMacros\CGMacros-014\photos\00000037-PHOTO-2023-5-13-10-57-0.jpg
00000038-PHOTO-2023-5-13-11-6-0.jpg,.jpg,0.0823,data\raw\cgmacros\CGMacros\CGMacros-014\photos\00000038-PHOTO-2023-5-13-11-6-0.jpg
00000039-PHOTO-2023-5-13-12-34-0.jpg,.jpg,0.1839,data\raw\cgmacros\CGMacros\CGMacros-014\photos\00000039-PHOTO-2023-5-13-12-34-0.jpg
00000040-PHOTO-2023-5-13-12-52-0.jpg,.jpg,0.1713,data\raw\cgmacros\CGMacros\CGMacros-014\photos\00000040-PHOTO-2023-5-13-12-52-0.jpg
00000041-PHOTO-2023-5-13-19-2-0.jpg,.jpg,0.1427,data\raw\cgmacros\CGMacros\CGMacros-014\photos\00000041-PHOTO-2023-5-13-19-2-0.jpg
00000042-PHOTO-2023-5-13-19-21-0.jpg,.jpg,0.1376,data\raw\cgmacros\CGMacros\CGMacros-014\photos\00000042-PHOTO-2023-5-13-19-21-0.jpg
00000043-PHOTO-2023-5-13-20-3-0.jpg,.jpg,0.1247,data\raw\cgmacros\CGMacros\CGMacros-014\photos\00000043-PHOTO-2023-5-13-20-3-0.jpg
00000044-PHOTO-2023-5-13-20-5-0.jpg,.jpg,0.1275,data\raw\cgmacros\CGMacros\CGMacros-014\photos\00000044-PHOTO-2023-5-13-20-5-0.jpg
00000045-PHOTO-2023-5-14-8-39-0.jpg,.jpg,0.1343,data\raw\cgmacros\CGMacros\CGMacros-014\photos\00000045-PHOTO-2023-5-14-8-39-0.jpg
00000046-PHOTO-2023-5-14-8-46-0.jpg,.jpg,0.1126,data\raw\cgmacros\CGMacros\CGMacros-014\photos\00000046-PHOTO-2023-5-14-8-46-0.jpg
00000047-PHOTO-2023-5-14-10-36-0.jpg,.jpg,0.1068,data\raw\cgmacros\CGMacros\CGMacros-014\photos\00000047-PHOTO-2023-5-14-10-36-0.jpg
00000048-PHOTO-2023-5-14-11-31-0.jpg,.jpg,0.075,data\raw\cgmacros\CGMacros\CGMacros-014\photos\00000048-PHOTO-2023-5-14-11-31-0.jpg
00000049-PHOTO-2023-5-14-12-39-0.jpg,.jpg,0.1909,data\raw\cgmacros\CGMacros\CGMacros-014\photos\00000049-PHOTO-2023-5-14-12-39-0.jpg
00000050-PHOTO-2023-5-14-13-3-0.jpg,.jpg,0.1765,data\raw\cgmacros\CGMacros\CGMacros-014\photos\00000050-PHOTO-2023-5-14-13-3-0.jpg
00000051-PHOTO-2023-5-14-17-34-0.jpg,.jpg,0.1314,data\raw\cgmacros\CGMacros\CGMacros-014\photos\00000051-PHOTO-2023-5-14-17-34-0.jpg
00000052-PHOTO-2023-5-14-17-34-0.jpg,.jpg,0.1309,data\raw\cgmacros\CGMacros\CGMacros-014\photos\00000052-PHOTO-2023-5-14-17-34-0.jpg
00000053-PHOTO-2023-5-14-17-56-0.jpg,.jpg,0.1143,data\raw\cgmacros\CGMacros\CGMacros-014\photos\00000053-PHOTO-2023-5-14-17-56-0.jpg
00000054-PHOTO-2023-5-15-7-29-0.jpg,.jpg,0.1134,data\raw\cgmacros\CGMacros\CGMacros-014\photos\00000054-PHOTO-2023-5-15-7-29-0.jpg
00000055-PHOTO-2023-5-15-7-38-0.jpg,.jpg,0.1141,data\raw\cgmacros\CGMacros\CGMacros-014\photos\00000055-PHOTO-2023-5-15-7-38-0.jpg
00000056-PHOTO-2023-5-15-8-41-0.jpg,.jpg,0.078,data\raw\cgmacros\CGMacros\CGMacros-014\photos\00000056-PHOTO-2023-5-15-8-41-0.jpg
00000057-PHOTO-2023-5-15-9-55-0.jpg,.jpg,0.075,data\raw\cgmacros\CGMacros\CGMacros-014\photos\00000057-PHOTO-2023-5-15-9-55-0.jpg
00000058-PHOTO-2023-5-15-11-42-0.jpg,.jpg,0.1228,data\raw\cgmacros\CGMacros\CGMacros-014\photos\00000058-PHOTO-2023-5-15-11-42-0.jpg
00000059-PHOTO-2023-5-15-11-53-0.jpg,.jpg,0.223,data\raw\cgmacros\CGMacros\CGMacros-014\photos\00000059-PHOTO-2023-5-15-11-53-0.jpg
00000060-PHOTO-2023-5-15-16-49-0.jpg,.jpg,0.1598,data\raw\cgmacros\CGMacros\CGMacros-014\photos\00000060-PHOTO-2023-5-15-16-49-0.jpg
00000061-PHOTO-2023-5-15-17-18-0.jpg,.jpg,0.1206,data\raw\cgmacros\CGMacros\CGMacros-014\photos\00000061-PHOTO-2023-5-15-17-18-0.jpg
00000062-PHOTO-2023-5-15-21-29-0.jpg,.jpg,0.0964,data\raw\cgmacros\CGMacros\CGMacros-014\photos\00000062-PHOTO-2023-5-15-21-29-0.jpg
00000063-PHOTO-2023-5-15-22-6-0.jpg,.jpg,0.0967,data\raw\cgmacros\CGMacros\CGMacros-014\photos\00000063-PHOTO-2023-5-15-22-6-0.jpg
00000064-PHOTO-2023-5-16-7-28-0.jpg,.jpg,0.1138,data\raw\cgmacros\CGMacros\CGMacros-014\photos\00000064-PHOTO-2023-5-16-7-28-0.jpg
00000065-PHOTO-2023-5-16-7-31-0.jpg,.jpg,0.0997,data\raw\cgmacros\CGMacros\CGMacros-014\photos\00000065-PHOTO-2023-5-16-7-31-0.jpg
00000066-PHOTO-2023-5-16-8-34-0.jpg,.jpg,0.1232,data\raw\cgmacros\CGMacros\CGMacros-014\photos\00000066-PHOTO-2023-5-16-8-34-0.jpg
00000067-PHOTO-2023-5-16-11-46-0.jpg,.jpg,0.1431,data\raw\cgmacros\CGMacros\CGMacros-014\photos\00000067-PHOTO-2023-5-16-11-46-0.jpg
00000068-PHOTO-2023-5-16-14-44-0.jpg,.jpg,0.1665,data\raw\cgmacros\CGMacros\CGMacros-014\photos\00000068-PHOTO-2023-5-16-14-44-0.jpg
00000069-PHOTO-2023-5-16-15-2-0.jpg,.jpg,0.1751,data\raw\cgmacros\CGMacros\CGMacros-014\photos\00000069-PHOTO-2023-5-16-15-2-0.jpg
00000070-PHOTO-2023-5-16-20-2-0.jpg,.jpg,0.1501,data\raw\cgmacros\CGMacros\CGMacros-014\photos\00000070-PHOTO-2023-5-16-20-2-0.jpg
00000071-PHOTO-2023-5-16-20-16-0.jpg,.jpg,0.1475,data\raw\cgmacros\CGMacros\CGMacros-014\photos\00000071-PHOTO-2023-5-16-20-16-0.jpg
00000072-PHOTO-2023-5-16-22-3-0.jpg,.jpg,0.1329,data\raw\cgmacros\CGMacros\CGMacros-014\photos\00000072-PHOTO-2023-5-16-22-3-0.jpg
00000073-PHOTO-2023-5-16-22-23-0.jpg,.jpg,0.1753,data\raw\cgmacros\CGMacros\CGMacros-014\photos\00000073-PHOTO-2023-5-16-22-23-0.jpg
00000074-PHOTO-2023-5-16-22-23-0.jpg,.jpg,0.0788,data\raw\cgmacros\CGMacros\CGMacros-014\photos\00000074-PHOTO-2023-5-16-22-23-0.jpg
00000075-PHOTO-2023-5-16-22-57-0.jpg,.jpg,0.0856,data\raw\cgmacros\CGMacros\CGMacros-014\photos\00000075-PHOTO-2023-5-16-22-57-0.jpg
00000076-PHOTO-2023-5-17-8-34-0.jpg,.jpg,0.1253,data\raw\cgmacros\CGMacros\CGMacros-014\photos\00000076-PHOTO-2023-5-17-8-34-0.jpg
00000077-PHOTO-2023-5-17-8-41-0.jpg,.jpg,0.1348,data\raw\cgmacros\CGMacros\CGMacros-014\photos\00000077-PHOTO-2023-5-17-8-41-0.jpg
00000078-PHOTO-2023-5-17-11-22-0.jpg,.jpg,0.1047,data\raw\cgmacros\CGMacros\CGMacros-014\photos\00000078-PHOTO-2023-5-17-11-22-0.jpg
00000079-PHOTO-2023-5-17-11-53-0.jpg,.jpg,0.0891,data\raw\cgmacros\CGMacros\CGMacros-014\photos\00000079-PHOTO-2023-5-17-11-53-0.jpg
00000080-PHOTO-2023-5-17-12-19-0.jpg,.jpg,0.1743,data\raw\cgmacros\CGMacros\CGMacros-014\photos\00000080-PHOTO-2023-5-17-12-19-0.jpg
00000081-PHOTO-2023-5-17-12-32-0.jpg,.jpg,0.143,data\raw\cgmacros\CGMacros\CGMacros-014\photos\00000081-PHOTO-2023-5-17-12-32-0.jpg
00000083-PHOTO-2023-5-17-19-46-0.jpg,.jpg,0.1882,data\raw\cgmacros\CGMacros\CGMacros-014\photos\00000083-PHOTO-2023-5-17-19-46-0.jpg
00000084-PHOTO-2023-5-17-20-11-0.jpg,.jpg,0.1598,data\raw\cgmacros\CGMacros\CGMacros-014\photos\00000084-PHOTO-2023-5-17-20-11-0.jpg
00000085-PHOTO-2023-5-17-22-49-0.jpg,.jpg,0.1146,data\raw\cgmacros\CGMacros\CGMacros-014\photos\00000085-PHOTO-2023-5-17-22-49-0.jpg
00000086-PHOTO-2023-5-17-23-16-0.jpg,.jpg,0.0966,data\raw\cgmacros\CGMacros\CGMacros-014\photos\00000086-PHOTO-2023-5-17-23-16-0.jpg
00000087-PHOTO-2023-5-18-8-15-0.jpg,.jpg,0.1156,data\raw\cgmacros\CGMacros\CGMacros-014\photos\00000087-PHOTO-2023-5-18-8-15-0.jpg
00000088-PHOTO-2023-5-18-9-29-0.jpg,.jpg,0.1093,data\raw\cgmacros\CGMacros\CGMacros-014\photos\00000088-PHOTO-2023-5-18-9-29-0.jpg
00000089-PHOTO-2023-5-18-10-11-0.jpg,.jpg,0.0989,data\raw\cgmacros\CGMacros\CGMacros-014\photos\00000089-PHOTO-2023-5-18-10-11-0.jpg
00000090-PHOTO-2023-5-18-12-25-0.jpg,.jpg,0.1726,data\raw\cgmacros\CGMacros\CGMacros-014\photos\00000090-PHOTO-2023-5-18-12-25-0.jpg
00000091-PHOTO-2023-5-18-12-48-0.jpg,.jpg,0.2869,data\raw\cgmacros\CGMacros\CGMacros-014\photos\00000091-PHOTO-2023-5-18-12-48-0.jpg
00000092-PHOTO-2023-5-18-18-53-0.jpg,.jpg,0.1568,data\raw\cgmacros\CGMacros\CGMacros-014\photos\00000092-PHOTO-2023-5-18-18-53-0.jpg
00000093-PHOTO-2023-5-18-19-11-0.jpg,.jpg,0.1059,data\raw\cgmacros\CGMacros\CGMacros-014\photos\00000093-PHOTO-2023-5-18-19-11-0.jpg
00000094-PHOTO-2023-5-18-19-14-0.jpg,.jpg,0.134,data\raw\cgmacros\CGMacros\CGMacros-014\photos\00000094-PHOTO-2023-5-18-19-14-0.jpg
00000095-PHOTO-2023-5-18-21-47-0.jpg,.jpg,0.0458,data\raw\cgmacros\CGMacros\CGMacros-014\photos\00000095-PHOTO-2023-5-18-21-47-0.jpg
00000096-PHOTO-2023-5-19-8-17-0.jpg,.jpg,0.1539,data\raw\cgmacros\CGMacros\CGMacros-014\photos\00000096-PHOTO-2023-5-19-8-17-0.jpg
00000097-PHOTO-2023-5-19-8-22-0.jpg,.jpg,0.1291,data\raw\cgmacros\CGMacros\CGMacros-014\photos\00000097-PHOTO-2023-5-19-8-22-0.jpg
00000002-PHOTO-2024-1-17-10-14-0.jpg,.jpg,0.0769,data\raw\cgmacros\CGMacros\CGMacros-013\photos\00000002-PHOTO-2024-1-17-10-14-0.jpg
00000003-PHOTO-2024-1-25-8-5-0.jpg,.jpg,0.0732,data\raw\cgmacros\CGMacros\CGMacros-013\photos\00000003-PHOTO-2024-1-25-8-5-0.jpg
00000004-PHOTO-2024-1-25-8-14-0.jpg,.jpg,0.0933,data\raw\cgmacros\CGMacros\CGMacros-013\photos\00000004-PHOTO-2024-1-25-8-14-0.jpg
00000005-PHOTO-2024-1-25-11-52-0.jpg,.jpg,0.199,data\raw\cgmacros\CGMacros\CGMacros-013\photos\00000005-PHOTO-2024-1-25-11-52-0.jpg
00000006-PHOTO-2024-1-25-12-19-0.jpg,.jpg,0.1816,data\raw\cgmacros\CGMacros\CGMacros-013\photos\00000006-PHOTO-2024-1-25-12-19-0.jpg
00000007-PHOTO-2024-1-25-17-51-0.jpg,.jpg,0.0986,data\raw\cgmacros\CGMacros\CGMacros-013\photos\00000007-PHOTO-2024-1-25-17-51-0.jpg
00000008-PHOTO-2024-1-25-18-6-0.jpg,.jpg,0.1092,data\raw\cgmacros\CGMacros\CGMacros-013\photos\00000008-PHOTO-2024-1-25-18-6-0.jpg
00000009-PHOTO-2024-1-26-7-28-0.jpg,.jpg,0.066,data\raw\cgmacros\CGMacros\CGMacros-013\photos\00000009-PHOTO-2024-1-26-7-28-0.jpg
00000010-PHOTO-2024-1-26-7-36-0.jpg,.jpg,0.0997,data\raw\cgmacros\CGMacros\CGMacros-013\photos\00000010-PHOTO-2024-1-26-7-36-0.jpg
00000011-PHOTO-2024-1-26-7-38-0.jpg,.jpg,0.1146,data\raw\cgmacros\CGMacros\CGMacros-013\photos\00000011-PHOTO-2024-1-26-7-38-0.jpg
00000012-PHOTO-2024-1-26-8-5-0.jpg,.jpg,0.0873,data\raw\cgmacros\CGMacros\CGMacros-013\photos\00000012-PHOTO-2024-1-26-8-5-0.jpg
00000013-PHOTO-2024-1-26-11-37-0.jpg,.jpg,0.1373,data\raw\cgmacros\CGMacros\CGMacros-013\photos\00000013-PHOTO-2024-1-26-11-37-0.jpg
00000014-PHOTO-2024-1-26-12-5-0.jpg,.jpg,0.1283,data\raw\cgmacros\CGMacros\CGMacros-013\photos\00000014-PHOTO-2024-1-26-12-5-0.jpg
00000015-PHOTO-2024-1-26-16-4-0.jpg,.jpg,0.1239,data\raw\cgmacros\CGMacros\CGMacros-013\photos\00000015-PHOTO-2024-1-26-16-4-0.jpg
00000016-PHOTO-2024-1-26-16-29-0.jpg,.jpg,0.1085,data\raw\cgmacros\CGMacros\CGMacros-013\photos\00000016-PHOTO-2024-1-26-16-29-0.jpg
00000018-PHOTO-2024-1-26-19-31-0.jpg,.jpg,0.0767,data\raw\cgmacros\CGMacros\CGMacros-013\photos\00000018-PHOTO-2024-1-26-19-31-0.jpg
00000019-PHOTO-2024-1-26-19-42-0.jpg,.jpg,0.079,data\raw\cgmacros\CGMacros\CGMacros-013\photos\00000019-PHOTO-2024-1-26-19-42-0.jpg
00000020-PHOTO-2024-1-27-8-42-0.jpg,.jpg,0.0756,data\raw\cgmacros\CGMacros\CGMacros-013\photos\00000020-PHOTO-2024-1-27-8-42-0.jpg
00000021-PHOTO-2024-1-27-8-52-0.jpg,.jpg,0.0913,data\raw\cgmacros\CGMacros\CGMacros-013\photos\00000021-PHOTO-2024-1-27-8-52-0.jpg
00000022-PHOTO-2024-1-27-9-2-0.jpg,.jpg,0.1453,data\raw\cgmacros\CGMacros\CGMacros-013\photos\00000022-PHOTO-2024-1-27-9-2-0.jpg
00000024-PHOTO-2024-1-27-9-20-0.jpg,.jpg,0.0994,data\raw\cgmacros\CGMacros\CGMacros-013\photos\00000024-PHOTO-2024-1-27-9-20-0.jpg
00000027-PHOTO-2024-1-27-11-56-0.jpg,.jpg,0.1133,data\raw\cgmacros\CGMacros\CGMacros-013\photos\00000027-PHOTO-2024-1-27-11-56-0.jpg
00000028-PHOTO-2024-1-27-12-13-0.jpg,.jpg,0.1068,data\raw\cgmacros\CGMacros\CGMacros-013\photos\00000028-PHOTO-2024-1-27-12-13-0.jpg
00000029-PHOTO-2024-1-27-15-19-0.jpg,.jpg,0.1789,data\raw\cgmacros\CGMacros\CGMacros-013\photos\00000029-PHOTO-2024-1-27-15-19-0.jpg
00000030-PHOTO-2024-1-27-15-46-0.jpg,.jpg,0.1712,data\raw\cgmacros\CGMacros\CGMacros-013\photos\00000030-PHOTO-2024-1-27-15-46-0.jpg
00000031-PHOTO-2024-1-28-7-43-0.jpg,.jpg,0.0604,data\raw\cgmacros\CGMacros\CGMacros-013\photos\00000031-PHOTO-2024-1-28-7-43-0.jpg
00000032-PHOTO-2024-1-28-7-52-0.jpg,.jpg,0.0849,data\raw\cgmacros\CGMacros\CGMacros-013\photos\00000032-PHOTO-2024-1-28-7-52-0.jpg
00000033-PHOTO-2024-1-28-7-55-0.jpg,.jpg,0.1714,data\raw\cgmacros\CGMacros\CGMacros-013\photos\00000033-PHOTO-2024-1-28-7-55-0.jpg
00000034-PHOTO-2024-1-28-8-17-0.jpg,.jpg,0.0697,data\raw\cgmacros\CGMacros\CGMacros-013\photos\00000034-PHOTO-2024-1-28-8-17-0.jpg
00000035-PHOTO-2024-1-28-11-45-0.jpg,.jpg,0.1843,data\raw\cgmacros\CGMacros\CGMacros-013\photos\00000035-PHOTO-2024-1-28-11-45-0.jpg
00000036-PHOTO-2024-1-28-12-2-0.jpg,.jpg,0.36,data\raw\cgmacros\CGMacros\CGMacros-013\photos\00000036-PHOTO-2024-1-28-12-2-0.jpg
00000037-PHOTO-2024-1-28-16-7-0.jpg,.jpg,0.1602,data\raw\cgmacros\CGMacros\CGMacros-013\photos\00000037-PHOTO-2024-1-28-16-7-0.jpg
00000038-PHOTO-2024-1-28-16-30-0.jpg,.jpg,0.145,data\raw\cgmacros\CGMacros\CGMacros-013\photos\00000038-PHOTO-2024-1-28-16-30-0.jpg
00000039-PHOTO-2024-1-29-7-49-0.jpg,.jpg,0.0798,data\raw\cgmacros\CGMacros\CGMacros-013\photos\00000039-PHOTO-2024-1-29-7-49-0.jpg
00000040-PHOTO-2024-1-29-7-58-0.jpg,.jpg,0.0605,data\raw\cgmacros\CGMacros\CGMacros-013\photos\00000040-PHOTO-2024-1-29-7-58-0.jpg
00000042-PHOTO-2024-1-29-12-10-0.jpg,.jpg,0.2183,data\raw\cgmacros\CGMacros\CGMacros-013\photos\00000042-PHOTO-2024-1-29-12-10-0.jpg
00000043-PHOTO-2024-1-29-12-34-0.jpg,.jpg,0.2707,data\raw\cgmacros\CGMacros\CGMacros-013\photos\00000043-PHOTO-2024-1-29-12-34-0.jpg
00000044-PHOTO-2024-1-29-16-23-0.jpg,.jpg,0.1628,data\raw\cgmacros\CGMacros\CGMacros-013\photos\00000044-PHOTO-2024-1-29-16-23-0.jpg
00000045-PHOTO-2024-1-29-16-45-0.jpg,.jpg,0.1317,data\raw\cgmacros\CGMacros\CGMacros-013\photos\00000045-PHOTO-2024-1-29-16-45-0.jpg
00000046-PHOTO-2024-1-29-18-32-0.jpg,.jpg,0.17,data\raw\cgmacros\CGMacros\CGMacros-013\photos\00000046-PHOTO-2024-1-29-18-32-0.jpg
00000047-PHOTO-2024-1-29-18-44-0.jpg,.jpg,0.0924,data\raw\cgmacros\CGMacros\CGMacros-013\photos\00000047-PHOTO-2024-1-29-18-44-0.jpg
00000048-PHOTO-2024-1-30-9-23-0.jpg,.jpg,0.1315,data\raw\cgmacros\CGMacros\CGMacros-013\photos\00000048-PHOTO-2024-1-30-9-23-0.jpg
00000049-PHOTO-2024-1-30-9-25-0.jpg,.jpg,0.1065,data\raw\cgmacros\CGMacros\CGMacros-013\photos\00000049-PHOTO-2024-1-30-9-25-0.jpg
00000050-PHOTO-2024-1-30-12-25-0.jpg,.jpg,0.3905,data\raw\cgmacros\CGMacros\CGMacros-013\photos\00000050-PHOTO-2024-1-30-12-25-0.jpg
00000051-PHOTO-2024-1-30-12-46-0.jpg,.jpg,0.3787,data\raw\cgmacros\CGMacros\CGMacros-013\photos\00000051-PHOTO-2024-1-30-12-46-0.jpg
00000052-PHOTO-2024-1-30-15-58-0.jpg,.jpg,0.1735,data\raw\cgmacros\CGMacros\CGMacros-013\photos\00000052-PHOTO-2024-1-30-15-58-0.jpg
00000053-PHOTO-2024-1-30-16-25-0.jpg,.jpg,0.1661,data\raw\cgmacros\CGMacros\CGMacros-013\photos\00000053-PHOTO-2024-1-30-16-25-0.jpg
00000054-PHOTO-2024-1-30-16-49-0.jpg,.jpg,0.1717,data\raw\cgmacros\CGMacros\CGMacros-013\photos\00000054-PHOTO-2024-1-30-16-49-0.jpg
00000055-PHOTO-2024-1-31-7-21-0.jpg,.jpg,0.0585,data\raw\cgmacros\CGMacros\CGMacros-013\photos\00000055-PHOTO-2024-1-31-7-21-0.jpg
00000056-PHOTO-2024-1-31-7-28-0.jpg,.jpg,0.0584,data\raw\cgmacros\CGMacros\CGMacros-013\photos\00000056-PHOTO-2024-1-31-7-28-0.jpg
00000057-PHOTO-2024-1-31-7-33-0.jpg,.jpg,0.1147,data\raw\cgmacros\CGMacros\CGMacros-013\photos\00000057-PHOTO-2024-1-31-7-33-0.jpg
00000058-PHOTO-2024-1-31-11-20-0.jpg,.jpg,0.3599,data\raw\cgmacros\CGMacros\CGMacros-013\photos\00000058-PHOTO-2024-1-31-11-20-0.jpg
00000059-PHOTO-2024-1-31-11-33-0.jpg,.jpg,0.1744,data\raw\cgmacros\CGMacros\CGMacros-013\photos\00000059-PHOTO-2024-1-31-11-33-0.jpg
00000060-PHOTO-2024-1-31-15-56-0.jpg,.jpg,0.1487,data\raw\cgmacros\CGMacros\CGMacros-013\photos\00000060-PHOTO-2024-1-31-15-56-0.jpg
00000061-PHOTO-2024-1-31-16-26-0.jpg,.jpg,0.246,data\raw\cgmacros\CGMacros\CGMacros-013\photos\00000061-PHOTO-2024-1-31-16-26-0.jpg
00000062-PHOTO-2024-1-31-19-6-0.jpg,.jpg,0.1085,data\raw\cgmacros\CGMacros\CGMacros-013\photos\00000062-PHOTO-2024-1-31-19-6-0.jpg
00000063-PHOTO-2024-2-1-6-57-0.jpg,.jpg,0.0665,data\raw\cgmacros\CGMacros\CGMacros-013\photos\00000063-PHOTO-2024-2-1-6-57-0.jpg
00000064-PHOTO-2024-2-1-7-7-0.jpg,.jpg,0.072,data\raw\cgmacros\CGMacros\CGMacros-013\photos\00000064-PHOTO-2024-2-1-7-7-0.jpg
00000065-PHOTO-2024-2-1-11-44-0.jpg,.jpg,0.1661,data\raw\cgmacros\CGMacros\CGMacros-013\photos\00000065-PHOTO-2024-2-1-11-44-0.jpg
00000066-PHOTO-2024-2-1-12-3-0.jpg,.jpg,0.1503,data\raw\cgmacros\CGMacros\CGMacros-013\photos\00000066-PHOTO-2024-2-1-12-3-0.jpg
00000067-PHOTO-2024-2-1-16-20-0.jpg,.jpg,0.1028,data\raw\cgmacros\CGMacros\CGMacros-013\photos\00000067-PHOTO-2024-2-1-16-20-0.jpg
00000069-PHOTO-2024-2-1-16-50-0.jpg,.jpg,0.0879,data\raw\cgmacros\CGMacros\CGMacros-013\photos\00000069-PHOTO-2024-2-1-16-50-0.jpg
00000070-PHOTO-2024-2-1-16-57-0.jpg,.jpg,0.1385,data\raw\cgmacros\CGMacros\CGMacros-013\photos\00000070-PHOTO-2024-2-1-16-57-0.jpg
00000071-PHOTO-2024-2-1-17-15-0.jpg,.jpg,0.1623,data\raw\cgmacros\CGMacros\CGMacros-013\photos\00000071-PHOTO-2024-2-1-17-15-0.jpg
00000072-PHOTO-2024-2-1-19-53-0.jpg,.jpg,0.1782,data\raw\cgmacros\CGMacros\CGMacros-013\photos\00000072-PHOTO-2024-2-1-19-53-0.jpg
00000073-PHOTO-2024-2-2-6-56-0.jpg,.jpg,0.2018,data\raw\cgmacros\CGMacros\CGMacros-013\photos\00000073-PHOTO-2024-2-2-6-56-0.jpg
00000074-PHOTO-2024-2-2-12-39-0.jpg,.jpg,0.198,data\raw\cgmacros\CGMacros\CGMacros-013\photos\00000074-PHOTO-2024-2-2-12-39-0.jpg
00000075-PHOTO-2024-2-2-12-39-0.jpg,.jpg,0.1489,data\raw\cgmacros\CGMacros\CGMacros-013\photos\00000075-PHOTO-2024-2-2-12-39-0.jpg
00000076-PHOTO-2024-2-2-15-41-0.jpg,.jpg,0.158,data\raw\cgmacros\CGMacros\CGMacros-013\photos\00000076-PHOTO-2024-2-2-15-41-0.jpg
00000077-PHOTO-2024-2-2-16-2-0.jpg,.jpg,0.1342,data\raw\cgmacros\CGMacros\CGMacros-013\photos\00000077-PHOTO-2024-2-2-16-2-0.jpg
00000078-PHOTO-2024-2-2-18-19-0.jpg,.jpg,0.1598,data\raw\cgmacros\CGMacros\CGMacros-013\photos\00000078-PHOTO-2024-2-2-18-19-0.jpg
00000079-PHOTO-2024-2-3-8-8-0.jpg,.jpg,0.0829,data\raw\cgmacros\CGMacros\CGMacros-013\photos\00000079-PHOTO-2024-2-3-8-8-0.jpg
00000080-PHOTO-2024-2-3-8-13-0.jpg,.jpg,0.0448,data\raw\cgmacros\CGMacros\CGMacros-013\photos\00000080-PHOTO-2024-2-3-8-13-0.jpg
00000081-PHOTO-2024-2-3-8-34-0.jpg,.jpg,0.143,data\raw\cgmacros\CGMacros\CGMacros-013\photos\00000081-PHOTO-2024-2-3-8-34-0.jpg
00000082-PHOTO-2024-2-3-11-4-0.jpg,.jpg,0.193,data\raw\cgmacros\CGMacros\CGMacros-013\photos\00000082-PHOTO-2024-2-3-11-4-0.jpg
00000083-PHOTO-2024-2-3-11-31-0.jpg,.jpg,0.1909,data\raw\cgmacros\CGMacros\CGMacros-013\photos\00000083-PHOTO-2024-2-3-11-31-0.jpg
00000084-PHOTO-2024-2-3-15-58-0.jpg,.jpg,0.1481,data\raw\cgmacros\CGMacros\CGMacros-013\photos\00000084-PHOTO-2024-2-3-15-58-0.jpg
00000085-PHOTO-2024-2-3-16-19-0.jpg,.jpg,0.1631,data\raw\cgmacros\CGMacros\CGMacros-013\photos\00000085-PHOTO-2024-2-3-16-19-0.jpg
00000086-PHOTO-2024-2-4-7-7-0.jpg,.jpg,0.0765,data\raw\cgmacros\CGMacros\CGMacros-013\photos\00000086-PHOTO-2024-2-4-7-7-0.jpg
00000087-PHOTO-2024-2-4-7-16-0.jpg,.jpg,0.136,data\raw\cgmacros\CGMacros\CGMacros-013\photos\00000087-PHOTO-2024-2-4-7-16-0.jpg
00000088-PHOTO-2024-2-4-7-17-0.jpg,.jpg,0.0763,data\raw\cgmacros\CGMacros\CGMacros-013\photos\00000088-PHOTO-2024-2-4-7-17-0.jpg
00000003-PHOTO-2023-2-20-10-56-0.jpg,.jpg,0.0548,data\raw\cgmacros\CGMacros\CGMacros-012\photos\00000003-PHOTO-2023-2-20-10-56-0.jpg
00000006-PHOTO-2023-2-26-8-10-0.jpg,.jpg,0.096,data\raw\cgmacros\CGMacros\CGMacros-012\photos\00000006-PHOTO-2023-2-26-8-10-0.jpg
00000007-PHOTO-2023-2-26-8-11-0.jpg,.jpg,0.0893,data\raw\cgmacros\CGMacros\CGMacros-012\photos\00000007-PHOTO-2023-2-26-8-11-0.jpg
00000008-PHOTO-2023-2-26-8-20-0.jpg,.jpg,0.0641,data\raw\cgmacros\CGMacros\CGMacros-012\photos\00000008-PHOTO-2023-2-26-8-20-0.jpg
00000009-PHOTO-2023-2-26-15-4-0.jpg,.jpg,0.1194,data\raw\cgmacros\CGMacros\CGMacros-012\photos\00000009-PHOTO-2023-2-26-15-4-0.jpg
00000010-PHOTO-2023-2-26-15-14-0.jpg,.jpg,0.1027,data\raw\cgmacros\CGMacros\CGMacros-012\photos\00000010-PHOTO-2023-2-26-15-14-0.jpg
00000011-PHOTO-2023-2-26-20-48-0.jpg,.jpg,0.1177,data\raw\cgmacros\CGMacros\CGMacros-012\photos\00000011-PHOTO-2023-2-26-20-48-0.jpg
00000012-PHOTO-2023-2-26-21-6-0.jpg,.jpg,0.0996,data\raw\cgmacros\CGMacros\CGMacros-012\photos\00000012-PHOTO-2023-2-26-21-6-0.jpg
00000013-PHOTO-2023-2-27-9-16-0.jpg,.jpg,0.0974,data\raw\cgmacros\CGMacros\CGMacros-012\photos\00000013-PHOTO-2023-2-27-9-16-0.jpg
00000014-PHOTO-2023-2-27-9-22-0.jpg,.jpg,0.1125,data\raw\cgmacros\CGMacros\CGMacros-012\photos\00000014-PHOTO-2023-2-27-9-22-0.jpg
00000015-PHOTO-2023-2-27-14-22-0.jpg,.jpg,0.1263,data\raw\cgmacros\CGMacros\CGMacros-012\photos\00000015-PHOTO-2023-2-27-14-22-0.jpg
00000016-PHOTO-2023-2-27-14-36-0.jpg,.jpg,0.0821,data\raw\cgmacros\CGMacros\CGMacros-012\photos\00000016-PHOTO-2023-2-27-14-36-0.jpg
00000017-PHOTO-2023-2-27-20-49-0.jpg,.jpg,0.1209,data\raw\cgmacros\CGMacros\CGMacros-012\photos\00000017-PHOTO-2023-2-27-20-49-0.jpg
00000018-PHOTO-2023-2-27-21-8-0.jpg,.jpg,0.1123,data\raw\cgmacros\CGMacros\CGMacros-012\photos\00000018-PHOTO-2023-2-27-21-8-0.jpg
00000019-PHOTO-2023-2-28-9-39-0.jpg,.jpg,0.0925,data\raw\cgmacros\CGMacros\CGMacros-012\photos\00000019-PHOTO-2023-2-28-9-39-0.jpg
00000020-PHOTO-2023-2-28-9-47-0.jpg,.jpg,0.0962,data\raw\cgmacros\CGMacros\CGMacros-012\photos\00000020-PHOTO-2023-2-28-9-47-0.jpg
00000021-PHOTO-2023-2-28-14-21-0.jpg,.jpg,0.121,data\raw\cgmacros\CGMacros\CGMacros-012\photos\00000021-PHOTO-2023-2-28-14-21-0.jpg
00000022-PHOTO-2023-2-28-14-35-0.jpg,.jpg,0.0925,data\raw\cgmacros\CGMacros\CGMacros-012\photos\00000022-PHOTO-2023-2-28-14-35-0.jpg
00000023-PHOTO-2023-2-28-17-53-0.jpg,.jpg,0.1169,data\raw\cgmacros\CGMacros\CGMacros-012\photos\00000023-PHOTO-2023-2-28-17-53-0.jpg
00000024-PHOTO-2023-2-28-17-57-0.jpg,.jpg,0.0863,data\raw\cgmacros\CGMacros\CGMacros-012\photos\00000024-PHOTO-2023-2-28-17-57-0.jpg
00000025-PHOTO-2023-2-28-20-42-0.jpg,.jpg,0.1204,data\raw\cgmacros\CGMacros\CGMacros-012\photos\00000025-PHOTO-2023-2-28-20-42-0.jpg
00000026-PHOTO-2023-2-28-20-56-0.jpg,.jpg,0.1074,data\raw\cgmacros\CGMacros\CGMacros-012\photos\00000026-PHOTO-2023-2-28-20-56-0.jpg
00000027-PHOTO-2023-3-1-9-10-0.jpg,.jpg,0.1123,data\raw\cgmacros\CGMacros\CGMacros-012\photos\00000027-PHOTO-2023-3-1-9-10-0.jpg
00000028-PHOTO-2023-3-1-9-18-0.jpg,.jpg,0.1021,data\raw\cgmacros\CGMacros\CGMacros-012\photos\00000028-PHOTO-2023-3-1-9-18-0.jpg
00000029-PHOTO-2023-3-1-14-23-0.jpg,.jpg,0.1123,data\raw\cgmacros\CGMacros\CGMacros-012\photos\00000029-PHOTO-2023-3-1-14-23-0.jpg
00000030-PHOTO-2023-3-1-14-30-0.jpg,.jpg,0.1452,data\raw\cgmacros\CGMacros\CGMacros-012\photos\00000030-PHOTO-2023-3-1-14-30-0.jpg
00000031-PHOTO-2023-3-1-17-37-0.jpg,.jpg,0.07,data\raw\cgmacros\CGMacros\CGMacros-012\photos\00000031-PHOTO-2023-3-1-17-37-0.jpg
00000032-PHOTO-2023-3-1-20-59-0.jpg,.jpg,0.1234,data\raw\cgmacros\CGMacros\CGMacros-012\photos\00000032-PHOTO-2023-3-1-20-59-0.jpg
00000033-PHOTO-2023-3-1-21-7-0.jpg,.jpg,0.102,data\raw\cgmacros\CGMacros\CGMacros-012\photos\00000033-PHOTO-2023-3-1-21-7-0.jpg
00000034-PHOTO-2023-3-2-11-28-0.jpg,.jpg,0.078,data\raw\cgmacros\CGMacros\CGMacros-012\photos\00000034-PHOTO-2023-3-2-11-28-0.jpg
00000035-PHOTO-2023-3-2-11-33-0.jpg,.jpg,0.0952,data\raw\cgmacros\CGMacros\CGMacros-012\photos\00000035-PHOTO-2023-3-2-11-33-0.jpg
00000036-PHOTO-2023-3-2-16-6-0.jpg,.jpg,0.1477,data\raw\cgmacros\CGMacros\CGMacros-012\photos\00000036-PHOTO-2023-3-2-16-6-0.jpg
00000037-PHOTO-2023-3-2-16-11-0.jpg,.jpg,0.111,data\raw\cgmacros\CGMacros\CGMacros-012\photos\00000037-PHOTO-2023-3-2-16-11-0.jpg
00000038-PHOTO-2023-3-2-20-4-0.jpg,.jpg,0.0883,data\raw\cgmacros\CGMacros\CGMacros-012\photos\00000038-PHOTO-2023-3-2-20-4-0.jpg
00000039-PHOTO-2023-3-2-20-17-0.jpg,.jpg,0.0754,data\raw\cgmacros\CGMacros\CGMacros-012\photos\00000039-PHOTO-2023-3-2-20-17-0.jpg
00000040-PHOTO-2023-3-3-9-46-0.jpg,.jpg,0.121,data\raw\cgmacros\CGMacros\CGMacros-012\photos\00000040-PHOTO-2023-3-3-9-46-0.jpg
00000041-PHOTO-2023-3-3-9-52-0.jpg,.jpg,0.0857,data\raw\cgmacros\CGMacros\CGMacros-012\photos\00000041-PHOTO-2023-3-3-9-52-0.jpg
00000042-PHOTO-2023-3-3-14-27-0.jpg,.jpg,0.0981,data\raw\cgmacros\CGMacros\CGMacros-012\photos\00000042-PHOTO-2023-3-3-14-27-0.jpg
00000043-PHOTO-2023-3-3-14-41-0.jpg,.jpg,0.0835,data\raw\cgmacros\CGMacros\CGMacros-012\photos\00000043-PHOTO-2023-3-3-14-41-0.jpg
00000044-PHOTO-2023-3-3-21-24-0.jpg,.jpg,0.2012,data\raw\cgmacros\CGMacros\CGMacros-012\photos\00000044-PHOTO-2023-3-3-21-24-0.jpg
00000045-PHOTO-2023-3-3-21-38-0.jpg,.jpg,0.162,data\raw\cgmacros\CGMacros\CGMacros-012\photos\00000045-PHOTO-2023-3-3-21-38-0.jpg
00000046-PHOTO-2023-3-4-9-23-0.jpg,.jpg,0.0889,data\raw\cgmacros\CGMacros\CGMacros-012\photos\00000046-PHOTO-2023-3-4-9-23-0.jpg
00000047-PHOTO-2023-3-4-9-37-0.jpg,.jpg,0.0978,data\raw\cgmacros\CGMacros\CGMacros-012\photos\00000047-PHOTO-2023-3-4-9-37-0.jpg
00000048-PHOTO-2023-3-4-15-1-0.jpg,.jpg,0.1607,data\raw\cgmacros\CGMacros\CGMacros-012\photos\00000048-PHOTO-2023-3-4-15-1-0.jpg
00000049-PHOTO-2023-3-4-15-17-0.jpg,.jpg,0.1071,data\raw\cgmacros\CGMacros\CGMacros-012\photos\00000049-PHOTO-2023-3-4-15-17-0.jpg
00000050-PHOTO-2023-3-4-22-26-0.jpg,.jpg,0.1437,data\raw\cgmacros\CGMacros\CGMacros-012\photos\00000050-PHOTO-2023-3-4-22-26-0.jpg
00000051-PHOTO-2023-3-4-22-42-0.jpg,.jpg,0.0556,data\raw\cgmacros\CGMacros\CGMacros-012\photos\00000051-PHOTO-2023-3-4-22-42-0.jpg
00000052-PHOTO-2023-3-5-9-58-0.jpg,.jpg,0.1331,data\raw\cgmacros\CGMacros\CGMacros-012\photos\00000052-PHOTO-2023-3-5-9-58-0.jpg
00000053-PHOTO-2023-3-5-10-8-0.jpg,.jpg,0.1619,data\raw\cgmacros\CGMacros\CGMacros-012\photos\00000053-PHOTO-2023-3-5-10-8-0.jpg
00000054-PHOTO-2023-3-5-14-25-0.jpg,.jpg,0.1148,data\raw\cgmacros\CGMacros\CGMacros-012\photos\00000054-PHOTO-2023-3-5-14-25-0.jpg
00000055-PHOTO-2023-3-5-14-39-0.jpg,.jpg,0.1684,data\raw\cgmacros\CGMacros\CGMacros-012\photos\00000055-PHOTO-2023-3-5-14-39-0.jpg
00000056-PHOTO-2023-3-5-20-28-0.jpg,.jpg,0.1893,data\raw\cgmacros\CGMacros\CGMacros-012\photos\00000056-PHOTO-2023-3-5-20-28-0.jpg
00000057-PHOTO-2023-3-5-20-37-0.jpg,.jpg,0.1368,data\raw\cgmacros\CGMacros\CGMacros-012\photos\00000057-PHOTO-2023-3-5-20-37-0.jpg
00000058-PHOTO-2023-3-6-10-59-0.jpg,.jpg,0.2129,data\raw\cgmacros\CGMacros\CGMacros-012\photos\00000058-PHOTO-2023-3-6-10-59-0.jpg
00000059-PHOTO-2023-3-6-14-49-0.jpg,.jpg,0.0849,data\raw\cgmacros\CGMacros\CGMacros-012\photos\00000059-PHOTO-2023-3-6-14-49-0.jpg
00000060-PHOTO-2023-3-6-14-55-0.jpg,.jpg,0.0768,data\raw\cgmacros\CGMacros\CGMacros-012\photos\00000060-PHOTO-2023-3-6-14-55-0.jpg
00000061-PHOTO-2023-3-6-19-22-0.jpg,.jpg,0.1465,data\raw\cgmacros\CGMacros\CGMacros-012\photos\00000061-PHOTO-2023-3-6-19-22-0.jpg
00000062-PHOTO-2023-3-6-19-46-0.jpg,.jpg,0.0974,data\raw\cgmacros\CGMacros\CGMacros-012\photos\00000062-PHOTO-2023-3-6-19-46-0.jpg
00000063-PHOTO-2023-3-6-21-24-0.jpg,.jpg,0.067,data\raw\cgmacros\CGMacros\CGMacros-012\photos\00000063-PHOTO-2023-3-6-21-24-0.jpg
00000064-PHOTO-2023-3-7-9-22-0.jpg,.jpg,0.0923,data\raw\cgmacros\CGMacros\CGMacros-012\photos\00000064-PHOTO-2023-3-7-9-22-0.jpg
00000065-PHOTO-2023-3-7-9-30-0.jpg,.jpg,0.1101,data\raw\cgmacros\CGMacros\CGMacros-012\photos\00000065-PHOTO-2023-3-7-9-30-0.jpg
00000066-PHOTO-2023-3-7-14-42-0.jpg,.jpg,0.1617,data\raw\cgmacros\CGMacros\CGMacros-012\photos\00000066-PHOTO-2023-3-7-14-42-0.jpg
00000067-PHOTO-2023-3-7-15-0-0.jpg,.jpg,0.165,data\raw\cgmacros\CGMacros\CGMacros-012\photos\00000067-PHOTO-2023-3-7-15-0-0.jpg
00000068-PHOTO-2023-3-7-21-17-0.jpg,.jpg,0.1038,data\raw\cgmacros\CGMacros\CGMacros-012\photos\00000068-PHOTO-2023-3-7-21-17-0.jpg
00000069-PHOTO-2023-3-7-21-17-0.jpg,.jpg,0.1335,data\raw\cgmacros\CGMacros\CGMacros-012\photos\00000069-PHOTO-2023-3-7-21-17-0.jpg
00000070-PHOTO-2023-3-8-9-33-0.jpg,.jpg,0.1093,data\raw\cgmacros\CGMacros\CGMacros-012\photos\00000070-PHOTO-2023-3-8-9-33-0.jpg
00000071-PHOTO-2023-3-8-9-45-0.jpg,.jpg,0.1041,data\raw\cgmacros\CGMacros\CGMacros-012\photos\00000071-PHOTO-2023-3-8-9-45-0.jpg
00000002-PHOTO-2020-9-19-12-19-0.jpg,.jpg,0.0881,data\raw\cgmacros\CGMacros\CGMacros-011\photos\00000002-PHOTO-2020-9-19-12-19-0.jpg
00000003-PHOTO-2020-10-3-8-42-0.jpg,.jpg,0.0893,data\raw\cgmacros\CGMacros\CGMacros-011\photos\00000003-PHOTO-2020-10-3-8-42-0.jpg
00000004-PHOTO-2020-10-3-8-47-0.jpg,.jpg,0.0799,data\raw\cgmacros\CGMacros\CGMacros-011\photos\00000004-PHOTO-2020-10-3-8-47-0.jpg
00000005-PHOTO-2020-10-3-9-36-0.jpg,.jpg,0.0822,data\raw\cgmacros\CGMacros\CGMacros-011\photos\00000005-PHOTO-2020-10-3-9-36-0.jpg
00000006-PHOTO-2020-10-3-10-45-0.jpg,.jpg,0.1038,data\raw\cgmacros\CGMacros\CGMacros-011\photos\00000006-PHOTO-2020-10-3-10-45-0.jpg
00000007-PHOTO-2020-10-3-12-17-0.jpg,.jpg,0.2509,data\raw\cgmacros\CGMacros\CGMacros-011\photos\00000007-PHOTO-2020-10-3-12-17-0.jpg
00000008-PHOTO-2020-10-3-12-43-0.jpg,.jpg,0.2781,data\raw\cgmacros\CGMacros\CGMacros-011\photos\00000008-PHOTO-2020-10-3-12-43-0.jpg
00000009-PHOTO-2020-10-4-7-25-0.jpg,.jpg,0.0982,data\raw\cgmacros\CGMacros\CGMacros-011\photos\00000009-PHOTO-2020-10-4-7-25-0.jpg
00000010-PHOTO-2020-10-4-7-39-0.jpg,.jpg,0.1337,data\raw\cgmacros\CGMacros\CGMacros-011\photos\00000010-PHOTO-2020-10-4-7-39-0.jpg
00000011-PHOTO-2020-10-4-12-0-0.jpg,.jpg,0.1666,data\raw\cgmacros\CGMacros\CGMacros-011\photos\00000011-PHOTO-2020-10-4-12-0-0.jpg
00000012-PHOTO-2020-10-4-12-20-0.jpg,.jpg,0.1128,data\raw\cgmacros\CGMacros\CGMacros-011\photos\00000012-PHOTO-2020-10-4-12-20-0.jpg
00000013-PHOTO-2020-10-4-15-23-0.jpg,.jpg,0.1145,data\raw\cgmacros\CGMacros\CGMacros-011\photos\00000013-PHOTO-2020-10-4-15-23-0.jpg
00000014-PHOTO-2020-10-4-16-22-0.jpg,.jpg,0.1039,data\raw\cgmacros\CGMacros\CGMacros-011\photos\00000014-PHOTO-2020-10-4-16-22-0.jpg
00000015-PHOTO-2020-10-5-7-30-0.jpg,.jpg,0.1225,data\raw\cgmacros\CGMacros\CGMacros-011\photos\00000015-PHOTO-2020-10-5-7-30-0.jpg
00000016-PHOTO-2020-10-5-7-45-0.jpg,.jpg,0.1184,data\raw\cgmacros\CGMacros\CGMacros-011\photos\00000016-PHOTO-2020-10-5-7-45-0.jpg
00000017-PHOTO-2020-10-5-11-58-0.jpg,.jpg,0.2047,data\raw\cgmacros\CGMacros\CGMacros-011\photos\00000017-PHOTO-2020-10-5-11-58-0.jpg
00000018-PHOTO-2020-10-5-12-15-0.jpg,.jpg,0.1678,data\raw\cgmacros\CGMacros\CGMacros-011\photos\00000018-PHOTO-2020-10-5-12-15-0.jpg
00000019-PHOTO-2020-10-5-18-53-0.jpg,.jpg,0.1611,data\raw\cgmacros\CGMacros\CGMacros-011\photos\00000019-PHOTO-2020-10-5-18-53-0.jpg
00000020-PHOTO-2020-10-5-19-8-0.jpg,.jpg,0.1017,data\raw\cgmacros\CGMacros\CGMacros-011\photos\00000020-PHOTO-2020-10-5-19-8-0.jpg
00000021-PHOTO-2020-10-5-23-52-0.jpg,.jpg,0.1072,data\raw\cgmacros\CGMacros\CGMacros-011\photos\00000021-PHOTO-2020-10-5-23-52-0.jpg
00000022-PHOTO-2020-10-6-0-12-0.jpg,.jpg,0.0524,data\raw\cgmacros\CGMacros\CGMacros-011\photos\00000022-PHOTO-2020-10-6-0-12-0.jpg
00000023-PHOTO-2020-10-6-7-32-0.jpg,.jpg,0.0954,data\raw\cgmacros\CGMacros\CGMacros-011\photos\00000023-PHOTO-2020-10-6-7-32-0.jpg
00000024-PHOTO-2020-10-6-7-46-0.jpg,.jpg,0.1037,data\raw\cgmacros\CGMacros\CGMacros-011\photos\00000024-PHOTO-2020-10-6-7-46-0.jpg
00000025-PHOTO-2020-10-6-12-1-0.jpg,.jpg,0.2037,data\raw\cgmacros\CGMacros\CGMacros-011\photos\00000025-PHOTO-2020-10-6-12-1-0.jpg
00000026-PHOTO-2020-10-6-12-19-0.jpg,.jpg,0.168,data\raw\cgmacros\CGMacros\CGMacros-011\photos\00000026-PHOTO-2020-10-6-12-19-0.jpg
00000027-PHOTO-2020-10-6-15-38-0.jpg,.jpg,0.1015,data\raw\cgmacros\CGMacros\CGMacros-011\photos\00000027-PHOTO-2020-10-6-15-38-0.jpg
00000028-PHOTO-2020-10-6-15-45-0.jpg,.jpg,0.0976,data\raw\cgmacros\CGMacros\CGMacros-011\photos\00000028-PHOTO-2020-10-6-15-45-0.jpg
00000029-PHOTO-2020-10-6-19-5-0.jpg,.jpg,0.1517,data\raw\cgmacros\CGMacros\CGMacros-011\photos\00000029-PHOTO-2020-10-6-19-5-0.jpg
00000030-PHOTO-2020-10-6-19-20-0.jpg,.jpg,0.0658,data\raw\cgmacros\CGMacros\CGMacros-011\photos\00000030-PHOTO-2020-10-6-19-20-0.jpg
00000031-PHOTO-2020-10-7-7-0-0.jpg,.jpg,0.0865,data\raw\cgmacros\CGMacros\CGMacros-011\photos\00000031-PHOTO-2020-10-7-7-0-0.jpg
00000032-PHOTO-2020-10-7-7-16-0.jpg,.jpg,0.1124,data\raw\cgmacros\CGMacros\CGMacros-011\photos\00000032-PHOTO-2020-10-7-7-16-0.jpg
00000033-PHOTO-2020-10-7-8-6-0.jpg,.jpg,0.0711,data\raw\cgmacros\CGMacros\CGMacros-011\photos\00000033-PHOTO-2020-10-7-8-6-0.jpg
00000034-PHOTO-2020-10-7-9-20-0.jpg,.jpg,0.1178,data\raw\cgmacros\CGMacros\CGMacros-011\photos\00000034-PHOTO-2020-10-7-9-20-0.jpg
00000035-PHOTO-2020-10-7-9-20-0.jpg,.jpg,0.0797,data\raw\cgmacros\CGMacros\CGMacros-011\photos\00000035-PHOTO-2020-10-7-9-20-0.jpg
00000036-PHOTO-2020-10-7-13-34-0.jpg,.jpg,0.1953,data\raw\cgmacros\CGMacros\CGMacros-011\photos\00000036-PHOTO-2020-10-7-13-34-0.jpg
00000037-PHOTO-2020-10-7-13-49-0.jpg,.jpg,0.1583,data\raw\cgmacros\CGMacros\CGMacros-011\photos\00000037-PHOTO-2020-10-7-13-49-0.jpg
00000038-PHOTO-2020-10-7-17-58-0.jpg,.jpg,0.1404,data\raw\cgmacros\CGMacros\CGMacros-011\photos\00000038-PHOTO-2020-10-7-17-58-0.jpg
00000039-PHOTO-2020-10-7-18-19-0.jpg,.jpg,0.1581,data\raw\cgmacros\CGMacros\CGMacros-011\photos\00000039-PHOTO-2020-10-7-18-19-0.jpg
00000040-PHOTO-2020-10-7-21-27-0.jpg,.jpg,0.0889,data\raw\cgmacros\CGMacros\CGMacros-011\photos\00000040-PHOTO-2020-10-7-21-27-0.jpg
00000041-PHOTO-2020-10-7-21-48-0.jpg,.jpg,0.0483,data\raw\cgmacros\CGMacros\CGMacros-011\photos\00000041-PHOTO-2020-10-7-21-48-0.jpg
00000042-PHOTO-2020-10-8-9-15-0.jpg,.jpg,0.1227,data\raw\cgmacros\CGMacros\CGMacros-011\photos\00000042-PHOTO-2020-10-8-9-15-0.jpg
00000043-PHOTO-2020-10-8-9-30-0.jpg,.jpg,0.156,data\raw\cgmacros\CGMacros\CGMacros-011\photos\00000043-PHOTO-2020-10-8-9-30-0.jpg
00000044-PHOTO-2020-10-8-12-57-0.jpg,.jpg,0.1909,data\raw\cgmacros\CGMacros\CGMacros-011\photos\00000044-PHOTO-2020-10-8-12-57-0.jpg
00000045-PHOTO-2020-10-8-13-15-0.jpg,.jpg,0.1635,data\raw\cgmacros\CGMacros\CGMacros-011\photos\00000045-PHOTO-2020-10-8-13-15-0.jpg
00000046-PHOTO-2020-10-8-17-50-0.jpg,.jpg,0.1759,data\raw\cgmacros\CGMacros\CGMacros-011\photos\00000046-PHOTO-2020-10-8-17-50-0.jpg
00000047-PHOTO-2020-10-8-18-22-0.jpg,.jpg,0.1216,data\raw\cgmacros\CGMacros\CGMacros-011\photos\00000047-PHOTO-2020-10-8-18-22-0.jpg
00000048-PHOTO-2020-10-9-10-22-0.jpg,.jpg,0.0954,data\raw\cgmacros\CGMacros\CGMacros-011\photos\00000048-PHOTO-2020-10-9-10-22-0.jpg
00000049-PHOTO-2020-10-9-10-33-0.jpg,.jpg,0.0649,data\raw\cgmacros\CGMacros\CGMacros-011\photos\00000049-PHOTO-2020-10-9-10-33-0.jpg
00000050-PHOTO-2020-10-9-12-25-0.jpg,.jpg,0.1967,data\raw\cgmacros\CGMacros\CGMacros-011\photos\00000050-PHOTO-2020-10-9-12-25-0.jpg
00000051-PHOTO-2020-10-9-12-38-0.jpg,.jpg,0.1689,data\raw\cgmacros\CGMacros\CGMacros-011\photos\00000051-PHOTO-2020-10-9-12-38-0.jpg
00000052-PHOTO-2020-10-9-17-43-0.jpg,.jpg,0.1686,data\raw\cgmacros\CGMacros\CGMacros-011\photos\00000052-PHOTO-2020-10-9-17-43-0.jpg
00000053-PHOTO-2020-10-9-18-14-0.jpg,.jpg,0.1225,data\raw\cgmacros\CGMacros\CGMacros-011\photos\00000053-PHOTO-2020-10-9-18-14-0.jpg
00000054-PHOTO-2020-10-10-7-52-0.jpg,.jpg,0.083,data\raw\cgmacros\CGMacros\CGMacros-011\photos\00000054-PHOTO-2020-10-10-7-52-0.jpg
00000055-PHOTO-2020-10-10-8-8-0.jpg,.jpg,0.1095,data\raw\cgmacros\CGMacros\CGMacros-011\photos\00000055-PHOTO-2020-10-10-8-8-0.jpg
00000056-PHOTO-2020-10-10-11-52-0.jpg,.jpg,0.1705,data\raw\cgmacros\CGMacros\CGMacros-011\photos\00000056-PHOTO-2020-10-10-11-52-0.jpg
00000057-PHOTO-2020-10-10-12-12-0.jpg,.jpg,0.159,data\raw\cgmacros\CGMacros\CGMacros-011\photos\00000057-PHOTO-2020-10-10-12-12-0.jpg
00000058-PHOTO-2020-10-10-15-49-0.jpg,.jpg,0.1409,data\raw\cgmacros\CGMacros\CGMacros-011\photos\00000058-PHOTO-2020-10-10-15-49-0.jpg
00000059-PHOTO-2020-10-10-16-44-0.jpg,.jpg,0.0731,data\raw\cgmacros\CGMacros\CGMacros-011\photos\00000059-PHOTO-2020-10-10-16-44-0.jpg
00000060-PHOTO-2020-10-10-19-4-0.jpg,.jpg,0.0995,data\raw\cgmacros\CGMacros\CGMacros-011\photos\00000060-PHOTO-2020-10-10-19-4-0.jpg
00000061-PHOTO-2020-10-11-0-0-0.jpg,.jpg,0.1049,data\raw\cgmacros\CGMacros\CGMacros-011\photos\00000061-PHOTO-2020-10-11-0-0-0.jpg
00000062-PHOTO-2020-10-11-0-9-0.jpg,.jpg,0.0953,data\raw\cgmacros\CGMacros\CGMacros-011\photos\00000062-PHOTO-2020-10-11-0-9-0.jpg
00000063-PHOTO-2020-10-11-7-30-0.jpg,.jpg,0.0761,data\raw\cgmacros\CGMacros\CGMacros-011\photos\00000063-PHOTO-2020-10-11-7-30-0.jpg
00000064-PHOTO-2020-10-11-7-46-0.jpg,.jpg,0.1419,data\raw\cgmacros\CGMacros\CGMacros-011\photos\00000064-PHOTO-2020-10-11-7-46-0.jpg
00000065-PHOTO-2020-10-11-11-54-0.jpg,.jpg,0.1587,data\raw\cgmacros\CGMacros\CGMacros-011\photos\00000065-PHOTO-2020-10-11-11-54-0.jpg
00000066-PHOTO-2020-10-11-12-5-0.jpg,.jpg,0.1078,data\raw\cgmacros\CGMacros\CGMacros-011\photos\00000066-PHOTO-2020-10-11-12-5-0.jpg
00000067-PHOTO-2020-10-11-18-33-0.jpg,.jpg,0.1584,data\raw\cgmacros\CGMacros\CGMacros-011\photos\00000067-PHOTO-2020-10-11-18-33-0.jpg
00000068-PHOTO-2020-10-11-18-53-0.jpg,.jpg,0.0998,data\raw\cgmacros\CGMacros\CGMacros-011\photos\00000068-PHOTO-2020-10-11-18-53-0.jpg
00000069-PHOTO-2020-10-12-0-4-0.jpg,.jpg,0.1947,data\raw\cgmacros\CGMacros\CGMacros-011\photos\00000069-PHOTO-2020-10-12-0-4-0.jpg
00000070-PHOTO-2020-10-12-0-20-0.jpg,.jpg,0.0658,data\raw\cgmacros\CGMacros\CGMacros-011\photos\00000070-PHOTO-2020-10-12-0-20-0.jpg
00000071-PHOTO-2020-10-12-7-30-0.jpg,.jpg,0.0879,data\raw\cgmacros\CGMacros\CGMacros-011\photos\00000071-PHOTO-2020-10-12-7-30-0.jpg
00000072-PHOTO-2020-10-12-7-33-0.jpg,.jpg,0.086,data\raw\cgmacros\CGMacros\CGMacros-011\photos\00000072-PHOTO-2020-10-12-7-33-0.jpg
00000073-PHOTO-2020-10-12-9-39-0.jpg,.jpg,0.1048,data\raw\cgmacros\CGMacros\CGMacros-011\photos\00000073-PHOTO-2020-10-12-9-39-0.jpg
00000074-PHOTO-2020-10-12-11-34-0.jpg,.jpg,0.0825,data\raw\cgmacros\CGMacros\CGMacros-011\photos\00000074-PHOTO-2020-10-12-11-34-0.jpg
00000075-PHOTO-2020-10-12-13-17-0.jpg,.jpg,0.1974,data\raw\cgmacros\CGMacros\CGMacros-011\photos\00000075-PHOTO-2020-10-12-13-17-0.jpg
00000076-PHOTO-2020-10-12-13-39-0.jpg,.jpg,0.3191,data\raw\cgmacros\CGMacros\CGMacros-011\photos\00000076-PHOTO-2020-10-12-13-39-0.jpg
00000077-PHOTO-2020-10-12-18-54-0.jpg,.jpg,0.1241,data\raw\cgmacros\CGMacros\CGMacros-011\photos\00000077-PHOTO-2020-10-12-18-54-0.jpg
00000078-PHOTO-2020-10-12-19-6-0.jpg,.jpg,0.096,data\raw\cgmacros\CGMacros\CGMacros-011\photos\00000078-PHOTO-2020-10-12-19-6-0.jpg
00000079-PHOTO-2020-10-13-7-31-0.jpg,.jpg,0.1324,data\raw\cgmacros\CGMacros\CGMacros-011\photos\00000079-PHOTO-2020-10-13-7-31-0.jpg
00000080-PHOTO-2020-10-13-7-48-0.jpg,.jpg,0.1016,data\raw\cgmacros\CGMacros\CGMacros-011\photos\00000080-PHOTO-2020-10-13-7-48-0.jpg
00000081-PHOTO-2020-10-13-10-5-0.jpg,.jpg,0.0677,data\raw\cgmacros\CGMacros\CGMacros-011\photos\00000081-PHOTO-2020-10-13-10-5-0.jpg
00000082-PHOTO-2020-10-13-11-24-0.jpg,.jpg,0.0528,data\raw\cgmacros\CGMacros\CGMacros-011\photos\00000082-PHOTO-2020-10-13-11-24-0.jpg
dinner-PHOTO-2020-10-3-19-0-0.jpg,.jpg,0.0193,data\raw\cgmacros\CGMacros\CGMacros-011\photos\dinner-PHOTO-2020-10-3-19-0-0.jpg
dinner-PHOTO-2020-10-4-19-0-0.jpg,.jpg,0.0238,data\raw\cgmacros\CGMacros\CGMacros-011\photos\dinner-PHOTO-2020-10-4-19-0-0.jpg
dinner-PHOTO-2020-10-8-17-50-0.jpg,.jpg,0.011,data\raw\cgmacros\CGMacros\CGMacros-011\photos\dinner-PHOTO-2020-10-8-17-50-0.jpg
00000002-PHOTO-2020-6-20-15-1-0.jpg,.jpg,0.0923,data\raw\cgmacros\CGMacros\CGMacros-010\photos\00000002-PHOTO-2020-6-20-15-1-0.jpg
00000003-PHOTO-2020-6-21-8-34-0.jpg,.jpg,0.0914,data\raw\cgmacros\CGMacros\CGMacros-010\photos\00000003-PHOTO-2020-6-21-8-34-0.jpg
00000004-PHOTO-2020-6-21-8-38-0.jpg,.jpg,0.1443,data\raw\cgmacros\CGMacros\CGMacros-010\photos\00000004-PHOTO-2020-6-21-8-38-0.jpg
00000005-PHOTO-2020-6-21-11-47-0.jpg,.jpg,0.144,data\raw\cgmacros\CGMacros\CGMacros-010\photos\00000005-PHOTO-2020-6-21-11-47-0.jpg
00000007-PHOTO-2020-6-21-12-16-0.jpg,.jpg,0.424,data\raw\cgmacros\CGMacros\CGMacros-010\photos\00000007-PHOTO-2020-6-21-12-16-0.jpg
00000008-PHOTO-2020-6-21-18-43-0.jpg,.jpg,0.1678,data\raw\cgmacros\CGMacros\CGMacros-010\photos\00000008-PHOTO-2020-6-21-18-43-0.jpg
00000009-PHOTO-2020-6-22-11-0-0.jpg,.jpg,0.2294,data\raw\cgmacros\CGMacros\CGMacros-010\photos\00000009-PHOTO-2020-6-22-11-0-0.jpg
00000010-PHOTO-2020-6-22-11-25-0.jpg,.jpg,0.2282,data\raw\cgmacros\CGMacros\CGMacros-010\photos\00000010-PHOTO-2020-6-22-11-25-0.jpg
00000011-PHOTO-2020-6-22-6-40-0.jpg,.jpg,0.0794,data\raw\cgmacros\CGMacros\CGMacros-010\photos\00000011-PHOTO-2020-6-22-6-40-0.jpg
00000012-PHOTO-2020-6-22-6-50-0.jpg,.jpg,0.0959,data\raw\cgmacros\CGMacros\CGMacros-010\photos\00000012-PHOTO-2020-6-22-6-50-0.jpg
00000014-PHOTO-2020-6-22-16-6-0.jpg,.jpg,0.2513,data\raw\cgmacros\CGMacros\CGMacros-010\photos\00000014-PHOTO-2020-6-22-16-6-0.jpg
00000015-PHOTO-2020-6-23-6-41-0.jpg,.jpg,0.0922,data\raw\cgmacros\CGMacros\CGMacros-010\photos\00000015-PHOTO-2020-6-23-6-41-0.jpg
00000016-PHOTO-2020-6-23-6-53-0.jpg,.jpg,0.0915,data\raw\cgmacros\CGMacros\CGMacros-010\photos\00000016-PHOTO-2020-6-23-6-53-0.jpg
00000018-PHOTO-2020-6-23-11-33-0.jpg,.jpg,0.2415,data\raw\cgmacros\CGMacros\CGMacros-010\photos\00000018-PHOTO-2020-6-23-11-33-0.jpg
00000019-PHOTO-2020-6-23-11-56-0.jpg,.jpg,0.3065,data\raw\cgmacros\CGMacros\CGMacros-010\photos\00000019-PHOTO-2020-6-23-11-56-0.jpg
00000021-PHOTO-2020-6-23-12-1-0.jpg,.jpg,0.2717,data\raw\cgmacros\CGMacros\CGMacros-010\photos\00000021-PHOTO-2020-6-23-12-1-0.jpg
00000022-PHOTO-2020-6-24-6-48-0.jpg,.jpg,0.0771,data\raw\cgmacros\CGMacros\CGMacros-010\photos\00000022-PHOTO-2020-6-24-6-48-0.jpg
00000023-PHOTO-2020-6-24-6-57-0.jpg,.jpg,0.0746,data\raw\cgmacros\CGMacros\CGMacros-010\photos\00000023-PHOTO-2020-6-24-6-57-0.jpg
00000024-PHOTO-2020-6-24-11-21-0.jpg,.jpg,0.2236,data\raw\cgmacros\CGMacros\CGMacros-010\photos\00000024-PHOTO-2020-6-24-11-21-0.jpg
00000025-PHOTO-2020-6-24-11-52-0.jpg,.jpg,0.1338,data\raw\cgmacros\CGMacros\CGMacros-010\photos\00000025-PHOTO-2020-6-24-11-52-0.jpg
00000026-PHOTO-2020-6-24-15-57-0.jpg,.jpg,0.1516,data\raw\cgmacros\CGMacros\CGMacros-010\photos\00000026-PHOTO-2020-6-24-15-57-0.jpg
00000027-PHOTO-2020-6-24-16-30-0.jpg,.jpg,0.1758,data\raw\cgmacros\CGMacros\CGMacros-010\photos\00000027-PHOTO-2020-6-24-16-30-0.jpg
00000028-PHOTO-2020-6-24-16-56-0.jpg,.jpg,0.1887,data\raw\cgmacros\CGMacros\CGMacros-010\photos\00000028-PHOTO-2020-6-24-16-56-0.jpg
00000029-PHOTO-2020-6-24-19-42-0.jpg,.jpg,0.1765,data\raw\cgmacros\CGMacros\CGMacros-010\photos\00000029-PHOTO-2020-6-24-19-42-0.jpg
00000030-PHOTO-2020-6-24-19-54-0.jpg,.jpg,0.1881,data\raw\cgmacros\CGMacros\CGMacros-010\photos\00000030-PHOTO-2020-6-24-19-54-0.jpg
00000031-PHOTO-2020-6-25-4-57-0.jpg,.jpg,0.0814,data\raw\cgmacros\CGMacros\CGMacros-010\photos\00000031-PHOTO-2020-6-25-4-57-0.jpg
00000032-PHOTO-2020-6-25-5-1-0.jpg,.jpg,0.0756,data\raw\cgmacros\CGMacros\CGMacros-010\photos\00000032-PHOTO-2020-6-25-5-1-0.jpg
00000033-PHOTO-2020-6-25-8-21-0.jpg,.jpg,0.0732,data\raw\cgmacros\CGMacros\CGMacros-010\photos\00000033-PHOTO-2020-6-25-8-21-0.jpg
00000034-PHOTO-2020-6-25-11-53-0.jpg,.jpg,0.4542,data\raw\cgmacros\CGMacros\CGMacros-010\photos\00000034-PHOTO-2020-6-25-11-53-0.jpg
00000035-PHOTO-2020-6-25-12-8-0.jpg,.jpg,0.348,data\raw\cgmacros\CGMacros\CGMacros-010\photos\00000035-PHOTO-2020-6-25-12-8-0.jpg
00000036-PHOTO-2020-6-25-15-59-0.jpg,.jpg,0.0681,data\raw\cgmacros\CGMacros\CGMacros-010\photos\00000036-PHOTO-2020-6-25-15-59-0.jpg
00000038-PHOTO-2020-6-25-16-18-0.jpg,.jpg,0.1776,data\raw\cgmacros\CGMacros\CGMacros-010\photos\00000038-PHOTO-2020-6-25-16-18-0.jpg
00000040-PHOTO-2020-6-25-17-41-0.jpg,.jpg,0.1966,data\raw\cgmacros\CGMacros\CGMacros-010\photos\00000040-PHOTO-2020-6-25-17-41-0.jpg
00000041-PHOTO-2020-6-25-17-57-0.jpg,.jpg,0.1412,data\raw\cgmacros\CGMacros\CGMacros-010\photos\00000041-PHOTO-2020-6-25-17-57-0.jpg
00000043-PHOTO-2020-6-25-18-7-0.jpg,.jpg,0.1858,data\raw\cgmacros\CGMacros\CGMacros-010\photos\00000043-PHOTO-2020-6-25-18-7-0.jpg
00000044-PHOTO-2020-6-25-18-7-0.jpg,.jpg,0.1841,data\raw\cgmacros\CGMacros\CGMacros-010\photos\00000044-PHOTO-2020-6-25-18-7-0.jpg
00000045-PHOTO-2020-6-25-20-23-0.jpg,.jpg,0.2041,data\raw\cgmacros\CGMacros\CGMacros-010\photos\00000045-PHOTO-2020-6-25-20-23-0.jpg
00000046-PHOTO-2020-6-25-20-38-0.jpg,.jpg,0.2045,data\raw\cgmacros\CGMacros\CGMacros-010\photos\00000046-PHOTO-2020-6-25-20-38-0.jpg
00000047-PHOTO-2020-6-26-5-3-0.jpg,.jpg,0.1102,data\raw\cgmacros\CGMacros\CGMacros-010\photos\00000047-PHOTO-2020-6-26-5-3-0.jpg
00000048-PHOTO-2020-6-26-5-8-0.jpg,.jpg,0.1337,data\raw\cgmacros\CGMacros\CGMacros-010\photos\00000048-PHOTO-2020-6-26-5-8-0.jpg
00000049-PHOTO-2020-6-26-11-46-0.jpg,.jpg,0.4113,data\raw\cgmacros\CGMacros\CGMacros-010\photos\00000049-PHOTO-2020-6-26-11-46-0.jpg
00000050-PHOTO-2020-6-26-12-0-0.jpg,.jpg,0.4585,data\raw\cgmacros\CGMacros\CGMacros-010\photos\00000050-PHOTO-2020-6-26-12-0-0.jpg
00000051-PHOTO-2020-6-26-15-30-0.jpg,.jpg,0.0828,data\raw\cgmacros\CGMacros\CGMacros-010\photos\00000051-PHOTO-2020-6-26-15-30-0.jpg
00000052-PHOTO-2020-6-26-15-40-0.jpg,.jpg,0.1985,data\raw\cgmacros\CGMacros\CGMacros-010\photos\00000052-PHOTO-2020-6-26-15-40-0.jpg
00000053-PHOTO-2020-6-26-18-26-0.jpg,.jpg,0.2344,data\raw\cgmacros\CGMacros\CGMacros-010\photos\00000053-PHOTO-2020-6-26-18-26-0.jpg
00000054-PHOTO-2020-6-26-18-40-0.jpg,.jpg,0.1327,data\raw\cgmacros\CGMacros\CGMacros-010\photos\00000054-PHOTO-2020-6-26-18-40-0.jpg
00000055-PHOTO-2020-6-27-5-25-0.jpg,.jpg,0.1631,data\raw\cgmacros\CGMacros\CGMacros-010\photos\00000055-PHOTO-2020-6-27-5-25-0.jpg
00000056-PHOTO-2020-6-27-5-29-0.jpg,.jpg,0.1583,data\raw\cgmacros\CGMacros\CGMacros-010\photos\00000056-PHOTO-2020-6-27-5-29-0.jpg
00000058-PHOTO-2020-6-27-8-45-0.jpg,.jpg,0.0849,data\raw\cgmacros\CGMacros\CGMacros-010\photos\00000058-PHOTO-2020-6-27-8-45-0.jpg
00000059-PHOTO-2020-6-27-8-58-0.jpg,.jpg,0.0722,data\raw\cgmacros\CGMacros\CGMacros-010\photos\00000059-PHOTO-2020-6-27-8-58-0.jpg
00000060-PHOTO-2020-6-27-11-20-0.jpg,.jpg,0.3757,data\raw\cgmacros\CGMacros\CGMacros-010\photos\00000060-PHOTO-2020-6-27-11-20-0.jpg
00000061-PHOTO-2020-6-27-11-30-0.jpg,.jpg,0.2761,data\raw\cgmacros\CGMacros\CGMacros-010\photos\00000061-PHOTO-2020-6-27-11-30-0.jpg
00000065-PHOTO-2020-6-27-16-46-0.jpg,.jpg,0.241,data\raw\cgmacros\CGMacros\CGMacros-010\photos\00000065-PHOTO-2020-6-27-16-46-0.jpg
00000066-PHOTO-2020-6-27-16-59-0.jpg,.jpg,0.0896,data\raw\cgmacros\CGMacros\CGMacros-010\photos\00000066-PHOTO-2020-6-27-16-59-0.jpg
00000067-PHOTO-2020-6-28-5-16-0.jpg,.jpg,0.0754,data\raw\cgmacros\CGMacros\CGMacros-010\photos\00000067-PHOTO-2020-6-28-5-16-0.jpg
00000068-PHOTO-2020-6-28-5-20-0.jpg,.jpg,0.0665,data\raw\cgmacros\CGMacros\CGMacros-010\photos\00000068-PHOTO-2020-6-28-5-20-0.jpg
00000069-PHOTO-2020-6-28-11-46-0.jpg,.jpg,0.2448,data\raw\cgmacros\CGMacros\CGMacros-010\photos\00000069-PHOTO-2020-6-28-11-46-0.jpg
00000070-PHOTO-2020-6-28-12-7-0.jpg,.jpg,0.2918,data\raw\cgmacros\CGMacros\CGMacros-010\photos\00000070-PHOTO-2020-6-28-12-7-0.jpg
00000071-PHOTO-2020-6-28-15-1-0.jpg,.jpg,0.1796,data\raw\cgmacros\CGMacros\CGMacros-010\photos\00000071-PHOTO-2020-6-28-15-1-0.jpg
00000072-PHOTO-2020-6-28-15-18-0.jpg,.jpg,0.1685,data\raw\cgmacros\CGMacros\CGMacros-010\photos\00000072-PHOTO-2020-6-28-15-18-0.jpg
00000073-PHOTO-2020-6-28-15-18-0.jpg,.jpg,0.1556,data\raw\cgmacros\CGMacros\CGMacros-010\photos\00000073-PHOTO-2020-6-28-15-18-0.jpg
00000074-PHOTO-2020-6-28-15-24-0.jpg,.jpg,0.2552,data\raw\cgmacros\CGMacros\CGMacros-010\photos\00000074-PHOTO-2020-6-28-15-24-0.jpg
00000075-PHOTO-2020-6-29-6-6-0.jpg,.jpg,0.1527,data\raw\cgmacros\CGMacros\CGMacros-010\photos\00000075-PHOTO-2020-6-29-6-6-0.jpg
00000076-PHOTO-2020-6-29-6-11-0.jpg,.jpg,0.1632,data\raw\cgmacros\CGMacros\CGMacros-010\photos\00000076-PHOTO-2020-6-29-6-11-0.jpg
00000077-PHOTO-2020-6-29-11-10-0.jpg,.jpg,0.3252,data\raw\cgmacros\CGMacros\CGMacros-010\photos\00000077-PHOTO-2020-6-29-11-10-0.jpg
00000078-PHOTO-2020-6-29-11-19-0.jpg,.jpg,0.3106,data\raw\cgmacros\CGMacros\CGMacros-010\photos\00000078-PHOTO-2020-6-29-11-19-0.jpg
00000079-PHOTO-2020-6-29-17-19-0.jpg,.jpg,0.3335,data\raw\cgmacros\CGMacros\CGMacros-010\photos\00000079-PHOTO-2020-6-29-17-19-0.jpg
00000080-PHOTO-2020-6-29-17-35-0.jpg,.jpg,0.3113,data\raw\cgmacros\CGMacros\CGMacros-010\photos\00000080-PHOTO-2020-6-29-17-35-0.jpg
00000081-PHOTO-2020-6-29-20-7-0.jpg,.jpg,0.1984,data\raw\cgmacros\CGMacros\CGMacros-010\photos\00000081-PHOTO-2020-6-29-20-7-0.jpg
00000082-PHOTO-2020-6-29-20-19-0.jpg,.jpg,0.1818,data\raw\cgmacros\CGMacros\CGMacros-010\photos\00000082-PHOTO-2020-6-29-20-19-0.jpg
00000083-PHOTO-2020-6-30-7-27-0.jpg,.jpg,0.0514,data\raw\cgmacros\CGMacros\CGMacros-010\photos\00000083-PHOTO-2020-6-30-7-27-0.jpg
00000084-PHOTO-2020-6-30-7-32-0.jpg,.jpg,0.2887,data\raw\cgmacros\CGMacros\CGMacros-010\photos\00000084-PHOTO-2020-6-30-7-32-0.jpg
00000085-PHOTO-2020-6-30-13-19-0.jpg,.jpg,0.4055,data\raw\cgmacros\CGMacros\CGMacros-010\photos\00000085-PHOTO-2020-6-30-13-19-0.jpg
00000086-PHOTO-2020-6-30-14-7-0.jpg,.jpg,0.2273,data\raw\cgmacros\CGMacros\CGMacros-010\photos\00000086-PHOTO-2020-6-30-14-7-0.jpg
00000087-PHOTO-2020-6-30-16-27-0.jpg,.jpg,0.3528,data\raw\cgmacros\CGMacros\CGMacros-010\photos\00000087-PHOTO-2020-6-30-16-27-0.jpg
00000088-PHOTO-2020-6-30-16-34-0.jpg,.jpg,0.1654,data\raw\cgmacros\CGMacros\CGMacros-010\photos\00000088-PHOTO-2020-6-30-16-34-0.jpg
00000089-PHOTO-2020-7-1-5-40-0.jpg,.jpg,0.1935,data\raw\cgmacros\CGMacros\CGMacros-010\photos\00000089-PHOTO-2020-7-1-5-40-0.jpg
00000090-PHOTO-2020-7-1-5-46-0.jpg,.jpg,0.169,data\raw\cgmacros\CGMacros\CGMacros-010\photos\00000090-PHOTO-2020-7-1-5-46-0.jpg
00000091-PHOTO-2020-7-1-9-1-0.jpg,.jpg,0.1684,data\raw\cgmacros\CGMacros\CGMacros-010\photos\00000091-PHOTO-2020-7-1-9-1-0.jpg
birthday_cake_bar_and_jello-start-2020-6-30-17-40-0.jpg,.jpg,0.0151,data\raw\cgmacros\CGMacros\CGMacros-010\photos\birthday_cake_bar_and_jello-start-2020-6-30-17-40-0.jpg
granny_smith_apple-start-2020-6-23-16-0-0.jpg,.jpg,0.0137,data\raw\cgmacros\CGMacros\CGMacros-010\photos\granny_smith_apple-start-2020-6-23-16-0-0.jpg
hamburger_patties_water-start-2020-6-23-18-15-0.jpg,.jpg,0.0159,data\raw\cgmacros\CGMacros\CGMacros-010\photos\hamburger_patties_water-start-2020-6-23-18-15-0.jpg
mango_with_chilli_powder-start-2020-6-27-15-55-0.jpg,.jpg,0.0141,data\raw\cgmacros\CGMacros\CGMacros-010\photos\mango_with_chilli_powder-start-2020-6-27-15-55-0.jpg
00000002-PHOTO-2020-9-12-10-34-0.jpg,.jpg,0.0533,data\raw\cgmacros\CGMacros\CGMacros-009\photos\00000002-PHOTO-2020-9-12-10-34-0.jpg
00000003-PHOTO-2020-9-15-8-27-0.jpg,.jpg,0.0747,data\raw\cgmacros\CGMacros\CGMacros-009\photos\00000003-PHOTO-2020-9-15-8-27-0.jpg
00000004-PHOTO-2020-9-15-8-39-0.jpg,.jpg,0.0601,data\raw\cgmacros\CGMacros\CGMacros-009\photos\00000004-PHOTO-2020-9-15-8-39-0.jpg
00000005-PHOTO-2020-9-15-12-13-0.jpg,.jpg,0.1553,data\raw\cgmacros\CGMacros\CGMacros-009\photos\00000005-PHOTO-2020-9-15-12-13-0.jpg
00000006-PHOTO-2020-9-15-12-48-0.jpg,.jpg,0.2657,data\raw\cgmacros\CGMacros\CGMacros-009\photos\00000006-PHOTO-2020-9-15-12-48-0.jpg
00000007-PHOTO-2020-9-15-19-16-0.jpg,.jpg,0.1228,data\raw\cgmacros\CGMacros\CGMacros-009\photos\00000007-PHOTO-2020-9-15-19-16-0.jpg
00000008-PHOTO-2020-9-15-19-43-0.jpg,.jpg,0.1523,data\raw\cgmacros\CGMacros\CGMacros-009\photos\00000008-PHOTO-2020-9-15-19-43-0.jpg
00000009-PHOTO-2020-9-16-9-10-0.jpg,.jpg,0.0948,data\raw\cgmacros\CGMacros\CGMacros-009\photos\00000009-PHOTO-2020-9-16-9-10-0.jpg
00000010-PHOTO-2020-9-16-9-21-0.jpg,.jpg,0.091,data\raw\cgmacros\CGMacros\CGMacros-009\photos\00000010-PHOTO-2020-9-16-9-21-0.jpg
00000011-PHOTO-2020-9-16-12-53-0.jpg,.jpg,0.1128,data\raw\cgmacros\CGMacros\CGMacros-009\photos\00000011-PHOTO-2020-9-16-12-53-0.jpg
00000012-PHOTO-2020-9-16-13-26-0.jpg,.jpg,0.0905,data\raw\cgmacros\CGMacros\CGMacros-009\photos\00000012-PHOTO-2020-9-16-13-26-0.jpg
00000013-PHOTO-2020-9-16-17-49-0.jpg,.jpg,0.1383,data\raw\cgmacros\CGMacros\CGMacros-009\photos\00000013-PHOTO-2020-9-16-17-49-0.jpg
00000014-PHOTO-2020-9-16-20-54-0.jpg,.jpg,0.192,data\raw\cgmacros\CGMacros\CGMacros-009\photos\00000014-PHOTO-2020-9-16-20-54-0.jpg
00000015-PHOTO-2020-9-16-21-25-0.jpg,.jpg,0.1381,data\raw\cgmacros\CGMacros\CGMacros-009\photos\00000015-PHOTO-2020-9-16-21-25-0.jpg
00000016-PHOTO-2020-9-17-7-54-0.jpg,.jpg,0.1063,data\raw\cgmacros\CGMacros\CGMacros-009\photos\00000016-PHOTO-2020-9-17-7-54-0.jpg
00000017-PHOTO-2020-9-17-8-7-0.jpg,.jpg,0.0983,data\raw\cgmacros\CGMacros\CGMacros-009\photos\00000017-PHOTO-2020-9-17-8-7-0.jpg
00000018-PHOTO-2020-9-17-11-9-0.jpg,.jpg,0.1131,data\raw\cgmacros\CGMacros\CGMacros-009\photos\00000018-PHOTO-2020-9-17-11-9-0.jpg
00000019-PHOTO-2020-9-17-11-39-0.jpg,.jpg,0.1773,data\raw\cgmacros\CGMacros\CGMacros-009\photos\00000019-PHOTO-2020-9-17-11-39-0.jpg
00000020-PHOTO-2020-9-17-14-54-0.jpg,.jpg,0.1225,data\raw\cgmacros\CGMacros\CGMacros-009\photos\00000020-PHOTO-2020-9-17-14-54-0.jpg
00000021-PHOTO-2020-9-17-15-19-0.jpg,.jpg,0.1907,data\raw\cgmacros\CGMacros\CGMacros-009\photos\00000021-PHOTO-2020-9-17-15-19-0.jpg
00000022-PHOTO-2020-9-17-22-31-0.jpg,.jpg,0.0738,data\raw\cgmacros\CGMacros\CGMacros-009\photos\00000022-PHOTO-2020-9-17-22-31-0.jpg
00000023-PHOTO-2020-9-17-22-42-0.jpg,.jpg,0.0865,data\raw\cgmacros\CGMacros\CGMacros-009\photos\00000023-PHOTO-2020-9-17-22-42-0.jpg
00000024-PHOTO-2020-9-18-9-28-0.jpg,.jpg,0.0801,data\raw\cgmacros\CGMacros\CGMacros-009\photos\00000024-PHOTO-2020-9-18-9-28-0.jpg
00000025-PHOTO-2020-9-18-9-41-0.jpg,.jpg,0.1456,data\raw\cgmacros\CGMacros\CGMacros-009\photos\00000025-PHOTO-2020-9-18-9-41-0.jpg
00000026-PHOTO-2020-9-18-12-57-0.jpg,.jpg,0.149,data\raw\cgmacros\CGMacros\CGMacros-009\photos\00000026-PHOTO-2020-9-18-12-57-0.jpg
00000027-PHOTO-2020-9-18-13-37-0.jpg,.jpg,0.2682,data\raw\cgmacros\CGMacros\CGMacros-009\photos\00000027-PHOTO-2020-9-18-13-37-0.jpg
00000028-PHOTO-2020-9-18-16-35-0.jpg,.jpg,0.1114,data\raw\cgmacros\CGMacros\CGMacros-009\photos\00000028-PHOTO-2020-9-18-16-35-0.jpg
00000029-PHOTO-2020-9-18-17-27-0.jpg,.jpg,0.1205,data\raw\cgmacros\CGMacros\CGMacros-009\photos\00000029-PHOTO-2020-9-18-17-27-0.jpg
00000030-PHOTO-2020-9-18-17-41-0.jpg,.jpg,0.113,data\raw\cgmacros\CGMacros\CGMacros-009\photos\00000030-PHOTO-2020-9-18-17-41-0.jpg
00000031-PHOTO-2020-9-18-21-17-0.jpg,.jpg,0.1032,data\raw\cgmacros\CGMacros\CGMacros-009\photos\00000031-PHOTO-2020-9-18-21-17-0.jpg
00000032-PHOTO-2020-9-19-7-38-0.jpg,.jpg,0.089,data\raw\cgmacros\CGMacros\CGMacros-009\photos\00000032-PHOTO-2020-9-19-7-38-0.jpg
00000033-PHOTO-2020-9-19-7-52-0.jpg,.jpg,0.0839,data\raw\cgmacros\CGMacros\CGMacros-009\photos\00000033-PHOTO-2020-9-19-7-52-0.jpg
00000034-PHOTO-2020-9-19-13-5-0.jpg,.jpg,0.2161,data\raw\cgmacros\CGMacros\CGMacros-009\photos\00000034-PHOTO-2020-9-19-13-5-0.jpg
00000035-PHOTO-2020-9-19-13-29-0.jpg,.jpg,0.2053,data\raw\cgmacros\CGMacros\CGMacros-009\photos\00000035-PHOTO-2020-9-19-13-29-0.jpg
00000036-PHOTO-2020-9-19-17-47-0.jpg,.jpg,0.0752,data\raw\cgmacros\CGMacros\CGMacros-009\photos\00000036-PHOTO-2020-9-19-17-47-0.jpg
00000037-PHOTO-2020-9-19-18-6-0.jpg,.jpg,0.068,data\raw\cgmacros\CGMacros\CGMacros-009\photos\00000037-PHOTO-2020-9-19-18-6-0.jpg
00000038-PHOTO-2020-9-19-18-29-0.jpg,.jpg,0.191,data\raw\cgmacros\CGMacros\CGMacros-009\photos\00000038-PHOTO-2020-9-19-18-29-0.jpg
00000039-PHOTO-2020-9-19-19-22-0.jpg,.jpg,0.2036,data\raw\cgmacros\CGMacros\CGMacros-009\photos\00000039-PHOTO-2020-9-19-19-22-0.jpg
00000040-PHOTO-2020-9-19-22-13-0.jpg,.jpg,0.0551,data\raw\cgmacros\CGMacros\CGMacros-009\photos\00000040-PHOTO-2020-9-19-22-13-0.jpg
00000041-PHOTO-2020-9-19-22-26-0.jpg,.jpg,0.0475,data\raw\cgmacros\CGMacros\CGMacros-009\photos\00000041-PHOTO-2020-9-19-22-26-0.jpg
00000042-PHOTO-2020-9-20-8-24-0.jpg,.jpg,0.1021,data\raw\cgmacros\CGMacros\CGMacros-009\photos\00000042-PHOTO-2020-9-20-8-24-0.jpg
00000043-PHOTO-2020-9-20-8-42-0.jpg,.jpg,0.0771,data\raw\cgmacros\CGMacros\CGMacros-009\photos\00000043-PHOTO-2020-9-20-8-42-0.jpg
00000044-PHOTO-2020-9-20-12-38-0.jpg,.jpg,0.1397,data\raw\cgmacros\CGMacros\CGMacros-009\photos\00000044-PHOTO-2020-9-20-12-38-0.jpg
00000045-PHOTO-2020-9-20-12-44-0.jpg,.jpg,0.1367,data\raw\cgmacros\CGMacros\CGMacros-009\photos\00000045-PHOTO-2020-9-20-12-44-0.jpg
00000046-PHOTO-2020-9-20-16-52-0.jpg,.jpg,0.129,data\raw\cgmacros\CGMacros\CGMacros-009\photos\00000046-PHOTO-2020-9-20-16-52-0.jpg
00000047-PHOTO-2020-9-20-17-13-0.jpg,.jpg,0.1788,data\raw\cgmacros\CGMacros\CGMacros-009\photos\00000047-PHOTO-2020-9-20-17-13-0.jpg
00000048-PHOTO-2020-9-20-18-13-0.jpg,.jpg,0.2283,data\raw\cgmacros\CGMacros\CGMacros-009\photos\00000048-PHOTO-2020-9-20-18-13-0.jpg
00000049-PHOTO-2020-9-20-18-43-0.jpg,.jpg,0.2118,data\raw\cgmacros\CGMacros\CGMacros-009\photos\00000049-PHOTO-2020-9-20-18-43-0.jpg
00000050-PHOTO-2020-9-20-21-27-0.jpg,.jpg,0.1004,data\raw\cgmacros\CGMacros\CGMacros-009\photos\00000050-PHOTO-2020-9-20-21-27-0.jpg
00000051-PHOTO-2020-9-20-22-41-0.jpg,.jpg,0.067,data\raw\cgmacros\CGMacros\CGMacros-009\photos\00000051-PHOTO-2020-9-20-22-41-0.jpg
00000052-PHOTO-2020-9-21-8-39-0.jpg,.jpg,0.0714,data\raw\cgmacros\CGMacros\CGMacros-009\photos\00000052-PHOTO-2020-9-21-8-39-0.jpg
00000053-PHOTO-2020-9-21-8-58-0.jpg,.jpg,0.0532,data\raw\cgmacros\CGMacros\CGMacros-009\photos\00000053-PHOTO-2020-9-21-8-58-0.jpg
00000054-PHOTO-2020-9-21-12-13-0.jpg,.jpg,0.1827,data\raw\cgmacros\CGMacros\CGMacros-009\photos\00000054-PHOTO-2020-9-21-12-13-0.jpg
00000055-PHOTO-2020-9-21-12-28-0.jpg,.jpg,0.1616,data\raw\cgmacros\CGMacros\CGMacros-009\photos\00000055-PHOTO-2020-9-21-12-28-0.jpg
00000056-PHOTO-2020-9-21-15-18-0.jpg,.jpg,0.1089,data\raw\cgmacros\CGMacros\CGMacros-009\photos\00000056-PHOTO-2020-9-21-15-18-0.jpg
00000057-PHOTO-2020-9-21-16-4-0.jpg,.jpg,0.1002,data\raw\cgmacros\CGMacros\CGMacros-009\photos\00000057-PHOTO-2020-9-21-16-4-0.jpg
00000058-PHOTO-2020-9-21-16-17-0.jpg,.jpg,0.146,data\raw\cgmacros\CGMacros\CGMacros-009\photos\00000058-PHOTO-2020-9-21-16-17-0.jpg
00000059-PHOTO-2020-9-21-16-37-0.jpg,.jpg,0.125,data\raw\cgmacros\CGMacros\CGMacros-009\photos\00000059-PHOTO-2020-9-21-16-37-0.jpg
00000060-PHOTO-2020-9-22-7-37-0.jpg,.jpg,0.0878,data\raw\cgmacros\CGMacros\CGMacros-009\photos\00000060-PHOTO-2020-9-22-7-37-0.jpg
00000061-PHOTO-2020-9-22-7-51-0.jpg,.jpg,0.0712,data\raw\cgmacros\CGMacros\CGMacros-009\photos\00000061-PHOTO-2020-9-22-7-51-0.jpg
00000062-PHOTO-2020-9-22-12-24-0.jpg,.jpg,0.1155,data\raw\cgmacros\CGMacros\CGMacros-009\photos\00000062-PHOTO-2020-9-22-12-24-0.jpg
00000063-PHOTO-2020-9-22-13-0-0.jpg,.jpg,0.1405,data\raw\cgmacros\CGMacros\CGMacros-009\photos\00000063-PHOTO-2020-9-22-13-0-0.jpg
00000064-PHOTO-2020-9-22-18-57-0.jpg,.jpg,0.2245,data\raw\cgmacros\CGMacros\CGMacros-009\photos\00000064-PHOTO-2020-9-22-18-57-0.jpg
00000065-PHOTO-2020-9-22-19-40-0.jpg,.jpg,0.2826,data\raw\cgmacros\CGMacros\CGMacros-009\photos\00000065-PHOTO-2020-9-22-19-40-0.jpg
00000066-PHOTO-2020-9-22-21-55-0.jpg,.jpg,0.0773,data\raw\cgmacros\CGMacros\CGMacros-009\photos\00000066-PHOTO-2020-9-22-21-55-0.jpg
00000067-PHOTO-2020-9-22-22-8-0.jpg,.jpg,0.1283,data\raw\cgmacros\CGMacros\CGMacros-009\photos\00000067-PHOTO-2020-9-22-22-8-0.jpg
00000068-PHOTO-2020-9-23-7-29-0.jpg,.jpg,0.0953,data\raw\cgmacros\CGMacros\CGMacros-009\photos\00000068-PHOTO-2020-9-23-7-29-0.jpg
00000069-PHOTO-2020-9-23-7-46-0.jpg,.jpg,0.1269,data\raw\cgmacros\CGMacros\CGMacros-009\photos\00000069-PHOTO-2020-9-23-7-46-0.jpg
00000070-PHOTO-2020-9-23-12-23-0.jpg,.jpg,0.1235,data\raw\cgmacros\CGMacros\CGMacros-009\photos\00000070-PHOTO-2020-9-23-12-23-0.jpg
00000071-PHOTO-2020-9-23-12-53-0.jpg,.jpg,0.1688,data\raw\cgmacros\CGMacros\CGMacros-009\photos\00000071-PHOTO-2020-9-23-12-53-0.jpg
00000072-PHOTO-2020-9-23-17-59-0.jpg,.jpg,0.1247,data\raw\cgmacros\CGMacros\CGMacros-009\photos\00000072-PHOTO-2020-9-23-17-59-0.jpg
00000073-PHOTO-2020-9-23-18-23-0.jpg,.jpg,0.1467,data\raw\cgmacros\CGMacros\CGMacros-009\photos\00000073-PHOTO-2020-9-23-18-23-0.jpg
00000074-PHOTO-2020-9-23-20-22-0.jpg,.jpg,0.0631,data\raw\cgmacros\CGMacros\CGMacros-009\photos\00000074-PHOTO-2020-9-23-20-22-0.jpg
00000075-PHOTO-2020-9-23-20-30-0.jpg,.jpg,0.0812,data\raw\cgmacros\CGMacros\CGMacros-009\photos\00000075-PHOTO-2020-9-23-20-30-0.jpg
00000076-PHOTO-2020-9-24-7-51-0.jpg,.jpg,0.0632,data\raw\cgmacros\CGMacros\CGMacros-009\photos\00000076-PHOTO-2020-9-24-7-51-0.jpg
00000077-PHOTO-2020-9-24-8-1-0.jpg,.jpg,0.0837,data\raw\cgmacros\CGMacros\CGMacros-009\photos\00000077-PHOTO-2020-9-24-8-1-0.jpg
00000078-PHOTO-2020-9-24-12-29-0.jpg,.jpg,0.1082,data\raw\cgmacros\CGMacros\CGMacros-009\photos\00000078-PHOTO-2020-9-24-12-29-0.jpg
00000079-PHOTO-2020-9-24-13-10-0.jpg,.jpg,0.281,data\raw\cgmacros\CGMacros\CGMacros-009\photos\00000079-PHOTO-2020-9-24-13-10-0.jpg
00000080-PHOTO-2020-9-24-19-29-0.jpg,.jpg,0.1121,data\raw\cgmacros\CGMacros\CGMacros-009\photos\00000080-PHOTO-2020-9-24-19-29-0.jpg
00000081-PHOTO-2020-9-24-19-48-0.jpg,.jpg,0.0786,data\raw\cgmacros\CGMacros\CGMacros-009\photos\00000081-PHOTO-2020-9-24-19-48-0.jpg
00000082-PHOTO-2020-9-25-8-8-0.jpg,.jpg,0.139,data\raw\cgmacros\CGMacros\CGMacros-009\photos\00000082-PHOTO-2020-9-25-8-8-0.jpg
00000083-PHOTO-2020-9-25-8-18-0.jpg,.jpg,0.1161,data\raw\cgmacros\CGMacros\CGMacros-009\photos\00000083-PHOTO-2020-9-25-8-18-0.jpg
00000002-PHOTO-2023-1-27-13-47-0.jpg,.jpg,0.0523,data\raw\cgmacros\CGMacros\CGMacros-008\photos\00000002-PHOTO-2023-1-27-13-47-0.jpg
00000003-PHOTO-2023-1-30-9-29-0.jpg,.jpg,0.0564,data\raw\cgmacros\CGMacros\CGMacros-008\photos\00000003-PHOTO-2023-1-30-9-29-0.jpg
00000004-PHOTO-2023-1-30-9-33-0.jpg,.jpg,0.0632,data\raw\cgmacros\CGMacros\CGMacros-008\photos\00000004-PHOTO-2023-1-30-9-33-0.jpg
00000005-PHOTO-2023-1-30-12-34-0.jpg,.jpg,0.1023,data\raw\cgmacros\CGMacros\CGMacros-008\photos\00000005-PHOTO-2023-1-30-12-34-0.jpg
00000006-PHOTO-2023-1-30-13-0-0.jpg,.jpg,0.0889,data\raw\cgmacros\CGMacros\CGMacros-008\photos\00000006-PHOTO-2023-1-30-13-0-0.jpg
00000007-PHOTO-2023-1-30-19-26-0.jpg,.jpg,0.1521,data\raw\cgmacros\CGMacros\CGMacros-008\photos\00000007-PHOTO-2023-1-30-19-26-0.jpg
00000008-PHOTO-2023-1-30-19-43-0.jpg,.jpg,0.1343,data\raw\cgmacros\CGMacros\CGMacros-008\photos\00000008-PHOTO-2023-1-30-19-43-0.jpg
00000009-PHOTO-2023-1-31-9-17-0.jpg,.jpg,0.076,data\raw\cgmacros\CGMacros\CGMacros-008\photos\00000009-PHOTO-2023-1-31-9-17-0.jpg
00000010-PHOTO-2023-1-31-9-42-0.jpg,.jpg,0.0953,data\raw\cgmacros\CGMacros\CGMacros-008\photos\00000010-PHOTO-2023-1-31-9-42-0.jpg
00000011-PHOTO-2023-1-31-12-50-0.jpg,.jpg,0.1349,data\raw\cgmacros\CGMacros\CGMacros-008\photos\00000011-PHOTO-2023-1-31-12-50-0.jpg
00000012-PHOTO-2023-1-31-13-17-0.jpg,.jpg,0.1156,data\raw\cgmacros\CGMacros\CGMacros-008\photos\00000012-PHOTO-2023-1-31-13-17-0.jpg
00000013-PHOTO-2023-1-31-20-40-0.jpg,.jpg,0.1493,data\raw\cgmacros\CGMacros\CGMacros-008\photos\00000013-PHOTO-2023-1-31-20-40-0.jpg
00000014-PHOTO-2023-1-31-21-16-0.jpg,.jpg,0.1479,data\raw\cgmacros\CGMacros\CGMacros-008\photos\00000014-PHOTO-2023-1-31-21-16-0.jpg
00000015-PHOTO-2023-2-1-7-52-0.jpg,.jpg,0.079,data\raw\cgmacros\CGMacros\CGMacros-008\photos\00000015-PHOTO-2023-2-1-7-52-0.jpg
00000016-PHOTO-2023-2-1-8-21-0.jpg,.jpg,0.0733,data\raw\cgmacros\CGMacros\CGMacros-008\photos\00000016-PHOTO-2023-2-1-8-21-0.jpg
00000017-PHOTO-2023-2-1-12-22-0.jpg,.jpg,0.1226,data\raw\cgmacros\CGMacros\CGMacros-008\photos\00000017-PHOTO-2023-2-1-12-22-0.jpg
00000018-PHOTO-2023-2-1-12-43-0.jpg,.jpg,0.1288,data\raw\cgmacros\CGMacros\CGMacros-008\photos\00000018-PHOTO-2023-2-1-12-43-0.jpg
00000019-PHOTO-2023-2-1-19-18-0.jpg,.jpg,0.1487,data\raw\cgmacros\CGMacros\CGMacros-008\photos\00000019-PHOTO-2023-2-1-19-18-0.jpg
00000020-PHOTO-2023-2-1-19-45-0.jpg,.jpg,0.1163,data\raw\cgmacros\CGMacros\CGMacros-008\photos\00000020-PHOTO-2023-2-1-19-45-0.jpg
00000021-PHOTO-2023-2-2-8-1-0.jpg,.jpg,0.1056,data\raw\cgmacros\CGMacros\CGMacros-008\photos\00000021-PHOTO-2023-2-2-8-1-0.jpg
00000022-PHOTO-2023-2-2-8-18-0.jpg,.jpg,0.0899,data\raw\cgmacros\CGMacros\CGMacros-008\photos\00000022-PHOTO-2023-2-2-8-18-0.jpg
00000023-PHOTO-2023-2-2-12-17-0.jpg,.jpg,0.1246,data\raw\cgmacros\CGMacros\CGMacros-008\photos\00000023-PHOTO-2023-2-2-12-17-0.jpg
00000024-PHOTO-2023-2-2-12-37-0.jpg,.jpg,0.1293,data\raw\cgmacros\CGMacros\CGMacros-008\photos\00000024-PHOTO-2023-2-2-12-37-0.jpg
00000025-PHOTO-2023-2-2-18-48-0.jpg,.jpg,0.1212,data\raw\cgmacros\CGMacros\CGMacros-008\photos\00000025-PHOTO-2023-2-2-18-48-0.jpg
00000026-PHOTO-2023-2-2-19-11-0.jpg,.jpg,0.1204,data\raw\cgmacros\CGMacros\CGMacros-008\photos\00000026-PHOTO-2023-2-2-19-11-0.jpg
00000027-PHOTO-2023-2-3-8-6-0.jpg,.jpg,0.1517,data\raw\cgmacros\CGMacros\CGMacros-008\photos\00000027-PHOTO-2023-2-3-8-6-0.jpg
00000028-PHOTO-2023-2-3-8-24-0.jpg,.jpg,0.073,data\raw\cgmacros\CGMacros\CGMacros-008\photos\00000028-PHOTO-2023-2-3-8-24-0.jpg
00000029-PHOTO-2023-2-3-13-41-0.jpg,.jpg,0.1441,data\raw\cgmacros\CGMacros\CGMacros-008\photos\00000029-PHOTO-2023-2-3-13-41-0.jpg
00000030-PHOTO-2023-2-3-14-7-0.jpg,.jpg,0.1087,data\raw\cgmacros\CGMacros\CGMacros-008\photos\00000030-PHOTO-2023-2-3-14-7-0.jpg
00000031-PHOTO-2023-2-3-18-29-0.jpg,.jpg,0.1711,data\raw\cgmacros\CGMacros\CGMacros-008\photos\00000031-PHOTO-2023-2-3-18-29-0.jpg
00000032-PHOTO-2023-2-3-18-55-0.jpg,.jpg,0.0932,data\raw\cgmacros\CGMacros\CGMacros-008\photos\00000032-PHOTO-2023-2-3-18-55-0.jpg
00000033-PHOTO-2023-2-4-8-0-0.jpg,.jpg,0.035,data\raw\cgmacros\CGMacros\CGMacros-008\photos\00000033-PHOTO-2023-2-4-8-0-0.jpg
00000034-PHOTO-2023-2-4-9-26-0.jpg,.jpg,0.2651,data\raw\cgmacros\CGMacros\CGMacros-008\photos\00000034-PHOTO-2023-2-4-9-26-0.jpg
00000035-PHOTO-2023-2-4-9-39-0.jpg,.jpg,0.1298,data\raw\cgmacros\CGMacros\CGMacros-008\photos\00000035-PHOTO-2023-2-4-9-39-0.jpg
00000036-PHOTO-2023-2-4-14-38-0.jpg,.jpg,0.118,data\raw\cgmacros\CGMacros\CGMacros-008\photos\00000036-PHOTO-2023-2-4-14-38-0.jpg
00000037-PHOTO-2023-2-4-15-5-0.jpg,.jpg,0.1196,data\raw\cgmacros\CGMacros\CGMacros-008\photos\00000037-PHOTO-2023-2-4-15-5-0.jpg
00000038-PHOTO-2023-2-4-20-30-0.jpg,.jpg,0.087,data\raw\cgmacros\CGMacros\CGMacros-008\photos\00000038-PHOTO-2023-2-4-20-30-0.jpg
00000039-PHOTO-2023-2-4-20-48-0.jpg,.jpg,0.0605,data\raw\cgmacros\CGMacros\CGMacros-008\photos\00000039-PHOTO-2023-2-4-20-48-0.jpg
00000040-PHOTO-2023-2-5-9-57-0.jpg,.jpg,0.1357,data\raw\cgmacros\CGMacros\CGMacros-008\photos\00000040-PHOTO-2023-2-5-9-57-0.jpg
00000041-PHOTO-2023-2-5-10-11-0.jpg,.jpg,0.0974,data\raw\cgmacros\CGMacros\CGMacros-008\photos\00000041-PHOTO-2023-2-5-10-11-0.jpg
00000042-PHOTO-2023-2-5-13-15-0.jpg,.jpg,0.1423,data\raw\cgmacros\CGMacros\CGMacros-008\photos\00000042-PHOTO-2023-2-5-13-15-0.jpg
00000043-PHOTO-2023-2-5-13-38-0.jpg,.jpg,0.1535,data\raw\cgmacros\CGMacros\CGMacros-008\photos\00000043-PHOTO-2023-2-5-13-38-0.jpg
00000044-PHOTO-2023-2-5-20-23-0.jpg,.jpg,0.1727,data\raw\cgmacros\CGMacros\CGMacros-008\photos\00000044-PHOTO-2023-2-5-20-23-0.jpg
00000045-PHOTO-2023-2-5-20-37-0.jpg,.jpg,0.0807,data\raw\cgmacros\CGMacros\CGMacros-008\photos\00000045-PHOTO-2023-2-5-20-37-0.jpg
00000046-PHOTO-2023-2-6-8-13-0.jpg,.jpg,0.1179,data\raw\cgmacros\CGMacros\CGMacros-008\photos\00000046-PHOTO-2023-2-6-8-13-0.jpg
00000047-PHOTO-2023-2-6-9-3-0.jpg,.jpg,0.0753,data\raw\cgmacros\CGMacros\CGMacros-008\photos\00000047-PHOTO-2023-2-6-9-3-0.jpg
00000048-PHOTO-2023-2-6-12-24-0.jpg,.jpg,0.2109,data\raw\cgmacros\CGMacros\CGMacros-008\photos\00000048-PHOTO-2023-2-6-12-24-0.jpg
00000049-PHOTO-2023-2-6-12-46-0.jpg,.jpg,0.1862,data\raw\cgmacros\CGMacros\CGMacros-008\photos\00000049-PHOTO-2023-2-6-12-46-0.jpg
00000050-PHOTO-2023-2-6-18-46-0.jpg,.jpg,0.1238,data\raw\cgmacros\CGMacros\CGMacros-008\photos\00000050-PHOTO-2023-2-6-18-46-0.jpg
00000051-PHOTO-2023-2-6-19-8-0.jpg,.jpg,0.114,data\raw\cgmacros\CGMacros\CGMacros-008\photos\00000051-PHOTO-2023-2-6-19-8-0.jpg
00000052-PHOTO-2023-2-7-8-7-0.jpg,.jpg,0.1123,data\raw\cgmacros\CGMacros\CGMacros-008\photos\00000052-PHOTO-2023-2-7-8-7-0.jpg
00000054-PHOTO-2023-2-7-12-30-0.jpg,.jpg,0.238,data\raw\cgmacros\CGMacros\CGMacros-008\photos\00000054-PHOTO-2023-2-7-12-30-0.jpg
00000055-PHOTO-2023-2-7-12-45-0.jpg,.jpg,0.182,data\raw\cgmacros\CGMacros\CGMacros-008\photos\00000055-PHOTO-2023-2-7-12-45-0.jpg
00000056-PHOTO-2023-2-7-17-53-0.jpg,.jpg,0.1476,data\raw\cgmacros\CGMacros\CGMacros-008\photos\00000056-PHOTO-2023-2-7-17-53-0.jpg
00000057-PHOTO-2023-2-7-18-20-0.jpg,.jpg,0.179,data\raw\cgmacros\CGMacros\CGMacros-008\photos\00000057-PHOTO-2023-2-7-18-20-0.jpg
00000058-PHOTO-2023-2-8-8-1-0.jpg,.jpg,0.0634,data\raw\cgmacros\CGMacros\CGMacros-008\photos\00000058-PHOTO-2023-2-8-8-1-0.jpg
00000059-PHOTO-2023-2-8-8-22-0.jpg,.jpg,0.1397,data\raw\cgmacros\CGMacros\CGMacros-008\photos\00000059-PHOTO-2023-2-8-8-22-0.jpg
00000060-PHOTO-2023-2-8-12-14-0.jpg,.jpg,0.2598,data\raw\cgmacros\CGMacros\CGMacros-008\photos\00000060-PHOTO-2023-2-8-12-14-0.jpg
00000061-PHOTO-2023-2-8-12-38-0.jpg,.jpg,0.1568,data\raw\cgmacros\CGMacros\CGMacros-008\photos\00000061-PHOTO-2023-2-8-12-38-0.jpg
00000062-PHOTO-2023-2-8-18-12-0.jpg,.jpg,0.1369,data\raw\cgmacros\CGMacros\CGMacros-008\photos\00000062-PHOTO-2023-2-8-18-12-0.jpg
00000063-PHOTO-2023-2-8-18-34-0.jpg,.jpg,0.1898,data\raw\cgmacros\CGMacros\CGMacros-008\photos\00000063-PHOTO-2023-2-8-18-34-0.jpg
00000064-PHOTO-2023-2-9-8-12-0.jpg,.jpg,0.0903,data\raw\cgmacros\CGMacros\CGMacros-008\photos\00000064-PHOTO-2023-2-9-8-12-0.jpg
00000065-PHOTO-2023-2-9-8-44-0.jpg,.jpg,0.0881,data\raw\cgmacros\CGMacros\CGMacros-008\photos\00000065-PHOTO-2023-2-9-8-44-0.jpg
breakfast-complete-2023-2-7-8-25-0.jpg,.jpg,0.0132,data\raw\cgmacros\CGMacros\CGMacros-008\photos\breakfast-complete-2023-2-7-8-25-0.jpg
00000002-PHOTO-2023-10-31-9-26-0.jpg,.jpg,0.1276,data\raw\cgmacros\CGMacros\CGMacros-007\photos\00000002-PHOTO-2023-10-31-9-26-0.jpg
00000003-PHOTO-2023-11-3-9-25-0.jpg,.jpg,0.0847,data\raw\cgmacros\CGMacros\CGMacros-007\photos\00000003-PHOTO-2023-11-3-9-25-0.jpg
00000004-PHOTO-2023-11-3-9-29-0.jpg,.jpg,0.1569,data\raw\cgmacros\CGMacros\CGMacros-007\photos\00000004-PHOTO-2023-11-3-9-29-0.jpg
00000005-PHOTO-2023-11-3-12-38-0.jpg,.jpg,0.2013,data\raw\cgmacros\CGMacros\CGMacros-007\photos\00000005-PHOTO-2023-11-3-12-38-0.jpg
00000006-PHOTO-2023-11-3-13-1-0.jpg,.jpg,0.2869,data\raw\cgmacros\CGMacros\CGMacros-007\photos\00000006-PHOTO-2023-11-3-13-1-0.jpg
00000007-PHOTO-2023-11-3-19-26-0.jpg,.jpg,0.2406,data\raw\cgmacros\CGMacros\CGMacros-007\photos\00000007-PHOTO-2023-11-3-19-26-0.jpg
00000008-PHOTO-2023-11-3-19-39-0.jpg,.jpg,0.2577,data\raw\cgmacros\CGMacros\CGMacros-007\photos\00000008-PHOTO-2023-11-3-19-39-0.jpg
00000009-PHOTO-2023-11-4-8-36-0.jpg,.jpg,0.2102,data\raw\cgmacros\CGMacros\CGMacros-007\photos\00000009-PHOTO-2023-11-4-8-36-0.jpg
00000010-PHOTO-2023-11-4-8-40-0.jpg,.jpg,0.1584,data\raw\cgmacros\CGMacros\CGMacros-007\photos\00000010-PHOTO-2023-11-4-8-40-0.jpg
00000011-PHOTO-2023-11-4-12-25-0.jpg,.jpg,0.2206,data\raw\cgmacros\CGMacros\CGMacros-007\photos\00000011-PHOTO-2023-11-4-12-25-0.jpg
00000012-PHOTO-2023-11-4-12-48-0.jpg,.jpg,0.1778,data\raw\cgmacros\CGMacros\CGMacros-007\photos\00000012-PHOTO-2023-11-4-12-48-0.jpg
00000013-PHOTO-2023-11-4-19-16-0.jpg,.jpg,0.1687,data\raw\cgmacros\CGMacros\CGMacros-007\photos\00000013-PHOTO-2023-11-4-19-16-0.jpg
00000014-PHOTO-2023-11-4-19-28-0.jpg,.jpg,0.1743,data\raw\cgmacros\CGMacros\CGMacros-007\photos\00000014-PHOTO-2023-11-4-19-28-0.jpg
00000015-PHOTO-2023-11-5-8-38-0.jpg,.jpg,0.3072,data\raw\cgmacros\CGMacros\CGMacros-007\photos\00000015-PHOTO-2023-11-5-8-38-0.jpg
00000016-PHOTO-2023-11-5-8-46-0.jpg,.jpg,0.2184,data\raw\cgmacros\CGMacros\CGMacros-007\photos\00000016-PHOTO-2023-11-5-8-46-0.jpg
00000017-PHOTO-2023-11-5-12-23-0.jpg,.jpg,0.2717,data\raw\cgmacros\CGMacros\CGMacros-007\photos\00000017-PHOTO-2023-11-5-12-23-0.jpg
00000018-PHOTO-2023-11-5-12-40-0.jpg,.jpg,0.224,data\raw\cgmacros\CGMacros\CGMacros-007\photos\00000018-PHOTO-2023-11-5-12-40-0.jpg
00000019-PHOTO-2023-11-5-19-18-0.jpg,.jpg,0.2253,data\raw\cgmacros\CGMacros\CGMacros-007\photos\00000019-PHOTO-2023-11-5-19-18-0.jpg
00000020-PHOTO-2023-11-5-19-31-0.jpg,.jpg,0.2734,data\raw\cgmacros\CGMacros\CGMacros-007\photos\00000020-PHOTO-2023-11-5-19-31-0.jpg
00000021-PHOTO-2023-11-6-8-31-0.jpg,.jpg,0.148,data\raw\cgmacros\CGMacros\CGMacros-007\photos\00000021-PHOTO-2023-11-6-8-31-0.jpg
00000022-PHOTO-2023-11-6-8-43-0.jpg,.jpg,0.2759,data\raw\cgmacros\CGMacros\CGMacros-007\photos\00000022-PHOTO-2023-11-6-8-43-0.jpg
00000023-PHOTO-2023-11-6-12-17-0.jpg,.jpg,0.2458,data\raw\cgmacros\CGMacros\CGMacros-007\photos\00000023-PHOTO-2023-11-6-12-17-0.jpg
00000024-PHOTO-2023-11-6-12-42-0.jpg,.jpg,0.2291,data\raw\cgmacros\CGMacros\CGMacros-007\photos\00000024-PHOTO-2023-11-6-12-42-0.jpg
00000025-PHOTO-2023-11-6-18-54-0.jpg,.jpg,0.2769,data\raw\cgmacros\CGMacros\CGMacros-007\photos\00000025-PHOTO-2023-11-6-18-54-0.jpg
00000026-PHOTO-2023-11-6-19-9-0.jpg,.jpg,0.2884,data\raw\cgmacros\CGMacros\CGMacros-007\photos\00000026-PHOTO-2023-11-6-19-9-0.jpg
00000027-PHOTO-2023-11-7-8-32-0.jpg,.jpg,0.2251,data\raw\cgmacros\CGMacros\CGMacros-007\photos\00000027-PHOTO-2023-11-7-8-32-0.jpg
00000028-PHOTO-2023-11-7-8-47-0.jpg,.jpg,0.5032,data\raw\cgmacros\CGMacros\CGMacros-007\photos\00000028-PHOTO-2023-11-7-8-47-0.jpg
00000029-PHOTO-2023-11-7-12-18-0.jpg,.jpg,0.2797,data\raw\cgmacros\CGMacros\CGMacros-007\photos\00000029-PHOTO-2023-11-7-12-18-0.jpg
00000030-PHOTO-2023-11-7-12-33-0.jpg,.jpg,0.2967,data\raw\cgmacros\CGMacros\CGMacros-007\photos\00000030-PHOTO-2023-11-7-12-33-0.jpg
00000031-PHOTO-2023-11-7-18-9-0.jpg,.jpg,0.383,data\raw\cgmacros\CGMacros\CGMacros-007\photos\00000031-PHOTO-2023-11-7-18-9-0.jpg
00000032-PHOTO-2023-11-7-18-22-0.jpg,.jpg,0.3579,data\raw\cgmacros\CGMacros\CGMacros-007\photos\00000032-PHOTO-2023-11-7-18-22-0.jpg
00000033-PHOTO-2023-11-8-8-47-0.jpg,.jpg,0.3205,data\raw\cgmacros\CGMacros\CGMacros-007\photos\00000033-PHOTO-2023-11-8-8-47-0.jpg
00000034-PHOTO-2023-11-8-8-52-0.jpg,.jpg,0.3031,data\raw\cgmacros\CGMacros\CGMacros-007\photos\00000034-PHOTO-2023-11-8-8-52-0.jpg
00000035-PHOTO-2023-11-8-12-12-0.jpg,.jpg,0.2284,data\raw\cgmacros\CGMacros\CGMacros-007\photos\00000035-PHOTO-2023-11-8-12-12-0.jpg
00000036-PHOTO-2023-11-8-12-28-0.jpg,.jpg,0.436,data\raw\cgmacros\CGMacros\CGMacros-007\photos\00000036-PHOTO-2023-11-8-12-28-0.jpg
00000037-PHOTO-2023-11-8-20-28-0.jpg,.jpg,0.1266,data\raw\cgmacros\CGMacros\CGMacros-007\photos\00000037-PHOTO-2023-11-8-20-28-0.jpg
00000038-PHOTO-2023-11-8-20-29-0.jpg,.jpg,0.1137,data\raw\cgmacros\CGMacros\CGMacros-007\photos\00000038-PHOTO-2023-11-8-20-29-0.jpg
00000039-PHOTO-2023-11-8-20-40-0.jpg,.jpg,0.0959,data\raw\cgmacros\CGMacros\CGMacros-007\photos\00000039-PHOTO-2023-11-8-20-40-0.jpg
00000040-PHOTO-2023-11-9-8-37-0.jpg,.jpg,0.3394,data\raw\cgmacros\CGMacros\CGMacros-007\photos\00000040-PHOTO-2023-11-9-8-37-0.jpg
00000041-PHOTO-2023-11-9-8-43-0.jpg,.jpg,0.2898,data\raw\cgmacros\CGMacros\CGMacros-007\photos\00000041-PHOTO-2023-11-9-8-43-0.jpg
00000042-PHOTO-2023-11-9-12-51-0.jpg,.jpg,0.2868,data\raw\cgmacros\CGMacros\CGMacros-007\photos\00000042-PHOTO-2023-11-9-12-51-0.jpg
00000043-PHOTO-2023-11-9-13-13-0.jpg,.jpg,0.2545,data\raw\cgmacros\CGMacros\CGMacros-007\photos\00000043-PHOTO-2023-11-9-13-13-0.jpg
00000044-PHOTO-2023-11-9-18-30-0.jpg,.jpg,0.3371,data\raw\cgmacros\CGMacros\CGMacros-007\photos\00000044-PHOTO-2023-11-9-18-30-0.jpg
00000045-PHOTO-2023-11-9-18-45-0.jpg,.jpg,0.5666,data\raw\cgmacros\CGMacros\CGMacros-007\photos\00000045-PHOTO-2023-11-9-18-45-0.jpg
00000046-PHOTO-2023-11-10-8-57-0.jpg,.jpg,0.1695,data\raw\cgmacros\CGMacros\CGMacros-007\photos\00000046-PHOTO-2023-11-10-8-57-0.jpg
00000047-PHOTO-2023-11-10-9-6-0.jpg,.jpg,0.3444,data\raw\cgmacros\CGMacros\CGMacros-007\photos\00000047-PHOTO-2023-11-10-9-6-0.jpg
00000048-PHOTO-2023-11-10-12-24-0.jpg,.jpg,0.5616,data\raw\cgmacros\CGMacros\CGMacros-007\photos\00000048-PHOTO-2023-11-10-12-24-0.jpg
00000049-PHOTO-2023-11-10-12-46-0.jpg,.jpg,0.5105,data\raw\cgmacros\CGMacros\CGMacros-007\photos\00000049-PHOTO-2023-11-10-12-46-0.jpg
00000050-PHOTO-2023-11-10-19-17-0.jpg,.jpg,0.1793,data\raw\cgmacros\CGMacros\CGMacros-007\photos\00000050-PHOTO-2023-11-10-19-17-0.jpg
00000051-PHOTO-2023-11-10-19-17-0.jpg,.jpg,0.1906,data\raw\cgmacros\CGMacros\CGMacros-007\photos\00000051-PHOTO-2023-11-10-19-17-0.jpg
00000052-PHOTO-2023-11-11-8-24-0.jpg,.jpg,0.3199,data\raw\cgmacros\CGMacros\CGMacros-007\photos\00000052-PHOTO-2023-11-11-8-24-0.jpg
00000053-PHOTO-2023-11-11-8-34-0.jpg,.jpg,0.4432,data\raw\cgmacros\CGMacros\CGMacros-007\photos\00000053-PHOTO-2023-11-11-8-34-0.jpg
00000054-PHOTO-2023-11-11-12-28-0.jpg,.jpg,0.3897,data\raw\cgmacros\CGMacros\CGMacros-007\photos\00000054-PHOTO-2023-11-11-12-28-0.jpg
00000055-PHOTO-2023-11-11-12-38-0.jpg,.jpg,0.3898,data\raw\cgmacros\CGMacros\CGMacros-007\photos\00000055-PHOTO-2023-11-11-12-38-0.jpg
00000056-PHOTO-2023-11-11-18-10-0.jpg,.jpg,0.4235,data\raw\cgmacros\CGMacros\CGMacros-007\photos\00000056-PHOTO-2023-11-11-18-10-0.jpg
00000057-PHOTO-2023-11-11-18-22-0.jpg,.jpg,0.4464,data\raw\cgmacros\CGMacros\CGMacros-007\photos\00000057-PHOTO-2023-11-11-18-22-0.jpg
00000058-PHOTO-2023-11-12-8-33-0.jpg,.jpg,0.3554,data\raw\cgmacros\CGMacros\CGMacros-007\photos\00000058-PHOTO-2023-11-12-8-33-0.jpg
00000059-PHOTO-2023-11-12-8-44-0.jpg,.jpg,0.4662,data\raw\cgmacros\CGMacros\CGMacros-007\photos\00000059-PHOTO-2023-11-12-8-44-0.jpg
00000060-PHOTO-2023-11-12-12-14-0.jpg,.jpg,0.3963,data\raw\cgmacros\CGMacros\CGMacros-007\photos\00000060-PHOTO-2023-11-12-12-14-0.jpg
00000061-PHOTO-2023-11-12-12-34-0.jpg,.jpg,0.362,data\raw\cgmacros\CGMacros\CGMacros-007\photos\00000061-PHOTO-2023-11-12-12-34-0.jpg
00000062-PHOTO-2023-11-12-18-24-0.jpg,.jpg,0.5195,data\raw\cgmacros\CGMacros\CGMacros-007\photos\00000062-PHOTO-2023-11-12-18-24-0.jpg
00000063-PHOTO-2023-11-12-18-35-0.jpg,.jpg,0.4416,data\raw\cgmacros\CGMacros\CGMacros-007\photos\00000063-PHOTO-2023-11-12-18-35-0.jpg
00000064-PHOTO-2023-11-13-7-51-0.jpg,.jpg,0.4307,data\raw\cgmacros\CGMacros\CGMacros-007\photos\00000064-PHOTO-2023-11-13-7-51-0.jpg
00000065-PHOTO-2023-11-13-8-0-0.jpg,.jpg,0.6128,data\raw\cgmacros\CGMacros\CGMacros-007\photos\00000065-PHOTO-2023-11-13-8-0-0.jpg
00000002-PHOTO-2023-4-4-11-51-0.jpg,.jpg,0.0605,data\raw\cgmacros\CGMacros\CGMacros-006\photos\00000002-PHOTO-2023-4-4-11-51-0.jpg
00000003-PHOTO-2023-4-7-9-56-0.jpg,.jpg,0.086,data\raw\cgmacros\CGMacros\CGMacros-006\photos\00000003-PHOTO-2023-4-7-9-56-0.jpg
00000004-PHOTO-2023-4-7-10-7-0.jpg,.jpg,0.0742,data\raw\cgmacros\CGMacros\CGMacros-006\photos\00000004-PHOTO-2023-4-7-10-7-0.jpg
00000005-PHOTO-2023-4-7-13-8-0.jpg,.jpg,0.172,data\raw\cgmacros\CGMacros\CGMacros-006\photos\00000005-PHOTO-2023-4-7-13-8-0.jpg
00000006-PHOTO-2023-4-7-13-33-0.jpg,.jpg,0.16,data\raw\cgmacros\CGMacros\CGMacros-006\photos\00000006-PHOTO-2023-4-7-13-33-0.jpg
00000007-PHOTO-2023-4-7-19-15-0.jpg,.jpg,0.1072,data\raw\cgmacros\CGMacros\CGMacros-006\photos\00000007-PHOTO-2023-4-7-19-15-0.jpg
00000008-PHOTO-2023-4-7-19-39-0.jpg,.jpg,0.1062,data\raw\cgmacros\CGMacros\CGMacros-006\photos\00000008-PHOTO-2023-4-7-19-39-0.jpg
00000009-PHOTO-2023-4-8-7-18-0.jpg,.jpg,0.0798,data\raw\cgmacros\CGMacros\CGMacros-006\photos\00000009-PHOTO-2023-4-8-7-18-0.jpg
00000010-PHOTO-2023-4-8-7-30-0.jpg,.jpg,0.1131,data\raw\cgmacros\CGMacros\CGMacros-006\photos\00000010-PHOTO-2023-4-8-7-30-0.jpg
00000011-PHOTO-2023-4-8-12-6-0.jpg,.jpg,0.1229,data\raw\cgmacros\CGMacros\CGMacros-006\photos\00000011-PHOTO-2023-4-8-12-6-0.jpg
00000012-PHOTO-2023-4-8-12-35-0.jpg,.jpg,0.138,data\raw\cgmacros\CGMacros\CGMacros-006\photos\00000012-PHOTO-2023-4-8-12-35-0.jpg
00000013-PHOTO-2023-4-8-16-42-0.jpg,.jpg,0.129,data\raw\cgmacros\CGMacros\CGMacros-006\photos\00000013-PHOTO-2023-4-8-16-42-0.jpg
00000014-PHOTO-2023-4-8-16-54-0.jpg,.jpg,0.0829,data\raw\cgmacros\CGMacros\CGMacros-006\photos\00000014-PHOTO-2023-4-8-16-54-0.jpg
00000015-PHOTO-2023-4-8-19-21-0.jpg,.jpg,0.1185,data\raw\cgmacros\CGMacros\CGMacros-006\photos\00000015-PHOTO-2023-4-8-19-21-0.jpg
00000016-PHOTO-2023-4-8-19-47-0.jpg,.jpg,0.1166,data\raw\cgmacros\CGMacros\CGMacros-006\photos\00000016-PHOTO-2023-4-8-19-47-0.jpg
00000017-PHOTO-2023-4-9-7-30-0.jpg,.jpg,0.165,data\raw\cgmacros\CGMacros\CGMacros-006\photos\00000017-PHOTO-2023-4-9-7-30-0.jpg
00000018-PHOTO-2023-4-9-7-45-0.jpg,.jpg,0.165,data\raw\cgmacros\CGMacros\CGMacros-006\photos\00000018-PHOTO-2023-4-9-7-45-0.jpg
00000019-PHOTO-2023-4-9-12-48-0.jpg,.jpg,0.1674,data\raw\cgmacros\CGMacros\CGMacros-006\photos\00000019-PHOTO-2023-4-9-12-48-0.jpg
00000020-PHOTO-2023-4-9-13-11-0.jpg,.jpg,0.1277,data\raw\cgmacros\CGMacros\CGMacros-006\photos\00000020-PHOTO-2023-4-9-13-11-0.jpg
00000021-PHOTO-2023-4-9-18-42-0.jpg,.jpg,0.1962,data\raw\cgmacros\CGMacros\CGMacros-006\photos\00000021-PHOTO-2023-4-9-18-42-0.jpg
00000022-PHOTO-2023-4-9-19-1-0.jpg,.jpg,0.1134,data\raw\cgmacros\CGMacros\CGMacros-006\photos\00000022-PHOTO-2023-4-9-19-1-0.jpg
00000023-PHOTO-2023-4-9-20-57-0.jpg,.jpg,0.1236,data\raw\cgmacros\CGMacros\CGMacros-006\photos\00000023-PHOTO-2023-4-9-20-57-0.jpg
00000024-PHOTO-2023-4-9-21-13-0.jpg,.jpg,0.0878,data\raw\cgmacros\CGMacros\CGMacros-006\photos\00000024-PHOTO-2023-4-9-21-13-0.jpg
00000025-PHOTO-2023-4-10-6-50-0.jpg,.jpg,0.0964,data\raw\cgmacros\CGMacros\CGMacros-006\photos\00000025-PHOTO-2023-4-10-6-50-0.jpg
00000026-PHOTO-2023-4-10-7-4-0.jpg,.jpg,0.0948,data\raw\cgmacros\CGMacros\CGMacros-006\photos\00000026-PHOTO-2023-4-10-7-4-0.jpg
00000027-PHOTO-2023-4-10-12-7-0.jpg,.jpg,0.1374,data\raw\cgmacros\CGMacros\CGMacros-006\photos\00000027-PHOTO-2023-4-10-12-7-0.jpg
00000028-PHOTO-2023-4-10-12-35-0.jpg,.jpg,0.1466,data\raw\cgmacros\CGMacros\CGMacros-006\photos\00000028-PHOTO-2023-4-10-12-35-0.jpg
00000029-PHOTO-2023-4-10-19-26-0.jpg,.jpg,0.1601,data\raw\cgmacros\CGMacros\CGMacros-006\photos\00000029-PHOTO-2023-4-10-19-26-0.jpg
00000030-PHOTO-2023-4-10-19-48-0.jpg,.jpg,0.1027,data\raw\cgmacros\CGMacros\CGMacros-006\photos\00000030-PHOTO-2023-4-10-19-48-0.jpg
00000031-PHOTO-2023-4-11-8-50-0.jpg,.jpg,0.1102,data\raw\cgmacros\CGMacros\CGMacros-006\photos\00000031-PHOTO-2023-4-11-8-50-0.jpg
00000032-PHOTO-2023-4-11-9-5-0.jpg,.jpg,0.083,data\raw\cgmacros\CGMacros\CGMacros-006\photos\00000032-PHOTO-2023-4-11-9-5-0.jpg
00000033-PHOTO-2023-4-11-13-23-0.jpg,.jpg,0.1969,data\raw\cgmacros\CGMacros\CGMacros-006\photos\00000033-PHOTO-2023-4-11-13-23-0.jpg
00000034-PHOTO-2023-4-11-13-44-0.jpg,.jpg,0.113,data\raw\cgmacros\CGMacros\CGMacros-006\photos\00000034-PHOTO-2023-4-11-13-44-0.jpg
00000035-PHOTO-2023-4-11-19-16-0.jpg,.jpg,0.1433,data\raw\cgmacros\CGMacros\CGMacros-006\photos\00000035-PHOTO-2023-4-11-19-16-0.jpg
00000036-PHOTO-2023-4-11-19-33-0.jpg,.jpg,0.0899,data\raw\cgmacros\CGMacros\CGMacros-006\photos\00000036-PHOTO-2023-4-11-19-33-0.jpg
00000037-PHOTO-2023-4-12-10-4-0.jpg,.jpg,0.1104,data\raw\cgmacros\CGMacros\CGMacros-006\photos\00000037-PHOTO-2023-4-12-10-4-0.jpg
00000038-PHOTO-2023-4-12-10-18-0.jpg,.jpg,0.2095,data\raw\cgmacros\CGMacros\CGMacros-006\photos\00000038-PHOTO-2023-4-12-10-18-0.jpg
00000039-PHOTO-2023-4-12-14-56-0.jpg,.jpg,0.126,data\raw\cgmacros\CGMacros\CGMacros-006\photos\00000039-PHOTO-2023-4-12-14-56-0.jpg
00000040-PHOTO-2023-4-12-15-25-0.jpg,.jpg,0.1393,data\raw\cgmacros\CGMacros\CGMacros-006\photos\00000040-PHOTO-2023-4-12-15-25-0.jpg
00000041-PHOTO-2023-4-12-21-6-0.jpg,.jpg,0.1325,data\raw\cgmacros\CGMacros\CGMacros-006\photos\00000041-PHOTO-2023-4-12-21-6-0.jpg
00000042-PHOTO-2023-4-12-21-30-0.jpg,.jpg,0.1202,data\raw\cgmacros\CGMacros\CGMacros-006\photos\00000042-PHOTO-2023-4-12-21-30-0.jpg
00000043-PHOTO-2023-4-12-21-58-0.jpg,.jpg,0.0799,data\raw\cgmacros\CGMacros\CGMacros-006\photos\00000043-PHOTO-2023-4-12-21-58-0.jpg
00000044-PHOTO-2023-4-12-22-7-0.jpg,.jpg,0.1076,data\raw\cgmacros\CGMacros\CGMacros-006\photos\00000044-PHOTO-2023-4-12-22-7-0.jpg
00000045-PHOTO-2023-4-13-10-5-0.jpg,.jpg,0.1142,data\raw\cgmacros\CGMacros\CGMacros-006\photos\00000045-PHOTO-2023-4-13-10-5-0.jpg
00000046-PHOTO-2023-4-13-10-24-0.jpg,.jpg,0.1213,data\raw\cgmacros\CGMacros\CGMacros-006\photos\00000046-PHOTO-2023-4-13-10-24-0.jpg
00000048-PHOTO-2023-4-13-15-7-0.jpg,.jpg,0.1143,data\raw\cgmacros\CGMacros\CGMacros-006\photos\00000048-PHOTO-2023-4-13-15-7-0.jpg
00000049-PHOTO-2023-4-13-15-37-0.jpg,.jpg,0.08,data\raw\cgmacros\CGMacros\CGMacros-006\photos\00000049-PHOTO-2023-4-13-15-37-0.jpg
00000050-PHOTO-2023-4-13-20-17-0.jpg,.jpg,0.0876,data\raw\cgmacros\CGMacros\CGMacros-006\photos\00000050-PHOTO-2023-4-13-20-17-0.jpg
00000051-PHOTO-2023-4-13-20-26-0.jpg,.jpg,0.0889,data\raw\cgmacros\CGMacros\CGMacros-006\photos\00000051-PHOTO-2023-4-13-20-26-0.jpg
00000052-PHOTO-2023-4-13-20-42-0.jpg,.jpg,0.0798,data\raw\cgmacros\CGMacros\CGMacros-006\photos\00000052-PHOTO-2023-4-13-20-42-0.jpg
00000053-PHOTO-2023-4-14-9-8-0.jpg,.jpg,0.0905,data\raw\cgmacros\CGMacros\CGMacros-006\photos\00000053-PHOTO-2023-4-14-9-8-0.jpg
00000054-PHOTO-2023-4-14-9-21-0.jpg,.jpg,0.2082,data\raw\cgmacros\CGMacros\CGMacros-006\photos\00000054-PHOTO-2023-4-14-9-21-0.jpg
00000055-PHOTO-2023-4-14-14-30-0.jpg,.jpg,0.2293,data\raw\cgmacros\CGMacros\CGMacros-006\photos\00000055-PHOTO-2023-4-14-14-30-0.jpg
00000056-PHOTO-2023-4-14-14-51-0.jpg,.jpg,0.0967,data\raw\cgmacros\CGMacros\CGMacros-006\photos\00000056-PHOTO-2023-4-14-14-51-0.jpg
00000057-PHOTO-2023-4-14-18-9-0.jpg,.jpg,0.1343,data\raw\cgmacros\CGMacros\CGMacros-006\photos\00000057-PHOTO-2023-4-14-18-9-0.jpg
00000058-PHOTO-2023-4-14-18-18-0.jpg,.jpg,0.0995,data\raw\cgmacros\CGMacros\CGMacros-006\photos\00000058-PHOTO-2023-4-14-18-18-0.jpg
00000059-PHOTO-2023-4-14-18-58-0.jpg,.jpg,0.1626,data\raw\cgmacros\CGMacros\CGMacros-006\photos\00000059-PHOTO-2023-4-14-18-58-0.jpg
00000060-PHOTO-2023-4-14-19-23-0.jpg,.jpg,0.1766,data\raw\cgmacros\CGMacros\CGMacros-006\photos\00000060-PHOTO-2023-4-14-19-23-0.jpg
00000061-PHOTO-2023-4-14-22-11-0.jpg,.jpg,0.126,data\raw\cgmacros\CGMacros\CGMacros-006\photos\00000061-PHOTO-2023-4-14-22-11-0.jpg
00000063-PHOTO-2023-4-15-8-45-0.jpg,.jpg,0.0851,data\raw\cgmacros\CGMacros\CGMacros-006\photos\00000063-PHOTO-2023-4-15-8-45-0.jpg
00000064-PHOTO-2023-4-15-8-56-0.jpg,.jpg,0.1506,data\raw\cgmacros\CGMacros\CGMacros-006\photos\00000064-PHOTO-2023-4-15-8-56-0.jpg
00000065-PHOTO-2023-4-15-12-52-0.jpg,.jpg,0.1939,data\raw\cgmacros\CGMacros\CGMacros-006\photos\00000065-PHOTO-2023-4-15-12-52-0.jpg
00000066-PHOTO-2023-4-15-13-15-0.jpg,.jpg,0.1122,data\raw\cgmacros\CGMacros\CGMacros-006\photos\00000066-PHOTO-2023-4-15-13-15-0.jpg
00000067-PHOTO-2023-4-15-20-19-0.jpg,.jpg,0.0893,data\raw\cgmacros\CGMacros\CGMacros-006\photos\00000067-PHOTO-2023-4-15-20-19-0.jpg
00000068-PHOTO-2023-4-15-20-30-0.jpg,.jpg,0.0664,data\raw\cgmacros\CGMacros\CGMacros-006\photos\00000068-PHOTO-2023-4-15-20-30-0.jpg
00000069-PHOTO-2023-4-16-7-16-0.jpg,.jpg,0.0966,data\raw\cgmacros\CGMacros\CGMacros-006\photos\00000069-PHOTO-2023-4-16-7-16-0.jpg
00000070-PHOTO-2023-4-16-7-30-0.jpg,.jpg,0.1169,data\raw\cgmacros\CGMacros\CGMacros-006\photos\00000070-PHOTO-2023-4-16-7-30-0.jpg
00000071-PHOTO-2023-4-16-13-48-0.jpg,.jpg,0.1275,data\raw\cgmacros\CGMacros\CGMacros-006\photos\00000071-PHOTO-2023-4-16-13-48-0.jpg
00000072-PHOTO-2023-4-16-14-13-0.jpg,.jpg,0.1455,data\raw\cgmacros\CGMacros\CGMacros-006\photos\00000072-PHOTO-2023-4-16-14-13-0.jpg
00000073-PHOTO-2023-4-16-17-39-0.jpg,.jpg,0.1539,data\raw\cgmacros\CGMacros\CGMacros-006\photos\00000073-PHOTO-2023-4-16-17-39-0.jpg
00000074-PHOTO-2023-4-16-17-48-0.jpg,.jpg,0.1074,data\raw\cgmacros\CGMacros\CGMacros-006\photos\00000074-PHOTO-2023-4-16-17-48-0.jpg
00000075-PHOTO-2023-4-16-19-15-0.jpg,.jpg,0.1713,data\raw\cgmacros\CGMacros\CGMacros-006\photos\00000075-PHOTO-2023-4-16-19-15-0.jpg
00000076-PHOTO-2023-4-16-19-42-0.jpg,.jpg,0.1262,data\raw\cgmacros\CGMacros\CGMacros-006\photos\00000076-PHOTO-2023-4-16-19-42-0.jpg
00000077-PHOTO-2023-4-16-20-26-0.jpg,.jpg,0.1375,data\raw\cgmacros\CGMacros\CGMacros-006\photos\00000077-PHOTO-2023-4-16-20-26-0.jpg
00000078-PHOTO-2023-4-16-20-35-0.jpg,.jpg,0.1342,data\raw\cgmacros\CGMacros\CGMacros-006\photos\00000078-PHOTO-2023-4-16-20-35-0.jpg
00000079-PHOTO-2023-4-17-7-0-0.jpg,.jpg,0.1403,data\raw\cgmacros\CGMacros\CGMacros-006\photos\00000079-PHOTO-2023-4-17-7-0-0.jpg
00000080-PHOTO-2023-4-17-7-10-0.jpg,.jpg,0.147,data\raw\cgmacros\CGMacros\CGMacros-006\photos\00000080-PHOTO-2023-4-17-7-10-0.jpg
00000002-PHOTO-2020-8-14-12-10-0.jpg,.jpg,0.116,data\raw\cgmacros\CGMacros\CGMacros-005\photos\00000002-PHOTO-2020-8-14-12-10-0.jpg
00000003-PHOTO-2020-8-17-9-52-0.jpg,.jpg,0.1096,data\raw\cgmacros\CGMacros\CGMacros-005\photos\00000003-PHOTO-2020-8-17-9-52-0.jpg
00000004-PHOTO-2020-8-17-10-1-0.jpg,.jpg,0.139,data\raw\cgmacros\CGMacros\CGMacros-005\photos\00000004-PHOTO-2020-8-17-10-1-0.jpg
00000005-PHOTO-2020-8-17-13-8-0.jpg,.jpg,0.2204,data\raw\cgmacros\CGMacros\CGMacros-005\photos\00000005-PHOTO-2020-8-17-13-8-0.jpg
00000006-PHOTO-2020-8-17-13-33-0.jpg,.jpg,0.2093,data\raw\cgmacros\CGMacros\CGMacros-005\photos\00000006-PHOTO-2020-8-17-13-33-0.jpg
00000007-PHOTO-2020-8-17-19-42-0.jpg,.jpg,0.1689,data\raw\cgmacros\CGMacros\CGMacros-005\photos\00000007-PHOTO-2020-8-17-19-42-0.jpg
00000008-PHOTO-2020-8-18-9-51-0.jpg,.jpg,0.1741,data\raw\cgmacros\CGMacros\CGMacros-005\photos\00000008-PHOTO-2020-8-18-9-51-0.jpg
00000009-PHOTO-2020-8-18-10-7-0.jpg,.jpg,0.0908,data\raw\cgmacros\CGMacros\CGMacros-005\photos\00000009-PHOTO-2020-8-18-10-7-0.jpg
00000010-PHOTO-2020-8-18-13-28-0.jpg,.jpg,0.1657,data\raw\cgmacros\CGMacros\CGMacros-005\photos\00000010-PHOTO-2020-8-18-13-28-0.jpg
00000011-PHOTO-2020-8-18-13-59-0.jpg,.jpg,0.1246,data\raw\cgmacros\CGMacros\CGMacros-005\photos\00000011-PHOTO-2020-8-18-13-59-0.jpg
00000012-PHOTO-2020-8-18-19-55-0.jpg,.jpg,0.1395,data\raw\cgmacros\CGMacros\CGMacros-005\photos\00000012-PHOTO-2020-8-18-19-55-0.jpg
00000013-PHOTO-2020-8-19-9-50-0.jpg,.jpg,0.2131,data\raw\cgmacros\CGMacros\CGMacros-005\photos\00000013-PHOTO-2020-8-19-9-50-0.jpg
00000014-PHOTO-2020-8-19-9-58-0.jpg,.jpg,0.1656,data\raw\cgmacros\CGMacros\CGMacros-005\photos\00000014-PHOTO-2020-8-19-9-58-0.jpg
00000015-PHOTO-2020-8-19-13-22-0.jpg,.jpg,0.3022,data\raw\cgmacros\CGMacros\CGMacros-005\photos\00000015-PHOTO-2020-8-19-13-22-0.jpg
00000016-PHOTO-2020-8-19-13-53-0.jpg,.jpg,0.1062,data\raw\cgmacros\CGMacros\CGMacros-005\photos\00000016-PHOTO-2020-8-19-13-53-0.jpg
00000017-PHOTO-2020-8-19-18-19-0.jpg,.jpg,0.1489,data\raw\cgmacros\CGMacros\CGMacros-005\photos\00000017-PHOTO-2020-8-19-18-19-0.jpg
00000019-PHOTO-2020-8-20-10-0-0.jpg,.jpg,0.1081,data\raw\cgmacros\CGMacros\CGMacros-005\photos\00000019-PHOTO-2020-8-20-10-0-0.jpg
00000020-PHOTO-2020-8-20-10-11-0.jpg,.jpg,0.179,data\raw\cgmacros\CGMacros\CGMacros-005\photos\00000020-PHOTO-2020-8-20-10-11-0.jpg
00000021-PHOTO-2020-8-20-14-58-0.jpg,.jpg,0.2767,data\raw\cgmacros\CGMacros\CGMacros-005\photos\00000021-PHOTO-2020-8-20-14-58-0.jpg
00000022-PHOTO-2020-8-20-15-23-0.jpg,.jpg,0.2672,data\raw\cgmacros\CGMacros\CGMacros-005\photos\00000022-PHOTO-2020-8-20-15-23-0.jpg
00000024-PHOTO-2020-8-20-19-12-0.jpg,.jpg,0.2005,data\raw\cgmacros\CGMacros\CGMacros-005\photos\00000024-PHOTO-2020-8-20-19-12-0.jpg
00000025-PHOTO-2020-8-20-19-38-0.jpg,.jpg,0.1282,data\raw\cgmacros\CGMacros\CGMacros-005\photos\00000025-PHOTO-2020-8-20-19-38-0.jpg
00000026-PHOTO-2020-8-20-20-22-0.jpg,.jpg,0.1562,data\raw\cgmacros\CGMacros\CGMacros-005\photos\00000026-PHOTO-2020-8-20-20-22-0.jpg
00000027-PHOTO-2020-8-20-20-49-0.jpg,.jpg,0.1334,data\raw\cgmacros\CGMacros\CGMacros-005\photos\00000027-PHOTO-2020-8-20-20-49-0.jpg
00000028-PHOTO-2020-8-21-9-56-0.jpg,.jpg,0.1696,data\raw\cgmacros\CGMacros\CGMacros-005\photos\00000028-PHOTO-2020-8-21-9-56-0.jpg
00000029-PHOTO-2020-8-21-10-5-0.jpg,.jpg,0.2063,data\raw\cgmacros\CGMacros\CGMacros-005\photos\00000029-PHOTO-2020-8-21-10-5-0.jpg
00000030-PHOTO-2020-8-21-13-57-0.jpg,.jpg,0.3263,data\raw\cgmacros\CGMacros\CGMacros-005\photos\00000030-PHOTO-2020-8-21-13-57-0.jpg
00000031-PHOTO-2020-8-21-14-14-0.jpg,.jpg,0.2864,data\raw\cgmacros\CGMacros\CGMacros-005\photos\00000031-PHOTO-2020-8-21-14-14-0.jpg
00000032-PHOTO-2020-8-21-17-42-0.jpg,.jpg,0.2443,data\raw\cgmacros\CGMacros\CGMacros-005\photos\00000032-PHOTO-2020-8-21-17-42-0.jpg
00000033-PHOTO-2020-8-21-17-54-0.jpg,.jpg,0.226,data\raw\cgmacros\CGMacros\CGMacros-005\photos\00000033-PHOTO-2020-8-21-17-54-0.jpg
00000034-PHOTO-2020-8-21-20-21-0.jpg,.jpg,0.1606,data\raw\cgmacros\CGMacros\CGMacros-005\photos\00000034-PHOTO-2020-8-21-20-21-0.jpg
00000035-PHOTO-2020-8-21-20-45-0.jpg,.jpg,0.0691,data\raw\cgmacros\CGMacros\CGMacros-005\photos\00000035-PHOTO-2020-8-21-20-45-0.jpg
00000036-PHOTO-2020-8-21-21-2-0.jpg,.jpg,0.1468,data\raw\cgmacros\CGMacros\CGMacros-005\photos\00000036-PHOTO-2020-8-21-21-2-0.jpg
00000037-PHOTO-2020-8-21-21-16-0.jpg,.jpg,0.1145,data\raw\cgmacros\CGMacros\CGMacros-005\photos\00000037-PHOTO-2020-8-21-21-16-0.jpg
00000038-PHOTO-2020-8-21-21-21-0.jpg,.jpg,0.1357,data\raw\cgmacros\CGMacros\CGMacros-005\photos\00000038-PHOTO-2020-8-21-21-21-0.jpg
00000039-PHOTO-2020-8-21-21-53-0.jpg,.jpg,0.1249,data\raw\cgmacros\CGMacros\CGMacros-005\photos\00000039-PHOTO-2020-8-21-21-53-0.jpg
00000040-PHOTO-2020-8-22-8-52-0.jpg,.jpg,0.2053,data\raw\cgmacros\CGMacros\CGMacros-005\photos\00000040-PHOTO-2020-8-22-8-52-0.jpg
00000041-PHOTO-2020-8-22-9-6-0.jpg,.jpg,0.239,data\raw\cgmacros\CGMacros\CGMacros-005\photos\00000041-PHOTO-2020-8-22-9-6-0.jpg
00000042-PHOTO-2020-8-22-12-36-0.jpg,.jpg,0.282,data\raw\cgmacros\CGMacros\CGMacros-005\photos\00000042-PHOTO-2020-8-22-12-36-0.jpg
00000043-PHOTO-2020-8-22-13-5-0.jpg,.jpg,0.2437,data\raw\cgmacros\CGMacros\CGMacros-005\photos\00000043-PHOTO-2020-8-22-13-5-0.jpg
00000044-PHOTO-2020-8-22-16-48-0.jpg,.jpg,0.1135,data\raw\cgmacros\CGMacros\CGMacros-005\photos\00000044-PHOTO-2020-8-22-16-48-0.jpg
00000045-PHOTO-2020-8-22-16-50-0.jpg,.jpg,0.1882,data\raw\cgmacros\CGMacros\CGMacros-005\photos\00000045-PHOTO-2020-8-22-16-50-0.jpg
00000046-PHOTO-2020-8-22-20-13-0.jpg,.jpg,0.1563,data\raw\cgmacros\CGMacros\CGMacros-005\photos\00000046-PHOTO-2020-8-22-20-13-0.jpg
00000047-PHOTO-2020-8-22-20-44-0.jpg,.jpg,0.1479,data\raw\cgmacros\CGMacros\CGMacros-005\photos\00000047-PHOTO-2020-8-22-20-44-0.jpg
00000048-PHOTO-2020-8-22-21-44-0.jpg,.jpg,0.1375,data\raw\cgmacros\CGMacros\CGMacros-005\photos\00000048-PHOTO-2020-8-22-21-44-0.jpg
00000049-PHOTO-2020-8-22-21-56-0.jpg,.jpg,0.1606,data\raw\cgmacros\CGMacros\CGMacros-005\photos\00000049-PHOTO-2020-8-22-21-56-0.jpg
00000050-PHOTO-2020-8-22-21-59-0.jpg,.jpg,0.3288,data\raw\cgmacros\CGMacros\CGMacros-005\photos\00000050-PHOTO-2020-8-22-21-59-0.jpg
00000051-PHOTO-2020-8-22-22-13-0.jpg,.jpg,0.1604,data\raw\cgmacros\CGMacros\CGMacros-005\photos\00000051-PHOTO-2020-8-22-22-13-0.jpg
00000052-PHOTO-2020-8-22-22-53-0.jpg,.jpg,0.1552,data\raw\cgmacros\CGMacros\CGMacros-005\photos\00000052-PHOTO-2020-8-22-22-53-0.jpg
00000053-PHOTO-2020-8-22-23-13-0.jpg,.jpg,0.1612,data\raw\cgmacros\CGMacros\CGMacros-005\photos\00000053-PHOTO-2020-8-22-23-13-0.jpg
00000054-PHOTO-2020-8-23-10-48-0.jpg,.jpg,0.1034,data\raw\cgmacros\CGMacros\CGMacros-005\photos\00000054-PHOTO-2020-8-23-10-48-0.jpg
00000055-PHOTO-2020-8-23-10-55-0.jpg,.jpg,0.2652,data\raw\cgmacros\CGMacros\CGMacros-005\photos\00000055-PHOTO-2020-8-23-10-55-0.jpg
00000056-PHOTO-2020-8-23-15-37-0.jpg,.jpg,0.2809,data\raw\cgmacros\CGMacros\CGMacros-005\photos\00000056-PHOTO-2020-8-23-15-37-0.jpg
00000057-PHOTO-2020-8-23-16-9-0.jpg,.jpg,0.4549,data\raw\cgmacros\CGMacros\CGMacros-005\photos\00000057-PHOTO-2020-8-23-16-9-0.jpg
00000058-PHOTO-2020-8-23-19-50-0.jpg,.jpg,0.1302,data\raw\cgmacros\CGMacros\CGMacros-005\photos\00000058-PHOTO-2020-8-23-19-50-0.jpg
00000059-PHOTO-2020-8-23-20-21-0.jpg,.jpg,0.1235,data\raw\cgmacros\CGMacros\CGMacros-005\photos\00000059-PHOTO-2020-8-23-20-21-0.jpg
00000060-PHOTO-2020-8-24-8-4-0.jpg,.jpg,0.1864,data\raw\cgmacros\CGMacros\CGMacros-005\photos\00000060-PHOTO-2020-8-24-8-4-0.jpg
00000061-PHOTO-2020-8-24-8-12-0.jpg,.jpg,0.18,data\raw\cgmacros\CGMacros\CGMacros-005\photos\00000061-PHOTO-2020-8-24-8-12-0.jpg
00000062-PHOTO-2020-8-24-12-57-0.jpg,.jpg,0.2276,data\raw\cgmacros\CGMacros\CGMacros-005\photos\00000062-PHOTO-2020-8-24-12-57-0.jpg
00000063-PHOTO-2020-8-24-13-23-0.jpg,.jpg,0.2395,data\raw\cgmacros\CGMacros\CGMacros-005\photos\00000063-PHOTO-2020-8-24-13-23-0.jpg
00000064-PHOTO-2020-8-24-17-33-0.jpg,.jpg,0.2018,data\raw\cgmacros\CGMacros\CGMacros-005\photos\00000064-PHOTO-2020-8-24-17-33-0.jpg
00000065-PHOTO-2020-8-24-17-34-0.jpg,.jpg,0.2231,data\raw\cgmacros\CGMacros\CGMacros-005\photos\00000065-PHOTO-2020-8-24-17-34-0.jpg
00000066-PHOTO-2020-8-24-17-35-0.jpg,.jpg,0.2109,data\raw\cgmacros\CGMacros\CGMacros-005\photos\00000066-PHOTO-2020-8-24-17-35-0.jpg
00000067-PHOTO-2020-8-24-17-47-0.jpg,.jpg,0.197,data\raw\cgmacros\CGMacros\CGMacros-005\photos\00000067-PHOTO-2020-8-24-17-47-0.jpg
00000068-PHOTO-2020-8-24-19-47-0.jpg,.jpg,0.2596,data\raw\cgmacros\CGMacros\CGMacros-005\photos\00000068-PHOTO-2020-8-24-19-47-0.jpg
00000069-PHOTO-2020-8-24-20-17-0.jpg,.jpg,0.2536,data\raw\cgmacros\CGMacros\CGMacros-005\photos\00000069-PHOTO-2020-8-24-20-17-0.jpg
00000070-PHOTO-2020-8-24-20-25-0.jpg,.jpg,0.183,data\raw\cgmacros\CGMacros\CGMacros-005\photos\00000070-PHOTO-2020-8-24-20-25-0.jpg
00000071-PHOTO-2020-8-24-20-32-0.jpg,.jpg,0.3152,data\raw\cgmacros\CGMacros\CGMacros-005\photos\00000071-PHOTO-2020-8-24-20-32-0.jpg
00000072-PHOTO-2020-8-25-8-13-0.jpg,.jpg,0.1981,data\raw\cgmacros\CGMacros\CGMacros-005\photos\00000072-PHOTO-2020-8-25-8-13-0.jpg
00000073-PHOTO-2020-8-25-8-30-0.jpg,.jpg,0.1163,data\raw\cgmacros\CGMacros\CGMacros-005\photos\00000073-PHOTO-2020-8-25-8-30-0.jpg
00000074-PHOTO-2020-8-25-13-11-0.jpg,.jpg,0.1622,data\raw\cgmacros\CGMacros\CGMacros-005\photos\00000074-PHOTO-2020-8-25-13-11-0.jpg
00000075-PHOTO-2020-8-25-13-24-0.jpg,.jpg,0.227,data\raw\cgmacros\CGMacros\CGMacros-005\photos\00000075-PHOTO-2020-8-25-13-24-0.jpg
00000076-PHOTO-2020-8-25-17-26-0.jpg,.jpg,0.1955,data\raw\cgmacros\CGMacros\CGMacros-005\photos\00000076-PHOTO-2020-8-25-17-26-0.jpg
00000077-PHOTO-2020-8-25-17-37-0.jpg,.jpg,0.3126,data\raw\cgmacros\CGMacros\CGMacros-005\photos\00000077-PHOTO-2020-8-25-17-37-0.jpg
00000078-PHOTO-2020-8-25-19-29-0.jpg,.jpg,0.2986,data\raw\cgmacros\CGMacros\CGMacros-005\photos\00000078-PHOTO-2020-8-25-19-29-0.jpg
00000079-PHOTO-2020-8-25-19-42-0.jpg,.jpg,0.0839,data\raw\cgmacros\CGMacros\CGMacros-005\photos\00000079-PHOTO-2020-8-25-19-42-0.jpg
00000080-PHOTO-2020-8-25-20-22-0.jpg,.jpg,0.2425,data\raw\cgmacros\CGMacros\CGMacros-005\photos\00000080-PHOTO-2020-8-25-20-22-0.jpg
00000081-PHOTO-2020-8-25-20-57-0.jpg,.jpg,0.1512,data\raw\cgmacros\CGMacros\CGMacros-005\photos\00000081-PHOTO-2020-8-25-20-57-0.jpg
00000082-PHOTO-2020-8-25-21-11-0.jpg,.jpg,0.4574,data\raw\cgmacros\CGMacros\CGMacros-005\photos\00000082-PHOTO-2020-8-25-21-11-0.jpg
00000083-PHOTO-2020-8-25-21-42-0.jpg,.jpg,0.272,data\raw\cgmacros\CGMacros\CGMacros-005\photos\00000083-PHOTO-2020-8-25-21-42-0.jpg
00000084-PHOTO-2020-8-26-8-19-0.jpg,.jpg,0.0972,data\raw\cgmacros\CGMacros\CGMacros-005\photos\00000084-PHOTO-2020-8-26-8-19-0.jpg
00000085-PHOTO-2020-8-26-8-28-0.jpg,.jpg,0.0963,data\raw\cgmacros\CGMacros\CGMacros-005\photos\00000085-PHOTO-2020-8-26-8-28-0.jpg
00000086-PHOTO-2020-8-26-8-28-0.jpg,.jpg,0.1694,data\raw\cgmacros\CGMacros\CGMacros-005\photos\00000086-PHOTO-2020-8-26-8-28-0.jpg
00000087-PHOTO-2020-8-26-14-48-0.jpg,.jpg,0.4645,data\raw\cgmacros\CGMacros\CGMacros-005\photos\00000087-PHOTO-2020-8-26-14-48-0.jpg
00000088-PHOTO-2020-8-26-15-21-0.jpg,.jpg,0.176,data\raw\cgmacros\CGMacros\CGMacros-005\photos\00000088-PHOTO-2020-8-26-15-21-0.jpg
00000089-PHOTO-2020-8-26-19-18-0.jpg,.jpg,0.189,data\raw\cgmacros\CGMacros\CGMacros-005\photos\00000089-PHOTO-2020-8-26-19-18-0.jpg
00000090-PHOTO-2020-8-26-19-30-0.jpg,.jpg,0.3,data\raw\cgmacros\CGMacros\CGMacros-005\photos\00000090-PHOTO-2020-8-26-19-30-0.jpg
00000091-PHOTO-2020-8-26-19-44-0.jpg,.jpg,0.3554,data\raw\cgmacros\CGMacros\CGMacros-005\photos\00000091-PHOTO-2020-8-26-19-44-0.jpg
00000092-PHOTO-2020-8-26-20-10-0.jpg,.jpg,0.1723,data\raw\cgmacros\CGMacros\CGMacros-005\photos\00000092-PHOTO-2020-8-26-20-10-0.jpg
00000093-PHOTO-2020-8-27-9-6-0.jpg,.jpg,0.2274,data\raw\cgmacros\CGMacros\CGMacros-005\photos\00000093-PHOTO-2020-8-27-9-6-0.jpg
00000094-PHOTO-2020-8-27-9-21-0.jpg,.jpg,0.1285,data\raw\cgmacros\CGMacros\CGMacros-005\photos\00000094-PHOTO-2020-8-27-9-21-0.jpg
dinner-complete-2020-8-17-20-15-0.jpg,.jpg,0.0103,data\raw\cgmacros\CGMacros\CGMacros-005\photos\dinner-complete-2020-8-17-20-15-0.jpg
dinner-complete-2020-8-18-20-25-0.jpg,.jpg,0.0097,data\raw\cgmacros\CGMacros\CGMacros-005\photos\dinner-complete-2020-8-18-20-25-0.jpg
dinner-complete-2020-8-19-18-55-0.jpg,.jpg,0.0101,data\raw\cgmacros\CGMacros\CGMacros-005\photos\dinner-complete-2020-8-19-18-55-0.jpg
snack-started-2020-8-18-18-45-0.jpg,.jpg,0.0051,data\raw\cgmacros\CGMacros\CGMacros-005\photos\snack-started-2020-8-18-18-45-0.jpg
snack-started-2020-8-19-21-35-0.jpg,.jpg,0.0051,data\raw\cgmacros\CGMacros\CGMacros-005\photos\snack-started-2020-8-19-21-35-0.jpg
00000002-PHOTO-2023-9-10-8-46-0.jpg,.jpg,0.1053,data\raw\cgmacros\CGMacros\CGMacros-004\photos\00000002-PHOTO-2023-9-10-8-46-0.jpg
00000003-PHOTO-2023-9-11-8-4-0.jpg,.jpg,0.1622,data\raw\cgmacros\CGMacros\CGMacros-004\photos\00000003-PHOTO-2023-9-11-8-4-0.jpg
00000004-PHOTO-2023-9-11-8-5-0.jpg,.jpg,0.1401,data\raw\cgmacros\CGMacros\CGMacros-004\photos\00000004-PHOTO-2023-9-11-8-5-0.jpg
00000005-PHOTO-2023-9-11-11-30-0.jpg,.jpg,0.1312,data\raw\cgmacros\CGMacros\CGMacros-004\photos\00000005-PHOTO-2023-9-11-11-30-0.jpg
00000006-PHOTO-2023-9-11-11-39-0.jpg,.jpg,0.2608,data\raw\cgmacros\CGMacros\CGMacros-004\photos\00000006-PHOTO-2023-9-11-11-39-0.jpg
00000007-PHOTO-2023-9-11-18-57-0.jpg,.jpg,0.1942,data\raw\cgmacros\CGMacros\CGMacros-004\photos\00000007-PHOTO-2023-9-11-18-57-0.jpg
00000008-PHOTO-2023-9-11-19-6-0.jpg,.jpg,0.1769,data\raw\cgmacros\CGMacros\CGMacros-004\photos\00000008-PHOTO-2023-9-11-19-6-0.jpg
00000009-PHOTO-2023-9-11-19-53-0.jpg,.jpg,0.1477,data\raw\cgmacros\CGMacros\CGMacros-004\photos\00000009-PHOTO-2023-9-11-19-53-0.jpg
00000010-PHOTO-2023-9-11-20-4-0.jpg,.jpg,0.1257,data\raw\cgmacros\CGMacros\CGMacros-004\photos\00000010-PHOTO-2023-9-11-20-4-0.jpg
00000011-PHOTO-2023-9-12-9-52-0.jpg,.jpg,0.1113,data\raw\cgmacros\CGMacros\CGMacros-004\photos\00000011-PHOTO-2023-9-12-9-52-0.jpg
00000012-PHOTO-2023-9-12-9-55-0.jpg,.jpg,0.1372,data\raw\cgmacros\CGMacros\CGMacros-004\photos\00000012-PHOTO-2023-9-12-9-55-0.jpg
00000013-PHOTO-2023-9-12-13-29-0.jpg,.jpg,0.1875,data\raw\cgmacros\CGMacros\CGMacros-004\photos\00000013-PHOTO-2023-9-12-13-29-0.jpg
00000014-PHOTO-2023-9-12-13-46-0.jpg,.jpg,0.155,data\raw\cgmacros\CGMacros\CGMacros-004\photos\00000014-PHOTO-2023-9-12-13-46-0.jpg
00000015-PHOTO-2023-9-12-18-11-0.jpg,.jpg,0.1357,data\raw\cgmacros\CGMacros\CGMacros-004\photos\00000015-PHOTO-2023-9-12-18-11-0.jpg
00000016-PHOTO-2023-9-12-18-20-0.jpg,.jpg,0.1033,data\raw\cgmacros\CGMacros\CGMacros-004\photos\00000016-PHOTO-2023-9-12-18-20-0.jpg
00000017-PHOTO-2023-9-12-18-43-0.jpg,.jpg,0.2528,data\raw\cgmacros\CGMacros\CGMacros-004\photos\00000017-PHOTO-2023-9-12-18-43-0.jpg
00000018-PHOTO-2023-9-12-18-44-0.jpg,.jpg,0.1072,data\raw\cgmacros\CGMacros\CGMacros-004\photos\00000018-PHOTO-2023-9-12-18-44-0.jpg
00000019-PHOTO-2023-9-12-19-40-0.jpg,.jpg,0.2021,data\raw\cgmacros\CGMacros\CGMacros-004\photos\00000019-PHOTO-2023-9-12-19-40-0.jpg
00000020-PHOTO-2023-9-12-19-50-0.jpg,.jpg,0.1819,data\raw\cgmacros\CGMacros\CGMacros-004\photos\00000020-PHOTO-2023-9-12-19-50-0.jpg
00000021-PHOTO-2023-9-12-20-31-0.jpg,.jpg,0.1112,data\raw\cgmacros\CGMacros\CGMacros-004\photos\00000021-PHOTO-2023-9-12-20-31-0.jpg
00000022-PHOTO-2023-9-12-20-54-0.jpg,.jpg,0.1175,data\raw\cgmacros\CGMacros\CGMacros-004\photos\00000022-PHOTO-2023-9-12-20-54-0.jpg
00000023-PHOTO-2023-9-13-9-49-0.jpg,.jpg,0.186,data\raw\cgmacros\CGMacros\CGMacros-004\photos\00000023-PHOTO-2023-9-13-9-49-0.jpg
00000024-PHOTO-2023-9-13-9-53-0.jpg,.jpg,0.1038,data\raw\cgmacros\CGMacros\CGMacros-004\photos\00000024-PHOTO-2023-9-13-9-53-0.jpg
00000025-PHOTO-2023-9-13-13-37-0.jpg,.jpg,0.1746,data\raw\cgmacros\CGMacros\CGMacros-004\photos\00000025-PHOTO-2023-9-13-13-37-0.jpg
00000026-PHOTO-2023-9-13-13-46-0.jpg,.jpg,0.1459,data\raw\cgmacros\CGMacros\CGMacros-004\photos\00000026-PHOTO-2023-9-13-13-46-0.jpg
00000027-PHOTO-2023-9-13-16-45-0.jpg,.jpg,0.1269,data\raw\cgmacros\CGMacros\CGMacros-004\photos\00000027-PHOTO-2023-9-13-16-45-0.jpg
00000028-PHOTO-2023-9-13-16-48-0.jpg,.jpg,0.1286,data\raw\cgmacros\CGMacros\CGMacros-004\photos\00000028-PHOTO-2023-9-13-16-48-0.jpg
00000029-PHOTO-2023-9-13-16-49-0.jpg,.jpg,0.1609,data\raw\cgmacros\CGMacros\CGMacros-004\photos\00000029-PHOTO-2023-9-13-16-49-0.jpg
00000030-PHOTO-2023-9-13-17-13-0.jpg,.jpg,0.1267,data\raw\cgmacros\CGMacros\CGMacros-004\photos\00000030-PHOTO-2023-9-13-17-13-0.jpg
00000031-PHOTO-2023-9-13-21-14-0.jpg,.jpg,0.1366,data\raw\cgmacros\CGMacros\CGMacros-004\photos\00000031-PHOTO-2023-9-13-21-14-0.jpg
00000032-PHOTO-2023-9-13-21-26-0.jpg,.jpg,0.133,data\raw\cgmacros\CGMacros\CGMacros-004\photos\00000032-PHOTO-2023-9-13-21-26-0.jpg
00000034-PHOTO-2023-9-14-8-55-0.jpg,.jpg,0.1301,data\raw\cgmacros\CGMacros\CGMacros-004\photos\00000034-PHOTO-2023-9-14-8-55-0.jpg
00000035-PHOTO-2023-9-14-8-55-0.jpg,.jpg,0.163,data\raw\cgmacros\CGMacros\CGMacros-004\photos\00000035-PHOTO-2023-9-14-8-55-0.jpg
00000036-PHOTO-2023-9-14-12-31-0.jpg,.jpg,0.2353,data\raw\cgmacros\CGMacros\CGMacros-004\photos\00000036-PHOTO-2023-9-14-12-31-0.jpg
00000037-PHOTO-2023-9-14-12-37-0.jpg,.jpg,0.2409,data\raw\cgmacros\CGMacros\CGMacros-004\photos\00000037-PHOTO-2023-9-14-12-37-0.jpg
00000038-PHOTO-2023-9-14-15-47-0.jpg,.jpg,0.1342,data\raw\cgmacros\CGMacros\CGMacros-004\photos\00000038-PHOTO-2023-9-14-15-47-0.jpg
00000040-PHOTO-2023-9-14-19-54-0.jpg,.jpg,0.1945,data\raw\cgmacros\CGMacros\CGMacros-004\photos\00000040-PHOTO-2023-9-14-19-54-0.jpg
00000041-PHOTO-2023-9-14-20-9-0.jpg,.jpg,0.1797,data\raw\cgmacros\CGMacros\CGMacros-004\photos\00000041-PHOTO-2023-9-14-20-9-0.jpg
00000042-PHOTO-2023-9-14-20-15-0.jpg,.jpg,0.1414,data\raw\cgmacros\CGMacros\CGMacros-004\photos\00000042-PHOTO-2023-9-14-20-15-0.jpg
00000044-PHOTO-2023-9-15-9-1-0.jpg,.jpg,0.1213,data\raw\cgmacros\CGMacros\CGMacros-004\photos\00000044-PHOTO-2023-9-15-9-1-0.jpg
00000045-PHOTO-2023-9-15-9-1-0.jpg,.jpg,0.1126,data\raw\cgmacros\CGMacros\CGMacros-004\photos\00000045-PHOTO-2023-9-15-9-1-0.jpg
00000046-PHOTO-2023-9-15-12-34-0.jpg,.jpg,0.1805,data\raw\cgmacros\CGMacros\CGMacros-004\photos\00000046-PHOTO-2023-9-15-12-34-0.jpg
00000047-PHOTO-2023-9-15-12-43-0.jpg,.jpg,0.1122,data\raw\cgmacros\CGMacros\CGMacros-004\photos\00000047-PHOTO-2023-9-15-12-43-0.jpg
00000048-PHOTO-2023-9-15-15-59-0.jpg,.jpg,0.1799,data\raw\cgmacros\CGMacros\CGMacros-004\photos\00000048-PHOTO-2023-9-15-15-59-0.jpg
00000049-PHOTO-2023-9-15-16-11-0.jpg,.jpg,0.0917,data\raw\cgmacros\CGMacros\CGMacros-004\photos\00000049-PHOTO-2023-9-15-16-11-0.jpg
00000050-PHOTO-2023-9-15-18-3-0.jpg,.jpg,0.1947,data\raw\cgmacros\CGMacros\CGMacros-004\photos\00000050-PHOTO-2023-9-15-18-3-0.jpg
00000051-PHOTO-2023-9-15-18-13-0.jpg,.jpg,0.1395,data\raw\cgmacros\CGMacros\CGMacros-004\photos\00000051-PHOTO-2023-9-15-18-13-0.jpg
00000052-PHOTO-2023-9-15-20-23-0.jpg,.jpg,0.2702,data\raw\cgmacros\CGMacros\CGMacros-004\photos\00000052-PHOTO-2023-9-15-20-23-0.jpg
00000053-PHOTO-2023-9-15-20-45-0.jpg,.jpg,0.2593,data\raw\cgmacros\CGMacros\CGMacros-004\photos\00000053-PHOTO-2023-9-15-20-45-0.jpg
00000054-PHOTO-2023-9-15-20-51-0.jpg,.jpg,0.2549,data\raw\cgmacros\CGMacros\CGMacros-004\photos\00000054-PHOTO-2023-9-15-20-51-0.jpg
00000055-PHOTO-2023-9-16-8-56-0.jpg,.jpg,0.0923,data\raw\cgmacros\CGMacros\CGMacros-004\photos\00000055-PHOTO-2023-9-16-8-56-0.jpg
00000056-PHOTO-2023-9-16-9-4-0.jpg,.jpg,0.0955,data\raw\cgmacros\CGMacros\CGMacros-004\photos\00000056-PHOTO-2023-9-16-9-4-0.jpg
00000057-PHOTO-2023-9-16-12-25-0.jpg,.jpg,0.17,data\raw\cgmacros\CGMacros\CGMacros-004\photos\00000057-PHOTO-2023-9-16-12-25-0.jpg
00000058-PHOTO-2023-9-16-12-36-0.jpg,.jpg,0.2511,data\raw\cgmacros\CGMacros\CGMacros-004\photos\00000058-PHOTO-2023-9-16-12-36-0.jpg
00000059-PHOTO-2023-9-16-15-46-0.jpg,.jpg,0.1663,data\raw\cgmacros\CGMacros\CGMacros-004\photos\00000059-PHOTO-2023-9-16-15-46-0.jpg
00000060-PHOTO-2023-9-16-15-56-0.jpg,.jpg,0.1298,data\raw\cgmacros\CGMacros\CGMacros-004\photos\00000060-PHOTO-2023-9-16-15-56-0.jpg
00000062-PHOTO-2023-9-16-17-42-0.jpg,.jpg,0.2137,data\raw\cgmacros\CGMacros\CGMacros-004\photos\00000062-PHOTO-2023-9-16-17-42-0.jpg
00000063-PHOTO-2023-9-16-18-0-0.jpg,.jpg,0.1769,data\raw\cgmacros\CGMacros\CGMacros-004\photos\00000063-PHOTO-2023-9-16-18-0-0.jpg
00000064-PHOTO-2023-9-16-22-39-0.jpg,.jpg,0.1061,data\raw\cgmacros\CGMacros\CGMacros-004\photos\00000064-PHOTO-2023-9-16-22-39-0.jpg
00000065-PHOTO-2023-9-17-8-49-0.jpg,.jpg,0.0892,data\raw\cgmacros\CGMacros\CGMacros-004\photos\00000065-PHOTO-2023-9-17-8-49-0.jpg
00000066-PHOTO-2023-9-17-8-56-0.jpg,.jpg,0.1077,data\raw\cgmacros\CGMacros\CGMacros-004\photos\00000066-PHOTO-2023-9-17-8-56-0.jpg
00000067-PHOTO-2023-9-17-12-26-0.jpg,.jpg,0.163,data\raw\cgmacros\CGMacros\CGMacros-004\photos\00000067-PHOTO-2023-9-17-12-26-0.jpg
00000068-PHOTO-2023-9-17-12-32-0.jpg,.jpg,0.2147,data\raw\cgmacros\CGMacros\CGMacros-004\photos\00000068-PHOTO-2023-9-17-12-32-0.jpg
00000069-PHOTO-2023-9-17-15-31-0.jpg,.jpg,0.3296,data\raw\cgmacros\CGMacros\CGMacros-004\photos\00000069-PHOTO-2023-9-17-15-31-0.jpg
00000070-PHOTO-2023-9-17-15-40-0.jpg,.jpg,0.2449,data\raw\cgmacros\CGMacros\CGMacros-004\photos\00000070-PHOTO-2023-9-17-15-40-0.jpg
00000071-PHOTO-2023-9-17-15-42-0.jpg,.jpg,0.2337,data\raw\cgmacros\CGMacros\CGMacros-004\photos\00000071-PHOTO-2023-9-17-15-42-0.jpg
00000072-PHOTO-2023-9-17-15-54-0.jpg,.jpg,0.1579,data\raw\cgmacros\CGMacros\CGMacros-004\photos\00000072-PHOTO-2023-9-17-15-54-0.jpg
00000073-PHOTO-2023-9-17-18-59-0.jpg,.jpg,0.0954,data\raw\cgmacros\CGMacros\CGMacros-004\photos\00000073-PHOTO-2023-9-17-18-59-0.jpg
00000074-PHOTO-2023-9-17-19-7-0.jpg,.jpg,0.119,data\raw\cgmacros\CGMacros\CGMacros-004\photos\00000074-PHOTO-2023-9-17-19-7-0.jpg
00000075-PHOTO-2023-9-17-20-2-0.jpg,.jpg,0.0343,data\raw\cgmacros\CGMacros\CGMacros-004\photos\00000075-PHOTO-2023-9-17-20-2-0.jpg
00000076-PHOTO-2023-9-17-20-17-0.jpg,.jpg,0.2924,data\raw\cgmacros\CGMacros\CGMacros-004\photos\00000076-PHOTO-2023-9-17-20-17-0.jpg
00000077-PHOTO-2023-9-17-20-17-0.jpg,.jpg,0.2628,data\raw\cgmacros\CGMacros\CGMacros-004\photos\00000077-PHOTO-2023-9-17-20-17-0.jpg
00000078-PHOTO-2023-9-17-20-20-0.jpg,.jpg,0.3015,data\raw\cgmacros\CGMacros\CGMacros-004\photos\00000078-PHOTO-2023-9-17-20-20-0.jpg
00000079-PHOTO-2023-9-17-20-44-0.jpg,.jpg,0.1754,data\raw\cgmacros\CGMacros\CGMacros-004\photos\00000079-PHOTO-2023-9-17-20-44-0.jpg
00000080-PHOTO-2023-9-17-21-40-0.jpg,.jpg,0.2164,data\raw\cgmacros\CGMacros\CGMacros-004\photos\00000080-PHOTO-2023-9-17-21-40-0.jpg
00000081-PHOTO-2023-9-18-8-57-0.jpg,.jpg,0.1163,data\raw\cgmacros\CGMacros\CGMacros-004\photos\00000081-PHOTO-2023-9-18-8-57-0.jpg
00000082-PHOTO-2023-9-18-9-9-0.jpg,.jpg,0.1651,data\raw\cgmacros\CGMacros\CGMacros-004\photos\00000082-PHOTO-2023-9-18-9-9-0.jpg
00000083-PHOTO-2023-9-18-12-23-0.jpg,.jpg,0.2557,data\raw\cgmacros\CGMacros\CGMacros-004\photos\00000083-PHOTO-2023-9-18-12-23-0.jpg
00000084-PHOTO-2023-9-18-12-36-0.jpg,.jpg,0.1671,data\raw\cgmacros\CGMacros\CGMacros-004\photos\00000084-PHOTO-2023-9-18-12-36-0.jpg
00000085-PHOTO-2023-9-18-15-34-0.jpg,.jpg,0.241,data\raw\cgmacros\CGMacros\CGMacros-004\photos\00000085-PHOTO-2023-9-18-15-34-0.jpg
00000086-PHOTO-2023-9-18-15-34-0.jpg,.jpg,0.0957,data\raw\cgmacros\CGMacros\CGMacros-004\photos\00000086-PHOTO-2023-9-18-15-34-0.jpg
00000087-PHOTO-2023-9-18-15-38-0.jpg,.jpg,0.0938,data\raw\cgmacros\CGMacros\CGMacros-004\photos\00000087-PHOTO-2023-9-18-15-38-0.jpg
00000088-PHOTO-2023-9-18-16-59-0.jpg,.jpg,0.171,data\raw\cgmacros\CGMacros\CGMacros-004\photos\00000088-PHOTO-2023-9-18-16-59-0.jpg
00000089-PHOTO-2023-9-18-18-13-0.jpg,.jpg,0.1602,data\raw\cgmacros\CGMacros\CGMacros-004\photos\00000089-PHOTO-2023-9-18-18-13-0.jpg
00000090-PHOTO-2023-9-18-18-26-0.jpg,.jpg,0.273,data\raw\cgmacros\CGMacros\CGMacros-004\photos\00000090-PHOTO-2023-9-18-18-26-0.jpg
00000091-PHOTO-2023-9-18-18-28-0.jpg,.jpg,0.3937,data\raw\cgmacros\CGMacros\CGMacros-004\photos\00000091-PHOTO-2023-9-18-18-28-0.jpg
00000092-PHOTO-2023-9-18-18-31-0.jpg,.jpg,0.2929,data\raw\cgmacros\CGMacros\CGMacros-004\photos\00000092-PHOTO-2023-9-18-18-31-0.jpg
00000093-PHOTO-2023-9-18-18-33-0.jpg,.jpg,0.1913,data\raw\cgmacros\CGMacros\CGMacros-004\photos\00000093-PHOTO-2023-9-18-18-33-0.jpg
00000094-PHOTO-2023-9-18-22-16-0.jpg,.jpg,0.1455,data\raw\cgmacros\CGMacros\CGMacros-004\photos\00000094-PHOTO-2023-9-18-22-16-0.jpg
00000095-PHOTO-2023-9-18-22-34-0.jpg,.jpg,0.0931,data\raw\cgmacros\CGMacros\CGMacros-004\photos\00000095-PHOTO-2023-9-18-22-34-0.jpg
00000096-PHOTO-2023-9-18-23-1-0.jpg,.jpg,0.1467,data\raw\cgmacros\CGMacros\CGMacros-004\photos\00000096-PHOTO-2023-9-18-23-1-0.jpg
00000097-PHOTO-2023-9-19-9-33-0.jpg,.jpg,0.1367,data\raw\cgmacros\CGMacros\CGMacros-004\photos\00000097-PHOTO-2023-9-19-9-33-0.jpg
00000098-PHOTO-2023-9-19-9-36-0.jpg,.jpg,0.1403,data\raw\cgmacros\CGMacros\CGMacros-004\photos\00000098-PHOTO-2023-9-19-9-36-0.jpg
00000099-PHOTO-2023-9-19-15-2-0.jpg,.jpg,0.1962,data\raw\cgmacros\CGMacros\CGMacros-004\photos\00000099-PHOTO-2023-9-19-15-2-0.jpg
00000100-PHOTO-2023-9-19-15-7-0.jpg,.jpg,0.1685,data\raw\cgmacros\CGMacros\CGMacros-004\photos\00000100-PHOTO-2023-9-19-15-7-0.jpg
00000101-PHOTO-2023-9-19-18-19-0.jpg,.jpg,0.1275,data\raw\cgmacros\CGMacros\CGMacros-004\photos\00000101-PHOTO-2023-9-19-18-19-0.jpg
00000102-PHOTO-2023-9-19-18-38-0.jpg,.jpg,0.0869,data\raw\cgmacros\CGMacros\CGMacros-004\photos\00000102-PHOTO-2023-9-19-18-38-0.jpg
00000103-PHOTO-2023-9-19-18-57-0.jpg,.jpg,0.2877,data\raw\cgmacros\CGMacros\CGMacros-004\photos\00000103-PHOTO-2023-9-19-18-57-0.jpg
00000104-PHOTO-2023-9-19-19-8-0.jpg,.jpg,0.2872,data\raw\cgmacros\CGMacros\CGMacros-004\photos\00000104-PHOTO-2023-9-19-19-8-0.jpg
00000105-PHOTO-2023-9-19-19-8-0.jpg,.jpg,0.3001,data\raw\cgmacros\CGMacros\CGMacros-004\photos\00000105-PHOTO-2023-9-19-19-8-0.jpg
00000106-PHOTO-2023-9-19-19-18-0.jpg,.jpg,0.3065,data\raw\cgmacros\CGMacros\CGMacros-004\photos\00000106-PHOTO-2023-9-19-19-18-0.jpg
00000107-PHOTO-2023-9-19-20-0-0.jpg,.jpg,0.2075,data\raw\cgmacros\CGMacros\CGMacros-004\photos\00000107-PHOTO-2023-9-19-20-0-0.jpg
00000108-PHOTO-2023-9-19-20-31-0.jpg,.jpg,0.1219,data\raw\cgmacros\CGMacros\CGMacros-004\photos\00000108-PHOTO-2023-9-19-20-31-0.jpg
00000109-PHOTO-2023-9-19-21-59-0.jpg,.jpg,0.1677,data\raw\cgmacros\CGMacros\CGMacros-004\photos\00000109-PHOTO-2023-9-19-21-59-0.jpg
00000110-PHOTO-2023-9-19-22-16-0.jpg,.jpg,0.1241,data\raw\cgmacros\CGMacros\CGMacros-004\photos\00000110-PHOTO-2023-9-19-22-16-0.jpg
00000111-PHOTO-2023-9-19-22-51-0.jpg,.jpg,0.1265,data\raw\cgmacros\CGMacros\CGMacros-004\photos\00000111-PHOTO-2023-9-19-22-51-0.jpg
00000112-PHOTO-2023-9-20-9-30-0.jpg,.jpg,0.1154,data\raw\cgmacros\CGMacros\CGMacros-004\photos\00000112-PHOTO-2023-9-20-9-30-0.jpg
00000113-PHOTO-2023-9-20-9-38-0.jpg,.jpg,0.1546,data\raw\cgmacros\CGMacros\CGMacros-004\photos\00000113-PHOTO-2023-9-20-9-38-0.jpg
00000114-PHOTO-2023-9-20-13-18-0.jpg,.jpg,0.2438,data\raw\cgmacros\CGMacros\CGMacros-004\photos\00000114-PHOTO-2023-9-20-13-18-0.jpg
00000115-PHOTO-2023-9-20-13-26-0.jpg,.jpg,0.1724,data\raw\cgmacros\CGMacros\CGMacros-004\photos\00000115-PHOTO-2023-9-20-13-26-0.jpg
00000116-PHOTO-2023-9-20-16-39-0.jpg,.jpg,0.1843,data\raw\cgmacros\CGMacros\CGMacros-004\photos\00000116-PHOTO-2023-9-20-16-39-0.jpg
00000117-PHOTO-2023-9-20-16-47-0.jpg,.jpg,0.3853,data\raw\cgmacros\CGMacros\CGMacros-004\photos\00000117-PHOTO-2023-9-20-16-47-0.jpg
00000118-PHOTO-2023-9-20-16-47-0.jpg,.jpg,0.2152,data\raw\cgmacros\CGMacros\CGMacros-004\photos\00000118-PHOTO-2023-9-20-16-47-0.jpg
00000119-PHOTO-2023-9-20-16-49-0.jpg,.jpg,0.3326,data\raw\cgmacros\CGMacros\CGMacros-004\photos\00000119-PHOTO-2023-9-20-16-49-0.jpg
00000120-PHOTO-2023-9-20-17-1-0.jpg,.jpg,0.231,data\raw\cgmacros\CGMacros\CGMacros-004\photos\00000120-PHOTO-2023-9-20-17-1-0.jpg
00000121-PHOTO-2023-9-20-18-1-0.jpg,.jpg,0.3192,data\raw\cgmacros\CGMacros\CGMacros-004\photos\00000121-PHOTO-2023-9-20-18-1-0.jpg
00000122-PHOTO-2023-9-20-18-3-0.jpg,.jpg,0.2437,data\raw\cgmacros\CGMacros\CGMacros-004\photos\00000122-PHOTO-2023-9-20-18-3-0.jpg
00000123-PHOTO-2023-9-20-18-9-0.jpg,.jpg,0.218,data\raw\cgmacros\CGMacros\CGMacros-004\photos\00000123-PHOTO-2023-9-20-18-9-0.jpg
00000124-PHOTO-2023-9-20-18-11-0.jpg,.jpg,0.1819,data\raw\cgmacros\CGMacros\CGMacros-004\photos\00000124-PHOTO-2023-9-20-18-11-0.jpg
00000125-PHOTO-2023-9-20-20-30-0.jpg,.jpg,0.1897,data\raw\cgmacros\CGMacros\CGMacros-004\photos\00000125-PHOTO-2023-9-20-20-30-0.jpg
00000126-PHOTO-2023-9-20-20-34-0.jpg,.jpg,0.2727,data\raw\cgmacros\CGMacros\CGMacros-004\photos\00000126-PHOTO-2023-9-20-20-34-0.jpg
00000127-PHOTO-2023-9-20-20-35-0.jpg,.jpg,0.2411,data\raw\cgmacros\CGMacros\CGMacros-004\photos\00000127-PHOTO-2023-9-20-20-35-0.jpg
00000128-PHOTO-2023-9-20-20-35-0.jpg,.jpg,0.2463,data\raw\cgmacros\CGMacros\CGMacros-004\photos\00000128-PHOTO-2023-9-20-20-35-0.jpg
00000129-PHOTO-2023-9-21-7-47-0.jpg,.jpg,0.1405,data\raw\cgmacros\CGMacros\CGMacros-004\photos\00000129-PHOTO-2023-9-21-7-47-0.jpg
00000130-PHOTO-2023-9-21-7-48-0.jpg,.jpg,0.1359,data\raw\cgmacros\CGMacros\CGMacros-004\photos\00000130-PHOTO-2023-9-21-7-48-0.jpg
00000002-PHOTO-2020-3-10-11-58-0.jpg,.jpg,0.0779,data\raw\cgmacros\CGMacros\CGMacros-003\photos\00000002-PHOTO-2020-3-10-11-58-0.jpg
00000003-PHOTO-2020-3-11-8-20-0.jpg,.jpg,0.1147,data\raw\cgmacros\CGMacros\CGMacros-003\photos\00000003-PHOTO-2020-3-11-8-20-0.jpg
00000004-PHOTO-2020-3-11-8-26-0.jpg,.jpg,0.1487,data\raw\cgmacros\CGMacros\CGMacros-003\photos\00000004-PHOTO-2020-3-11-8-26-0.jpg
00000005-PHOTO-2020-3-11-12-9-0.jpg,.jpg,0.0996,data\raw\cgmacros\CGMacros\CGMacros-003\photos\00000005-PHOTO-2020-3-11-12-9-0.jpg
00000006-PHOTO-2020-3-11-12-36-0.jpg,.jpg,0.1328,data\raw\cgmacros\CGMacros\CGMacros-003\photos\00000006-PHOTO-2020-3-11-12-36-0.jpg
00000007-PHOTO-2020-3-11-19-38-0.jpg,.jpg,0.1852,data\raw\cgmacros\CGMacros\CGMacros-003\photos\00000007-PHOTO-2020-3-11-19-38-0.jpg
00000008-PHOTO-2020-3-11-20-15-0.jpg,.jpg,0.172,data\raw\cgmacros\CGMacros\CGMacros-003\photos\00000008-PHOTO-2020-3-11-20-15-0.jpg
00000009-PHOTO-2020-3-12-10-17-0.jpg,.jpg,0.1193,data\raw\cgmacros\CGMacros\CGMacros-003\photos\00000009-PHOTO-2020-3-12-10-17-0.jpg
00000010-PHOTO-2020-3-12-10-30-0.jpg,.jpg,0.1009,data\raw\cgmacros\CGMacros\CGMacros-003\photos\00000010-PHOTO-2020-3-12-10-30-0.jpg
00000011-PHOTO-2020-3-12-14-25-0.jpg,.jpg,0.1705,data\raw\cgmacros\CGMacros\CGMacros-003\photos\00000011-PHOTO-2020-3-12-14-25-0.jpg
00000012-PHOTO-2020-3-12-14-54-0.jpg,.jpg,0.125,data\raw\cgmacros\CGMacros\CGMacros-003\photos\00000012-PHOTO-2020-3-12-14-54-0.jpg
00000013-PHOTO-2020-3-12-20-4-0.jpg,.jpg,0.2011,data\raw\cgmacros\CGMacros\CGMacros-003\photos\00000013-PHOTO-2020-3-12-20-4-0.jpg
00000014-PHOTO-2020-3-12-20-23-0.jpg,.jpg,0.1583,data\raw\cgmacros\CGMacros\CGMacros-003\photos\00000014-PHOTO-2020-3-12-20-23-0.jpg
00000015-PHOTO-2020-3-13-8-27-0.jpg,.jpg,0.1296,data\raw\cgmacros\CGMacros\CGMacros-003\photos\00000015-PHOTO-2020-3-13-8-27-0.jpg
00000016-PHOTO-2020-3-13-8-48-0.jpg,.jpg,0.2648,data\raw\cgmacros\CGMacros\CGMacros-003\photos\00000016-PHOTO-2020-3-13-8-48-0.jpg
00000017-PHOTO-2020-3-13-12-33-0.jpg,.jpg,0.2264,data\raw\cgmacros\CGMacros\CGMacros-003\photos\00000017-PHOTO-2020-3-13-12-33-0.jpg
00000018-PHOTO-2020-3-13-12-42-0.jpg,.jpg,0.2143,data\raw\cgmacros\CGMacros\CGMacros-003\photos\00000018-PHOTO-2020-3-13-12-42-0.jpg
00000019-PHOTO-2020-3-13-17-3-0.jpg,.jpg,0.133,data\raw\cgmacros\CGMacros\CGMacros-003\photos\00000019-PHOTO-2020-3-13-17-3-0.jpg
00000020-PHOTO-2020-3-13-20-53-0.jpg,.jpg,0.1419,data\raw\cgmacros\CGMacros\CGMacros-003\photos\00000020-PHOTO-2020-3-13-20-53-0.jpg
00000021-PHOTO-2020-3-14-9-35-0.jpg,.jpg,0.1151,data\raw\cgmacros\CGMacros\CGMacros-003\photos\00000021-PHOTO-2020-3-14-9-35-0.jpg
00000022-PHOTO-2020-3-14-9-48-0.jpg,.jpg,0.1914,data\raw\cgmacros\CGMacros\CGMacros-003\photos\00000022-PHOTO-2020-3-14-9-48-0.jpg
00000023-PHOTO-2020-3-14-13-33-0.jpg,.jpg,0.2492,data\raw\cgmacros\CGMacros\CGMacros-003\photos\00000023-PHOTO-2020-3-14-13-33-0.jpg
00000024-PHOTO-2020-3-14-13-49-0.jpg,.jpg,0.164,data\raw\cgmacros\CGMacros\CGMacros-003\photos\00000024-PHOTO-2020-3-14-13-49-0.jpg
00000025-PHOTO-2020-3-14-13-49-0.jpg,.jpg,0.1638,data\raw\cgmacros\CGMacros\CGMacros-003\photos\00000025-PHOTO-2020-3-14-13-49-0.jpg
00000026-PHOTO-2020-3-14-19-57-0.jpg,.jpg,0.1475,data\raw\cgmacros\CGMacros\CGMacros-003\photos\00000026-PHOTO-2020-3-14-19-57-0.jpg
00000027-PHOTO-2020-3-14-20-19-0.jpg,.jpg,0.1534,data\raw\cgmacros\CGMacros\CGMacros-003\photos\00000027-PHOTO-2020-3-14-20-19-0.jpg
00000028-PHOTO-2020-3-15-9-12-0.jpg,.jpg,0.1262,data\raw\cgmacros\CGMacros\CGMacros-003\photos\00000028-PHOTO-2020-3-15-9-12-0.jpg
00000029-PHOTO-2020-3-15-9-30-0.jpg,.jpg,0.0918,data\raw\cgmacros\CGMacros\CGMacros-003\photos\00000029-PHOTO-2020-3-15-9-30-0.jpg
00000030-PHOTO-2020-3-15-14-6-0.jpg,.jpg,0.1625,data\raw\cgmacros\CGMacros\CGMacros-003\photos\00000030-PHOTO-2020-3-15-14-6-0.jpg
00000031-PHOTO-2020-3-15-14-17-0.jpg,.jpg,0.1579,data\raw\cgmacros\CGMacros\CGMacros-003\photos\00000031-PHOTO-2020-3-15-14-17-0.jpg
00000032-PHOTO-2020-3-15-20-5-0.jpg,.jpg,0.1767,data\raw\cgmacros\CGMacros\CGMacros-003\photos\00000032-PHOTO-2020-3-15-20-5-0.jpg
00000033-PHOTO-2020-3-15-20-23-0.jpg,.jpg,0.1344,data\raw\cgmacros\CGMacros\CGMacros-003\photos\00000033-PHOTO-2020-3-15-20-23-0.jpg
00000034-PHOTO-2020-3-16-8-14-0.jpg,.jpg,0.1766,data\raw\cgmacros\CGMacros\CGMacros-003\photos\00000034-PHOTO-2020-3-16-8-14-0.jpg
00000035-PHOTO-2020-3-16-8-27-0.jpg,.jpg,0.1986,data\raw\cgmacros\CGMacros\CGMacros-003\photos\00000035-PHOTO-2020-3-16-8-27-0.jpg
00000039-PHOTO-2020-3-16-13-32-0.jpg,.jpg,0.1802,data\raw\cgmacros\CGMacros\CGMacros-003\photos\00000039-PHOTO-2020-3-16-13-32-0.jpg
00000040-PHOTO-2020-3-16-13-42-0.jpg,.jpg,0.1581,data\raw\cgmacros\CGMacros\CGMacros-003\photos\00000040-PHOTO-2020-3-16-13-42-0.jpg
00000041-PHOTO-2020-3-16-17-20-0.jpg,.jpg,0.1149,data\raw\cgmacros\CGMacros\CGMacros-003\photos\00000041-PHOTO-2020-3-16-17-20-0.jpg
00000042-PHOTO-2020-3-16-20-15-0.jpg,.jpg,0.1491,data\raw\cgmacros\CGMacros\CGMacros-003\photos\00000042-PHOTO-2020-3-16-20-15-0.jpg
00000043-PHOTO-2020-3-16-20-39-0.jpg,.jpg,0.2077,data\raw\cgmacros\CGMacros\CGMacros-003\photos\00000043-PHOTO-2020-3-16-20-39-0.jpg
00000044-PHOTO-2020-3-17-9-7-0.jpg,.jpg,0.1791,data\raw\cgmacros\CGMacros\CGMacros-003\photos\00000044-PHOTO-2020-3-17-9-7-0.jpg
00000045-PHOTO-2020-3-17-9-26-0.jpg,.jpg,0.2725,data\raw\cgmacros\CGMacros\CGMacros-003\photos\00000045-PHOTO-2020-3-17-9-26-0.jpg
00000046-PHOTO-2020-3-17-13-24-0.jpg,.jpg,0.2021,data\raw\cgmacros\CGMacros\CGMacros-003\photos\00000046-PHOTO-2020-3-17-13-24-0.jpg
00000047-PHOTO-2020-3-17-13-40-0.jpg,.jpg,0.2195,data\raw\cgmacros\CGMacros\CGMacros-003\photos\00000047-PHOTO-2020-3-17-13-40-0.jpg
00000048-PHOTO-2020-3-17-20-2-0.jpg,.jpg,0.1838,data\raw\cgmacros\CGMacros\CGMacros-003\photos\00000048-PHOTO-2020-3-17-20-2-0.jpg
00000049-PHOTO-2020-3-17-20-28-0.jpg,.jpg,0.1572,data\raw\cgmacros\CGMacros\CGMacros-003\photos\00000049-PHOTO-2020-3-17-20-28-0.jpg
00000050-PHOTO-2020-3-18-9-15-0.jpg,.jpg,0.18,data\raw\cgmacros\CGMacros\CGMacros-003\photos\00000050-PHOTO-2020-3-18-9-15-0.jpg
00000051-PHOTO-2020-3-18-9-35-0.jpg,.jpg,0.2371,data\raw\cgmacros\CGMacros\CGMacros-003\photos\00000051-PHOTO-2020-3-18-9-35-0.jpg
00000052-PHOTO-2020-3-18-13-34-0.jpg,.jpg,0.1894,data\raw\cgmacros\CGMacros\CGMacros-003\photos\00000052-PHOTO-2020-3-18-13-34-0.jpg
00000053-PHOTO-2020-3-18-13-50-0.jpg,.jpg,0.1595,data\raw\cgmacros\CGMacros\CGMacros-003\photos\00000053-PHOTO-2020-3-18-13-50-0.jpg
00000054-PHOTO-2020-3-18-16-56-0.jpg,.jpg,0.1753,data\raw\cgmacros\CGMacros\CGMacros-003\photos\00000054-PHOTO-2020-3-18-16-56-0.jpg
00000055-PHOTO-2020-3-18-20-12-0.jpg,.jpg,0.1471,data\raw\cgmacros\CGMacros\CGMacros-003\photos\00000055-PHOTO-2020-3-18-20-12-0.jpg
00000056-PHOTO-2020-3-18-20-28-0.jpg,.jpg,0.151,data\raw\cgmacros\CGMacros\CGMacros-003\photos\00000056-PHOTO-2020-3-18-20-28-0.jpg
00000057-PHOTO-2020-3-19-10-8-0.jpg,.jpg,0.253,data\raw\cgmacros\CGMacros\CGMacros-003\photos\00000057-PHOTO-2020-3-19-10-8-0.jpg
00000058-PHOTO-2020-3-19-10-34-0.jpg,.jpg,0.325,data\raw\cgmacros\CGMacros\CGMacros-003\photos\00000058-PHOTO-2020-3-19-10-34-0.jpg
00000059-PHOTO-2020-3-19-14-7-0.jpg,.jpg,0.1556,data\raw\cgmacros\CGMacros\CGMacros-003\photos\00000059-PHOTO-2020-3-19-14-7-0.jpg
00000060-PHOTO-2020-3-19-14-22-0.jpg,.jpg,0.1416,data\raw\cgmacros\CGMacros\CGMacros-003\photos\00000060-PHOTO-2020-3-19-14-22-0.jpg
00000061-PHOTO-2020-3-19-18-20-0.jpg,.jpg,0.167,data\raw\cgmacros\CGMacros\CGMacros-003\photos\00000061-PHOTO-2020-3-19-18-20-0.jpg
00000062-PHOTO-2020-3-19-19-46-0.jpg,.jpg,0.248,data\raw\cgmacros\CGMacros\CGMacros-003\photos\00000062-PHOTO-2020-3-19-19-46-0.jpg
00000063-PHOTO-2020-3-19-20-15-0.jpg,.jpg,0.3997,data\raw\cgmacros\CGMacros\CGMacros-003\photos\00000063-PHOTO-2020-3-19-20-15-0.jpg
00000064-PHOTO-2020-3-20-8-13-0.jpg,.jpg,0.1205,data\raw\cgmacros\CGMacros\CGMacros-003\photos\00000064-PHOTO-2020-3-20-8-13-0.jpg
00000065-PHOTO-2020-3-20-8-25-0.jpg,.jpg,0.2102,data\raw\cgmacros\CGMacros\CGMacros-003\photos\00000065-PHOTO-2020-3-20-8-25-0.jpg
00000066-PHOTO-2020-3-20-12-45-0.jpg,.jpg,0.1338,data\raw\cgmacros\CGMacros\CGMacros-003\photos\00000066-PHOTO-2020-3-20-12-45-0.jpg
00000067-PHOTO-2020-3-20-12-55-0.jpg,.jpg,0.1114,data\raw\cgmacros\CGMacros\CGMacros-003\photos\00000067-PHOTO-2020-3-20-12-55-0.jpg
00000068-PHOTO-2020-3-20-17-52-0.jpg,.jpg,0.0858,data\raw\cgmacros\CGMacros\CGMacros-003\photos\00000068-PHOTO-2020-3-20-17-52-0.jpg
00000069-PHOTO-2020-3-20-19-46-0.jpg,.jpg,0.2521,data\raw\cgmacros\CGMacros\CGMacros-003\photos\00000069-PHOTO-2020-3-20-19-46-0.jpg
00000070-PHOTO-2020-3-20-20-8-0.jpg,.jpg,0.2634,data\raw\cgmacros\CGMacros\CGMacros-003\photos\00000070-PHOTO-2020-3-20-20-8-0.jpg
00000071-PHOTO-2020-3-21-7-56-0.jpg,.jpg,0.1826,data\raw\cgmacros\CGMacros\CGMacros-003\photos\00000071-PHOTO-2020-3-21-7-56-0.jpg
00000072-PHOTO-2020-3-21-8-12-0.jpg,.jpg,0.2261,data\raw\cgmacros\CGMacros\CGMacros-003\photos\00000072-PHOTO-2020-3-21-8-12-0.jpg
00000002-PHOTO-2019-11-14-17-19-0.jpg,.jpg,0.0993,data\raw\cgmacros\CGMacros\CGMacros-002\photos\00000002-PHOTO-2019-11-14-17-19-0.jpg
00000003-PHOTO-2019-11-15-8-21-0.jpg,.jpg,0.1073,data\raw\cgmacros\CGMacros\CGMacros-002\photos\00000003-PHOTO-2019-11-15-8-21-0.jpg
00000004-PHOTO-2019-11-15-8-34-0.jpg,.jpg,0.1509,data\raw\cgmacros\CGMacros\CGMacros-002\photos\00000004-PHOTO-2019-11-15-8-34-0.jpg
00000005-PHOTO-2019-11-15-12-22-0.jpg,.jpg,0.2059,data\raw\cgmacros\CGMacros\CGMacros-002\photos\00000005-PHOTO-2019-11-15-12-22-0.jpg
00000006-PHOTO-2019-11-15-12-53-0.jpg,.jpg,0.2432,data\raw\cgmacros\CGMacros\CGMacros-002\photos\00000006-PHOTO-2019-11-15-12-53-0.jpg
00000007-PHOTO-2019-11-15-17-57-0.jpg,.jpg,0.1657,data\raw\cgmacros\CGMacros\CGMacros-002\photos\00000007-PHOTO-2019-11-15-17-57-0.jpg
00000008-PHOTO-2019-11-16-10-3-0.jpg,.jpg,0.163,data\raw\cgmacros\CGMacros\CGMacros-002\photos\00000008-PHOTO-2019-11-16-10-3-0.jpg
00000009-PHOTO-2019-11-16-10-19-0.jpg,.jpg,0.1506,data\raw\cgmacros\CGMacros\CGMacros-002\photos\00000009-PHOTO-2019-11-16-10-19-0.jpg
00000010-PHOTO-2019-11-16-13-27-0.jpg,.jpg,0.1783,data\raw\cgmacros\CGMacros\CGMacros-002\photos\00000010-PHOTO-2019-11-16-13-27-0.jpg
00000011-PHOTO-2019-11-16-13-27-0.jpg,.jpg,0.1519,data\raw\cgmacros\CGMacros\CGMacros-002\photos\00000011-PHOTO-2019-11-16-13-27-0.jpg
00000012-PHOTO-2019-11-16-13-55-0.jpg,.jpg,0.1209,data\raw\cgmacros\CGMacros\CGMacros-002\photos\00000012-PHOTO-2019-11-16-13-55-0.jpg
00000013-PHOTO-2019-11-16-15-21-0.jpg,.jpg,0.1222,data\raw\cgmacros\CGMacros\CGMacros-002\photos\00000013-PHOTO-2019-11-16-15-21-0.jpg
00000014-PHOTO-2019-11-16-16-2-0.jpg,.jpg,0.0407,data\raw\cgmacros\CGMacros\CGMacros-002\photos\00000014-PHOTO-2019-11-16-16-2-0.jpg
00000015-PHOTO-2019-11-16-17-14-0.jpg,.jpg,0.1925,data\raw\cgmacros\CGMacros\CGMacros-002\photos\00000015-PHOTO-2019-11-16-17-14-0.jpg
00000016-PHOTO-2019-11-16-17-31-0.jpg,.jpg,0.1287,data\raw\cgmacros\CGMacros\CGMacros-002\photos\00000016-PHOTO-2019-11-16-17-31-0.jpg
00000017-PHOTO-2019-11-16-19-18-0.jpg,.jpg,0.1068,data\raw\cgmacros\CGMacros\CGMacros-002\photos\00000017-PHOTO-2019-11-16-19-18-0.jpg
00000018-PHOTO-2019-11-16-19-18-0.jpg,.jpg,0.0897,data\raw\cgmacros\CGMacros\CGMacros-002\photos\00000018-PHOTO-2019-11-16-19-18-0.jpg
00000019-PHOTO-2019-11-16-19-32-0.jpg,.jpg,0.0855,data\raw\cgmacros\CGMacros\CGMacros-002\photos\00000019-PHOTO-2019-11-16-19-32-0.jpg
00000020-PHOTO-2019-11-17-10-33-0.jpg,.jpg,0.1637,data\raw\cgmacros\CGMacros\CGMacros-002\photos\00000020-PHOTO-2019-11-17-10-33-0.jpg
00000021-PHOTO-2019-11-17-11-8-0.jpg,.jpg,0.1054,data\raw\cgmacros\CGMacros\CGMacros-002\photos\00000021-PHOTO-2019-11-17-11-8-0.jpg
00000022-PHOTO-2019-11-17-14-24-0.jpg,.jpg,0.1854,data\raw\cgmacros\CGMacros\CGMacros-002\photos\00000022-PHOTO-2019-11-17-14-24-0.jpg
00000023-PHOTO-2019-11-17-14-50-0.jpg,.jpg,0.1347,data\raw\cgmacros\CGMacros\CGMacros-002\photos\00000023-PHOTO-2019-11-17-14-50-0.jpg
00000024-PHOTO-2019-11-17-19-34-0.jpg,.jpg,0.182,data\raw\cgmacros\CGMacros\CGMacros-002\photos\00000024-PHOTO-2019-11-17-19-34-0.jpg
00000025-PHOTO-2019-11-17-19-47-0.jpg,.jpg,0.139,data\raw\cgmacros\CGMacros\CGMacros-002\photos\00000025-PHOTO-2019-11-17-19-47-0.jpg
00000026-PHOTO-2019-11-17-19-47-0.jpg,.jpg,0.1432,data\raw\cgmacros\CGMacros\CGMacros-002\photos\00000026-PHOTO-2019-11-17-19-47-0.jpg
00000027-PHOTO-2019-11-17-19-55-0.jpg,.jpg,0.1093,data\raw\cgmacros\CGMacros\CGMacros-002\photos\00000027-PHOTO-2019-11-17-19-55-0.jpg
00000028-PHOTO-2019-11-18-9-41-0.jpg,.jpg,0.1266,data\raw\cgmacros\CGMacros\CGMacros-002\photos\00000028-PHOTO-2019-11-18-9-41-0.jpg
00000029-PHOTO-2019-11-18-9-59-0.jpg,.jpg,0.0999,data\raw\cgmacros\CGMacros\CGMacros-002\photos\00000029-PHOTO-2019-11-18-9-59-0.jpg
00000030-PHOTO-2019-11-18-13-15-0.jpg,.jpg,0.2098,data\raw\cgmacros\CGMacros\CGMacros-002\photos\00000030-PHOTO-2019-11-18-13-15-0.jpg
00000031-PHOTO-2019-11-18-14-8-0.jpg,.jpg,0.1644,data\raw\cgmacros\CGMacros\CGMacros-002\photos\00000031-PHOTO-2019-11-18-14-8-0.jpg
00000032-PHOTO-2019-11-18-18-3-0.jpg,.jpg,0.1681,data\raw\cgmacros\CGMacros\CGMacros-002\photos\00000032-PHOTO-2019-11-18-18-3-0.jpg
00000033-PHOTO-2019-11-18-18-3-0.jpg,.jpg,0.2055,data\raw\cgmacros\CGMacros\CGMacros-002\photos\00000033-PHOTO-2019-11-18-18-3-0.jpg
00000034-PHOTO-2019-11-18-18-33-0.jpg,.jpg,0.1212,data\raw\cgmacros\CGMacros\CGMacros-002\photos\00000034-PHOTO-2019-11-18-18-33-0.jpg
00000035-PHOTO-2019-11-18-18-45-0.jpg,.jpg,0.0658,data\raw\cgmacros\CGMacros\CGMacros-002\photos\00000035-PHOTO-2019-11-18-18-45-0.jpg
00000037-PHOTO-2019-11-19-9-28-0.jpg,.jpg,0.1136,data\raw\cgmacros\CGMacros\CGMacros-002\photos\00000037-PHOTO-2019-11-19-9-28-0.jpg
00000038-PHOTO-2019-11-19-9-53-0.jpg,.jpg,0.1418,data\raw\cgmacros\CGMacros\CGMacros-002\photos\00000038-PHOTO-2019-11-19-9-53-0.jpg
00000039-PHOTO-2019-11-19-13-5-0.jpg,.jpg,0.1716,data\raw\cgmacros\CGMacros\CGMacros-002\photos\00000039-PHOTO-2019-11-19-13-5-0.jpg
00000040-PHOTO-2019-11-19-13-25-0.jpg,.jpg,0.1731,data\raw\cgmacros\CGMacros\CGMacros-002\photos\00000040-PHOTO-2019-11-19-13-25-0.jpg
00000041-PHOTO-2019-11-19-19-9-0.jpg,.jpg,0.1397,data\raw\cgmacros\CGMacros\CGMacros-002\photos\00000041-PHOTO-2019-11-19-19-9-0.jpg
00000042-PHOTO-2019-11-19-19-14-0.jpg,.jpg,0.073,data\raw\cgmacros\CGMacros\CGMacros-002\photos\00000042-PHOTO-2019-11-19-19-14-0.jpg
00000043-PHOTO-2019-11-19-19-15-0.jpg,.jpg,0.1324,data\raw\cgmacros\CGMacros\CGMacros-002\photos\00000043-PHOTO-2019-11-19-19-15-0.jpg
00000044-PHOTO-2019-11-19-19-21-0.jpg,.jpg,0.1428,data\raw\cgmacros\CGMacros\CGMacros-002\photos\00000044-PHOTO-2019-11-19-19-21-0.jpg
00000045-PHOTO-2019-11-19-19-26-0.jpg,.jpg,0.134,data\raw\cgmacros\CGMacros\CGMacros-002\photos\00000045-PHOTO-2019-11-19-19-26-0.jpg
00000046-PHOTO-2019-11-19-19-38-0.jpg,.jpg,0.116,data\raw\cgmacros\CGMacros\CGMacros-002\photos\00000046-PHOTO-2019-11-19-19-38-0.jpg
00000047-PHOTO-2019-11-20-7-35-0.jpg,.jpg,0.0997,data\raw\cgmacros\CGMacros\CGMacros-002\photos\00000047-PHOTO-2019-11-20-7-35-0.jpg
00000048-PHOTO-2019-11-20-7-49-0.jpg,.jpg,0.0998,data\raw\cgmacros\CGMacros\CGMacros-002\photos\00000048-PHOTO-2019-11-20-7-49-0.jpg
00000049-PHOTO-2019-11-20-12-25-0.jpg,.jpg,0.2048,data\raw\cgmacros\CGMacros\CGMacros-002\photos\00000049-PHOTO-2019-11-20-12-25-0.jpg
00000050-PHOTO-2019-11-20-12-59-0.jpg,.jpg,0.2566,data\raw\cgmacros\CGMacros\CGMacros-002\photos\00000050-PHOTO-2019-11-20-12-59-0.jpg
00000051-PHOTO-2019-11-20-18-54-0.jpg,.jpg,0.1204,data\raw\cgmacros\CGMacros\CGMacros-002\photos\00000051-PHOTO-2019-11-20-18-54-0.jpg
00000052-PHOTO-2019-11-20-18-56-0.jpg,.jpg,0.1618,data\raw\cgmacros\CGMacros\CGMacros-002\photos\00000052-PHOTO-2019-11-20-18-56-0.jpg
00000053-PHOTO-2019-11-20-19-3-0.jpg,.jpg,0.1479,data\raw\cgmacros\CGMacros\CGMacros-002\photos\00000053-PHOTO-2019-11-20-19-3-0.jpg
00000054-PHOTO-2019-11-20-20-4-0.jpg,.jpg,0.1292,data\raw\cgmacros\CGMacros\CGMacros-002\photos\00000054-PHOTO-2019-11-20-20-4-0.jpg
00000055-PHOTO-2019-11-21-9-55-0.jpg,.jpg,0.139,data\raw\cgmacros\CGMacros\CGMacros-002\photos\00000055-PHOTO-2019-11-21-9-55-0.jpg
00000056-PHOTO-2019-11-21-10-10-0.jpg,.jpg,0.1017,data\raw\cgmacros\CGMacros\CGMacros-002\photos\00000056-PHOTO-2019-11-21-10-10-0.jpg
00000057-PHOTO-2019-11-21-13-49-0.jpg,.jpg,0.1864,data\raw\cgmacros\CGMacros\CGMacros-002\photos\00000057-PHOTO-2019-11-21-13-49-0.jpg
00000058-PHOTO-2019-11-21-14-4-0.jpg,.jpg,0.2194,data\raw\cgmacros\CGMacros\CGMacros-002\photos\00000058-PHOTO-2019-11-21-14-4-0.jpg
00000059-PHOTO-2019-11-21-18-17-0.jpg,.jpg,0.1977,data\raw\cgmacros\CGMacros\CGMacros-002\photos\00000059-PHOTO-2019-11-21-18-17-0.jpg
00000060-PHOTO-2019-11-21-18-30-0.jpg,.jpg,0.152,data\raw\cgmacros\CGMacros\CGMacros-002\photos\00000060-PHOTO-2019-11-21-18-30-0.jpg
00000061-PHOTO-2019-11-21-18-53-0.jpg,.jpg,0.0889,data\raw\cgmacros\CGMacros\CGMacros-002\photos\00000061-PHOTO-2019-11-21-18-53-0.jpg
00000062-PHOTO-2019-11-21-18-53-0.jpg,.jpg,0.1508,data\raw\cgmacros\CGMacros\CGMacros-002\photos\00000062-PHOTO-2019-11-21-18-53-0.jpg
00000063-PHOTO-2019-11-21-19-11-0.jpg,.jpg,0.1266,data\raw\cgmacros\CGMacros\CGMacros-002\photos\00000063-PHOTO-2019-11-21-19-11-0.jpg
00000064-PHOTO-2019-11-21-19-40-0.jpg,.jpg,0.1418,data\raw\cgmacros\CGMacros\CGMacros-002\photos\00000064-PHOTO-2019-11-21-19-40-0.jpg
00000065-PHOTO-2019-11-22-8-48-0.jpg,.jpg,0.0913,data\raw\cgmacros\CGMacros\CGMacros-002\photos\00000065-PHOTO-2019-11-22-8-48-0.jpg
00000066-PHOTO-2019-11-22-9-3-0.jpg,.jpg,0.1299,data\raw\cgmacros\CGMacros\CGMacros-002\photos\00000066-PHOTO-2019-11-22-9-3-0.jpg
00000067-PHOTO-2019-11-22-13-16-0.jpg,.jpg,0.3532,data\raw\cgmacros\CGMacros\CGMacros-002\photos\00000067-PHOTO-2019-11-22-13-16-0.jpg
00000068-PHOTO-2019-11-22-14-35-0.jpg,.jpg,0.2106,data\raw\cgmacros\CGMacros\CGMacros-002\photos\00000068-PHOTO-2019-11-22-14-35-0.jpg
00000069-PHOTO-2019-11-22-18-50-0.jpg,.jpg,0.1247,data\raw\cgmacros\CGMacros\CGMacros-002\photos\00000069-PHOTO-2019-11-22-18-50-0.jpg
00000070-PHOTO-2019-11-22-19-11-0.jpg,.jpg,0.3182,data\raw\cgmacros\CGMacros\CGMacros-002\photos\00000070-PHOTO-2019-11-22-19-11-0.jpg
00000071-PHOTO-2019-11-23-9-59-0.jpg,.jpg,0.1361,data\raw\cgmacros\CGMacros\CGMacros-002\photos\00000071-PHOTO-2019-11-23-9-59-0.jpg
00000072-PHOTO-2019-11-23-10-15-0.jpg,.jpg,0.1388,data\raw\cgmacros\CGMacros\CGMacros-002\photos\00000072-PHOTO-2019-11-23-10-15-0.jpg
00000073-PHOTO-2019-11-23-14-30-0.jpg,.jpg,0.3436,data\raw\cgmacros\CGMacros\CGMacros-002\photos\00000073-PHOTO-2019-11-23-14-30-0.jpg
00000074-PHOTO-2019-11-23-14-48-0.jpg,.jpg,0.2784,data\raw\cgmacros\CGMacros\CGMacros-002\photos\00000074-PHOTO-2019-11-23-14-48-0.jpg
00000075-PHOTO-2019-11-23-19-4-0.jpg,.jpg,0.2517,data\raw\cgmacros\CGMacros\CGMacros-002\photos\00000075-PHOTO-2019-11-23-19-4-0.jpg
00000076-PHOTO-2019-11-23-19-15-0.jpg,.jpg,0.2172,data\raw\cgmacros\CGMacros\CGMacros-002\photos\00000076-PHOTO-2019-11-23-19-15-0.jpg
00000077-PHOTO-2019-11-23-19-21-0.jpg,.jpg,0.2434,data\raw\cgmacros\CGMacros\CGMacros-002\photos\00000077-PHOTO-2019-11-23-19-21-0.jpg
00000078-PHOTO-2019-11-23-19-21-0.jpg,.jpg,0.1201,data\raw\cgmacros\CGMacros\CGMacros-002\photos\00000078-PHOTO-2019-11-23-19-21-0.jpg
00000079-PHOTO-2019-11-23-19-45-0.jpg,.jpg,0.2253,data\raw\cgmacros\CGMacros\CGMacros-002\photos\00000079-PHOTO-2019-11-23-19-45-0.jpg
00000080-PHOTO-2019-11-24-8-9-0.jpg,.jpg,0.0768,data\raw\cgmacros\CGMacros\CGMacros-002\photos\00000080-PHOTO-2019-11-24-8-9-0.jpg
00000081-PHOTO-2019-11-24-8-26-0.jpg,.jpg,0.1155,data\raw\cgmacros\CGMacros\CGMacros-002\photos\00000081-PHOTO-2019-11-24-8-26-0.jpg
00000082-PHOTO-2019-11-24-15-54-0.jpg,.jpg,0.1816,data\raw\cgmacros\CGMacros\CGMacros-002\photos\00000082-PHOTO-2019-11-24-15-54-0.jpg
00000083-PHOTO-2019-11-24-15-54-0.jpg,.jpg,0.1161,data\raw\cgmacros\CGMacros\CGMacros-002\photos\00000083-PHOTO-2019-11-24-15-54-0.jpg
00000084-PHOTO-2019-11-24-17-58-0.jpg,.jpg,0.1767,data\raw\cgmacros\CGMacros\CGMacros-002\photos\00000084-PHOTO-2019-11-24-17-58-0.jpg
00000085-PHOTO-2019-11-24-18-12-0.jpg,.jpg,0.1685,data\raw\cgmacros\CGMacros\CGMacros-002\photos\00000085-PHOTO-2019-11-24-18-12-0.jpg
00000087-PHOTO-2019-11-24-18-18-0.jpg,.jpg,0.0625,data\raw\cgmacros\CGMacros\CGMacros-002\photos\00000087-PHOTO-2019-11-24-18-18-0.jpg
00000088-PHOTO-2019-11-24-18-38-0.jpg,.jpg,0.1058,data\raw\cgmacros\CGMacros\CGMacros-002\photos\00000088-PHOTO-2019-11-24-18-38-0.jpg
00000089-PHOTO-2019-11-25-8-23-0.jpg,.jpg,0.0902,data\raw\cgmacros\CGMacros\CGMacros-002\photos\00000089-PHOTO-2019-11-25-8-23-0.jpg
00000090-PHOTO-2019-11-25-8-41-0.jpg,.jpg,0.0985,data\raw\cgmacros\CGMacros\CGMacros-002\photos\00000090-PHOTO-2019-11-25-8-41-0.jpg
00000002-PHOTO-2020-4-30-8-53-0.jpg,.jpg,0.1389,data\raw\cgmacros\CGMacros\CGMacros-001\photos\00000002-PHOTO-2020-4-30-8-53-0.jpg
00000003-PHOTO-2020-5-1-11-21-0.jpg,.jpg,0.1474,data\raw\cgmacros\CGMacros\CGMacros-001\photos\00000003-PHOTO-2020-5-1-11-21-0.jpg
00000004-PHOTO-2020-5-1-11-22-0.jpg,.jpg,0.2825,data\raw\cgmacros\CGMacros\CGMacros-001\photos\00000004-PHOTO-2020-5-1-11-22-0.jpg
00000005-PHOTO-2020-5-1-14-23-0.jpg,.jpg,0.1672,data\raw\cgmacros\CGMacros\CGMacros-001\photos\00000005-PHOTO-2020-5-1-14-23-0.jpg
00000006-PHOTO-2020-5-1-14-53-0.jpg,.jpg,0.2518,data\raw\cgmacros\CGMacros\CGMacros-001\photos\00000006-PHOTO-2020-5-1-14-53-0.jpg
00000007-PHOTO-2020-5-1-20-48-0.jpg,.jpg,0.1593,data\raw\cgmacros\CGMacros\CGMacros-001\photos\00000007-PHOTO-2020-5-1-20-48-0.jpg
00000008-PHOTO-2020-5-1-20-57-0.jpg,.jpg,0.1538,data\raw\cgmacros\CGMacros\CGMacros-001\photos\00000008-PHOTO-2020-5-1-20-57-0.jpg
00000009-PHOTO-2020-5-1-21-5-0.jpg,.jpg,0.1388,data\raw\cgmacros\CGMacros\CGMacros-001\photos\00000009-PHOTO-2020-5-1-21-5-0.jpg
00000010-PHOTO-2020-5-2-8-18-0.jpg,.jpg,0.1716,data\raw\cgmacros\CGMacros\CGMacros-001\photos\00000010-PHOTO-2020-5-2-8-18-0.jpg
00000011-PHOTO-2020-5-2-8-41-0.jpg,.jpg,0.1812,data\raw\cgmacros\CGMacros\CGMacros-001\photos\00000011-PHOTO-2020-5-2-8-41-0.jpg
00000012-PHOTO-2020-5-2-12-0-0.jpg,.jpg,0.3048,data\raw\cgmacros\CGMacros\CGMacros-001\photos\00000012-PHOTO-2020-5-2-12-0-0.jpg
00000013-PHOTO-2020-5-2-12-24-0.jpg,.jpg,0.3265,data\raw\cgmacros\CGMacros\CGMacros-001\photos\00000013-PHOTO-2020-5-2-12-24-0.jpg
00000014-PHOTO-2020-5-2-16-37-0.jpg,.jpg,0.3136,data\raw\cgmacros\CGMacros\CGMacros-001\photos\00000014-PHOTO-2020-5-2-16-37-0.jpg
00000015-PHOTO-2020-5-2-16-37-0.jpg,.jpg,0.1898,data\raw\cgmacros\CGMacros\CGMacros-001\photos\00000015-PHOTO-2020-5-2-16-37-0.jpg
00000016-PHOTO-2020-5-2-19-52-0.jpg,.jpg,0.3519,data\raw\cgmacros\CGMacros\CGMacros-001\photos\00000016-PHOTO-2020-5-2-19-52-0.jpg
00000017-PHOTO-2020-5-2-20-10-0.jpg,.jpg,0.1525,data\raw\cgmacros\CGMacros\CGMacros-001\photos\00000017-PHOTO-2020-5-2-20-10-0.jpg
00000018-PHOTO-2020-5-3-0-3-0.jpg,.jpg,0.2491,data\raw\cgmacros\CGMacros\CGMacros-001\photos\00000018-PHOTO-2020-5-3-0-3-0.jpg
00000019-PHOTO-2020-5-3-9-7-0.jpg,.jpg,0.3128,data\raw\cgmacros\CGMacros\CGMacros-001\photos\00000019-PHOTO-2020-5-3-9-7-0.jpg
00000020-PHOTO-2020-5-3-9-50-0.jpg,.jpg,0.2174,data\raw\cgmacros\CGMacros\CGMacros-001\photos\00000020-PHOTO-2020-5-3-9-50-0.jpg
00000021-PHOTO-2020-5-3-14-51-0.jpg,.jpg,0.2947,data\raw\cgmacros\CGMacros\CGMacros-001\photos\00000021-PHOTO-2020-5-3-14-51-0.jpg
00000022-PHOTO-2020-5-3-15-20-0.jpg,.jpg,0.2564,data\raw\cgmacros\CGMacros\CGMacros-001\photos\00000022-PHOTO-2020-5-3-15-20-0.jpg
00000023-PHOTO-2020-5-3-20-2-0.jpg,.jpg,0.1735,data\raw\cgmacros\CGMacros\CGMacros-001\photos\00000023-PHOTO-2020-5-3-20-2-0.jpg
00000024-PHOTO-2020-5-3-20-10-0.jpg,.jpg,0.1528,data\raw\cgmacros\CGMacros\CGMacros-001\photos\00000024-PHOTO-2020-5-3-20-10-0.jpg
00000025-PHOTO-2020-5-3-20-11-0.jpg,.jpg,0.0749,data\raw\cgmacros\CGMacros\CGMacros-001\photos\00000025-PHOTO-2020-5-3-20-11-0.jpg
00000026-PHOTO-2020-5-3-20-48-0.jpg,.jpg,0.1914,data\raw\cgmacros\CGMacros\CGMacros-001\photos\00000026-PHOTO-2020-5-3-20-48-0.jpg
00000027-PHOTO-2020-5-3-21-56-0.jpg,.jpg,0.236,data\raw\cgmacros\CGMacros\CGMacros-001\photos\00000027-PHOTO-2020-5-3-21-56-0.jpg
00000028-PHOTO-2020-5-3-22-26-0.jpg,.jpg,0.1906,data\raw\cgmacros\CGMacros\CGMacros-001\photos\00000028-PHOTO-2020-5-3-22-26-0.jpg
00000029-PHOTO-2020-5-3-22-34-0.jpg,.jpg,0.122,data\raw\cgmacros\CGMacros\CGMacros-001\photos\00000029-PHOTO-2020-5-3-22-34-0.jpg
00000030-PHOTO-2020-5-4-9-17-0.jpg,.jpg,0.1933,data\raw\cgmacros\CGMacros\CGMacros-001\photos\00000030-PHOTO-2020-5-4-9-17-0.jpg
00000031-PHOTO-2020-5-4-9-34-0.jpg,.jpg,0.239,data\raw\cgmacros\CGMacros\CGMacros-001\photos\00000031-PHOTO-2020-5-4-9-34-0.jpg
00000032-PHOTO-2020-5-4-12-59-0.jpg,.jpg,0.1354,data\raw\cgmacros\CGMacros\CGMacros-001\photos\00000032-PHOTO-2020-5-4-12-59-0.jpg
00000033-PHOTO-2020-5-4-13-9-0.jpg,.jpg,0.3816,data\raw\cgmacros\CGMacros\CGMacros-001\photos\00000033-PHOTO-2020-5-4-13-9-0.jpg
00000034-PHOTO-2020-5-4-17-26-0.jpg,.jpg,0.105,data\raw\cgmacros\CGMacros\CGMacros-001\photos\00000034-PHOTO-2020-5-4-17-26-0.jpg
00000035-PHOTO-2020-5-4-19-42-0.jpg,.jpg,0.3002,data\raw\cgmacros\CGMacros\CGMacros-001\photos\00000035-PHOTO-2020-5-4-19-42-0.jpg
00000036-PHOTO-2020-5-4-20-15-0.jpg,.jpg,0.2325,data\raw\cgmacros\CGMacros\CGMacros-001\photos\00000036-PHOTO-2020-5-4-20-15-0.jpg
00000037-PHOTO-2020-5-4-20-15-0.jpg,.jpg,0.2716,data\raw\cgmacros\CGMacros\CGMacros-001\photos\00000037-PHOTO-2020-5-4-20-15-0.jpg
00000038-PHOTO-2020-5-4-21-47-0.jpg,.jpg,0.285,data\raw\cgmacros\CGMacros\CGMacros-001\photos\00000038-PHOTO-2020-5-4-21-47-0.jpg
00000039-PHOTO-2020-5-4-21-49-0.jpg,.jpg,0.3052,data\raw\cgmacros\CGMacros\CGMacros-001\photos\00000039-PHOTO-2020-5-4-21-49-0.jpg
00000040-PHOTO-2020-5-5-9-22-0.jpg,.jpg,0.2483,data\raw\cgmacros\CGMacros\CGMacros-001\photos\00000040-PHOTO-2020-5-5-9-22-0.jpg
00000041-PHOTO-2020-5-5-9-46-0.jpg,.jpg,0.1618,data\raw\cgmacros\CGMacros\CGMacros-001\photos\00000041-PHOTO-2020-5-5-9-46-0.jpg
00000042-PHOTO-2020-5-5-13-16-0.jpg,.jpg,0.2882,data\raw\cgmacros\CGMacros\CGMacros-001\photos\00000042-PHOTO-2020-5-5-13-16-0.jpg
00000043-PHOTO-2020-5-5-13-50-0.jpg,.jpg,0.2831,data\raw\cgmacros\CGMacros\CGMacros-001\photos\00000043-PHOTO-2020-5-5-13-50-0.jpg
00000044-PHOTO-2020-5-5-21-5-0.jpg,.jpg,0.3178,data\raw\cgmacros\CGMacros\CGMacros-001\photos\00000044-PHOTO-2020-5-5-21-5-0.jpg
00000045-PHOTO-2020-5-5-21-18-0.jpg,.jpg,0.3231,data\raw\cgmacros\CGMacros\CGMacros-001\photos\00000045-PHOTO-2020-5-5-21-18-0.jpg
00000046-PHOTO-2020-5-5-21-18-0.jpg,.jpg,0.3086,data\raw\cgmacros\CGMacros\CGMacros-001\photos\00000046-PHOTO-2020-5-5-21-18-0.jpg
00000047-PHOTO-2020-5-6-8-54-0.jpg,.jpg,0.2298,data\raw\cgmacros\CGMacros\CGMacros-001\photos\00000047-PHOTO-2020-5-6-8-54-0.jpg
00000048-PHOTO-2020-5-6-9-7-0.jpg,.jpg,0.2372,data\raw\cgmacros\CGMacros\CGMacros-001\photos\00000048-PHOTO-2020-5-6-9-7-0.jpg
00000049-PHOTO-2020-5-6-12-25-0.jpg,.jpg,0.2353,data\raw\cgmacros\CGMacros\CGMacros-001\photos\00000049-PHOTO-2020-5-6-12-25-0.jpg
00000050-PHOTO-2020-5-6-13-17-0.jpg,.jpg,0.1816,data\raw\cgmacros\CGMacros\CGMacros-001\photos\00000050-PHOTO-2020-5-6-13-17-0.jpg
00000051-PHOTO-2020-5-6-19-56-0.jpg,.jpg,0.1364,data\raw\cgmacros\CGMacros\CGMacros-001\photos\00000051-PHOTO-2020-5-6-19-56-0.jpg
00000052-PHOTO-2020-5-6-20-58-0.jpg,.jpg,0.1131,data\raw\cgmacros\CGMacros\CGMacros-001\photos\00000052-PHOTO-2020-5-6-20-58-0.jpg
00000053-PHOTO-2020-5-6-20-58-0.jpg,.jpg,0.135,data\raw\cgmacros\CGMacros\CGMacros-001\photos\00000053-PHOTO-2020-5-6-20-58-0.jpg
00000054-PHOTO-2020-5-6-21-19-0.jpg,.jpg,0.1386,data\raw\cgmacros\CGMacros\CGMacros-001\photos\00000054-PHOTO-2020-5-6-21-19-0.jpg
00000055-PHOTO-2020-5-7-10-7-0.jpg,.jpg,0.253,data\raw\cgmacros\CGMacros\CGMacros-001\photos\00000055-PHOTO-2020-5-7-10-7-0.jpg
00000056-PHOTO-2020-5-7-10-25-0.jpg,.jpg,0.2613,data\raw\cgmacros\CGMacros\CGMacros-001\photos\00000056-PHOTO-2020-5-7-10-25-0.jpg
00000057-PHOTO-2020-5-7-14-12-0.jpg,.jpg,0.3139,data\raw\cgmacros\CGMacros\CGMacros-001\photos\00000057-PHOTO-2020-5-7-14-12-0.jpg
00000058-PHOTO-2020-5-7-15-41-0.jpg,.jpg,0.3081,data\raw\cgmacros\CGMacros\CGMacros-001\photos\00000058-PHOTO-2020-5-7-15-41-0.jpg
00000059-PHOTO-2020-5-7-19-36-0.jpg,.jpg,0.1381,data\raw\cgmacros\CGMacros\CGMacros-001\photos\00000059-PHOTO-2020-5-7-19-36-0.jpg
00000060-PHOTO-2020-5-7-19-45-0.jpg,.jpg,0.1477,data\raw\cgmacros\CGMacros\CGMacros-001\photos\00000060-PHOTO-2020-5-7-19-45-0.jpg
00000061-PHOTO-2020-5-7-21-50-0.jpg,.jpg,0.0941,data\raw\cgmacros\CGMacros\CGMacros-001\photos\00000061-PHOTO-2020-5-7-21-50-0.jpg
00000062-PHOTO-2020-5-7-22-0-0.jpg,.jpg,0.0641,data\raw\cgmacros\CGMacros\CGMacros-001\photos\00000062-PHOTO-2020-5-7-22-0-0.jpg
00000063-PHOTO-2020-5-8-9-58-0.jpg,.jpg,0.2868,data\raw\cgmacros\CGMacros\CGMacros-001\photos\00000063-PHOTO-2020-5-8-9-58-0.jpg
00000064-PHOTO-2020-5-8-10-11-0.jpg,.jpg,0.2853,data\raw\cgmacros\CGMacros\CGMacros-001\photos\00000064-PHOTO-2020-5-8-10-11-0.jpg
00000065-PHOTO-2020-5-8-13-26-0.jpg,.jpg,0.2279,data\raw\cgmacros\CGMacros\CGMacros-001\photos\00000065-PHOTO-2020-5-8-13-26-0.jpg
00000066-PHOTO-2020-5-8-13-48-0.jpg,.jpg,0.1462,data\raw\cgmacros\CGMacros\CGMacros-001\photos\00000066-PHOTO-2020-5-8-13-48-0.jpg
00000067-PHOTO-2020-5-8-20-16-0.jpg,.jpg,0.1324,data\raw\cgmacros\CGMacros\CGMacros-001\photos\00000067-PHOTO-2020-5-8-20-16-0.jpg
00000068-PHOTO-2020-5-8-20-22-0.jpg,.jpg,0.1024,data\raw\cgmacros\CGMacros\CGMacros-001\photos\00000068-PHOTO-2020-5-8-20-22-0.jpg
00000069-PHOTO-2020-5-8-20-37-0.jpg,.jpg,0.0665,data\raw\cgmacros\CGMacros\CGMacros-001\photos\00000069-PHOTO-2020-5-8-20-37-0.jpg
00000070-PHOTO-2020-5-8-20-37-0.jpg,.jpg,0.146,data\raw\cgmacros\CGMacros\CGMacros-001\photos\00000070-PHOTO-2020-5-8-20-37-0.jpg
00000071-PHOTO-2020-5-8-21-19-0.jpg,.jpg,0.0908,data\raw\cgmacros\CGMacros\CGMacros-001\photos\00000071-PHOTO-2020-5-8-21-19-0.jpg
00000072-PHOTO-2020-5-8-22-29-0.jpg,.jpg,0.116,data\raw\cgmacros\CGMacros\CGMacros-001\photos\00000072-PHOTO-2020-5-8-22-29-0.jpg
00000073-PHOTO-2020-5-8-23-24-0.jpg,.jpg,0.1407,data\raw\cgmacros\CGMacros\CGMacros-001\photos\00000073-PHOTO-2020-5-8-23-24-0.jpg
00000074-PHOTO-2020-5-9-9-35-0.jpg,.jpg,0.115,data\raw\cgmacros\CGMacros\CGMacros-001\photos\00000074-PHOTO-2020-5-9-9-35-0.jpg
00000075-PHOTO-2020-5-9-9-55-0.jpg,.jpg,0.1496,data\raw\cgmacros\CGMacros\CGMacros-001\photos\00000075-PHOTO-2020-5-9-9-55-0.jpg
00000077-PHOTO-2020-5-9-13-46-0.jpg,.jpg,0.3536,data\raw\cgmacros\CGMacros\CGMacros-001\photos\00000077-PHOTO-2020-5-9-13-46-0.jpg
00000078-PHOTO-2020-5-9-13-59-0.jpg,.jpg,0.2737,data\raw\cgmacros\CGMacros\CGMacros-001\photos\00000078-PHOTO-2020-5-9-13-59-0.jpg
00000079-PHOTO-2020-5-9-18-26-0.jpg,.jpg,0.1469,data\raw\cgmacros\CGMacros\CGMacros-001\photos\00000079-PHOTO-2020-5-9-18-26-0.jpg
00000080-PHOTO-2020-5-9-18-41-0.jpg,.jpg,0.1356,data\raw\cgmacros\CGMacros\CGMacros-001\photos\00000080-PHOTO-2020-5-9-18-41-0.jpg
00000081-PHOTO-2020-5-9-19-28-0.jpg,.jpg,0.1223,data\raw\cgmacros\CGMacros\CGMacros-001\photos\00000081-PHOTO-2020-5-9-19-28-0.jpg
00000082-PHOTO-2020-5-9-22-23-0.jpg,.jpg,0.1562,data\raw\cgmacros\CGMacros\CGMacros-001\photos\00000082-PHOTO-2020-5-9-22-23-0.jpg
00000083-PHOTO-2020-5-10-9-27-0.jpg,.jpg,0.2524,data\raw\cgmacros\CGMacros\CGMacros-001\photos\00000083-PHOTO-2020-5-10-9-27-0.jpg
00000084-PHOTO-2020-5-10-9-46-0.jpg,.jpg,0.2657,data\raw\cgmacros\CGMacros\CGMacros-001\photos\00000084-PHOTO-2020-5-10-9-46-0.jpg
00000085-PHOTO-2020-5-10-12-47-0.jpg,.jpg,0.1394,data\raw\cgmacros\CGMacros\CGMacros-001\photos\00000085-PHOTO-2020-5-10-12-47-0.jpg
00000086-PHOTO-2020-5-10-12-59-0.jpg,.jpg,0.1782,data\raw\cgmacros\CGMacros\CGMacros-001\photos\00000086-PHOTO-2020-5-10-12-59-0.jpg
00000087-PHOTO-2020-5-10-19-59-0.jpg,.jpg,0.1511,data\raw\cgmacros\CGMacros\CGMacros-001\photos\00000087-PHOTO-2020-5-10-19-59-0.jpg
00000088-PHOTO-2020-5-10-19-59-0.jpg,.jpg,0.2646,data\raw\cgmacros\CGMacros\CGMacros-001\photos\00000088-PHOTO-2020-5-10-19-59-0.jpg
00000089-PHOTO-2020-5-10-21-11-0.jpg,.jpg,0.0956,data\raw\cgmacros\CGMacros\CGMacros-001\photos\00000089-PHOTO-2020-5-10-21-11-0.jpg
00000090-PHOTO-2020-5-10-21-12-0.jpg,.jpg,0.3023,data\raw\cgmacros\CGMacros\CGMacros-001\photos\00000090-PHOTO-2020-5-10-21-12-0.jpg
00000091-PHOTO-2020-5-11-10-58-0.jpg,.jpg,0.2189,data\raw\cgmacros\CGMacros\CGMacros-001\photos\00000091-PHOTO-2020-5-11-10-58-0.jpg
00000092-PHOTO-2020-5-11-11-21-0.jpg,.jpg,0.2464,data\raw\cgmacros\CGMacros\CGMacros-001\photos\00000092-PHOTO-2020-5-11-11-21-0.jpg
